Sequence,Task ID,Epic,Epic name,Title,Priority,Estimated hours,Dependencies,Domains,Source mapping,Repository evidence,Affected components,Primary invariant,Acceptance criteria,Completion state
1,T1.1.1,E1,"Evidence, baseline, and authority reconciliation",Freeze the active ATLAS ref and repository authority map,P0,12,None,{EVIDENCE} {ARCHITECTURE} {RELEASE},PREDECESSOR-PACKAGE:ATLAS_Production_TODO_Package.zip@sha256:ca960729b67579b1b08fdedea786feb4594d0649353521c9dbcaf0f2fdb2d09f; Earlier deep-review refinement incorporated under latest-ZIP authority; LATEST-ZIP:ATLAS_Assessment_Package.zip; PROMPT:Pasted markdown.md:Evidence hierarchy and baseline freeze; PROMPT:Pasted markdown (2).md:Stages 1-4; PDF:p.1-34,"Evidence mode: ATTACHED-SNAPSHOT; canonical predecessor production package sha256=ca960729b67579b1b08fdedea786feb4594d0649353521c9dbcaf0f2fdb2d09f; embedded architecture package sha256=c2571cf6f6582a3e86f487e7ae817641d3b74e4425fe49e97889c9a29d9f9b97.; Public ATLAS main page retrieved 2026-08-21 shows branch `main`, 35 commits, the expected root tree, current README, and documented limitations; frozen code baseline remains Runndownn/ATLAS@efa547cafc64b58d60d19dcc1e5ba32c6b046bc5; exact current HEAD/dirty state requires T1.1.1.; Latest architecture and earlier deep-review material support this refinement: LATEST-ZIP:ATLAS_Assessment_Package.zip; PROMPT:Pasted markdown.md:Evidence hierarchy and baseline freeze; PROMPT:Pasted markdown (2).md:Stages 1-4.; This is a planning decomposition/new support capability, not a claim that the current repository implements it.","repository root / Git metadata [reuse]; AGENTS.md, CONTRIBUTING*, SECURITY*, ADRs, CI and plan templates [reuse]; planning/ATLAS production evidence map [create]","The baseline record contains the exact current SHA, branch, dirty-state summary, repository inventory hash, and source-package hash.","The baseline record contains the exact current SHA, branch, dirty-state summary, repository inventory hash, and source-package hash.; Every ZIP-cited ATLAS path/symbol is classified as present, moved, replaced, removed, or unverified.; A command matrix identifies the exact repository-native validation commands, working directory, prerequisites, and expected result class.; No production source file is modified.",incomplete
2,T1.1.2,E1,"Evidence, baseline, and authority reconciliation",Revalidate all product-direction requirements against the attached PDF,P0,8,None,{EVIDENCE} {ARCHITECTURE} {PROVENANCE},PREDECESSOR-PACKAGE:ATLAS_Production_TODO_Package.zip@sha256:ca960729b67579b1b08fdedea786feb4594d0649353521c9dbcaf0f2fdb2d09f; Earlier deep-review refinement incorporated under latest-ZIP authority; LATEST-ZIP:ATLAS_Assessment_Package.zip; PROMPT:Pasted markdown.md:Evidence hierarchy and baseline freeze; PROMPT:Pasted markdown (2).md:Stages 1-4; PDF:p.1-34,"Evidence mode: ATTACHED-SNAPSHOT; canonical predecessor production package sha256=ca960729b67579b1b08fdedea786feb4594d0649353521c9dbcaf0f2fdb2d09f; embedded architecture package sha256=c2571cf6f6582a3e86f487e7ae817641d3b74e4425fe49e97889c9a29d9f9b97.; Public ATLAS main page retrieved 2026-08-21 shows branch `main`, 35 commits, the expected root tree, current README, and documented limitations; frozen code baseline remains Runndownn/ATLAS@efa547cafc64b58d60d19dcc1e5ba32c6b046bc5; exact current HEAD/dirty state requires T1.1.1.; Latest architecture and earlier deep-review material support this refinement: LATEST-ZIP:ATLAS_Assessment_Package.zip; PROMPT:Pasted markdown.md:Evidence hierarchy and baseline freeze; PROMPT:Pasted markdown (2).md:Stages 1-4.; This is a planning decomposition/new support capability, not a claim that the current repository implements it.",ATLAS.pdf [reuse]; ATLAS_Requirements_Register.csv [migrate]; planning/ATLAS PDF evidence index [create],"All 30 requirements have a verified page range, status, mapped production task IDs, and an ambiguity field.","All 30 requirements have a verified page range, status, mapped production task IDs, and an ambiguity field.; The end-state and lifecycle diagrams are summarized without contradicting the attached visuals.; The previous `PDF not independently accessible` limitation is explicitly closed for this planning run.; No PDF statement is promoted to current implementation fact.",incomplete
3,T1.1.3,E1,"Evidence, baseline, and authority reconciliation",Restore and revalidate the Yggdrasil donor baseline and license provenance,P0,12,None,{EVIDENCE} {ARCHITECTURE} {SECURITY} {COMPATIBILITY},PREDECESSOR-PACKAGE:ATLAS_Production_TODO_Package.zip@sha256:ca960729b67579b1b08fdedea786feb4594d0649353521c9dbcaf0f2fdb2d09f; Earlier deep-review refinement incorporated under latest-ZIP authority; LATEST-ZIP:ATLAS_Assessment_Package.zip; PROMPT:Pasted markdown.md:Evidence hierarchy and baseline freeze; PROMPT:Pasted markdown (2).md:Stages 1-4; PDF:p.1-34,"Evidence mode: ATTACHED-SNAPSHOT; canonical predecessor production package sha256=ca960729b67579b1b08fdedea786feb4594d0649353521c9dbcaf0f2fdb2d09f; embedded architecture package sha256=c2571cf6f6582a3e86f487e7ae817641d3b74e4425fe49e97889c9a29d9f9b97.; Public ATLAS main page retrieved 2026-08-21 shows branch `main`, 35 commits, the expected root tree, current README, and documented limitations; frozen code baseline remains Runndownn/ATLAS@efa547cafc64b58d60d19dcc1e5ba32c6b046bc5; exact current HEAD/dirty state requires T1.1.1.; Latest architecture and earlier deep-review material support this refinement: LATEST-ZIP:ATLAS_Assessment_Package.zip; PROMPT:Pasted markdown.md:Evidence hierarchy and baseline freeze; PROMPT:Pasted markdown (2).md:Stages 1-4.; This is a planning decomposition/new support capability, not a claim that the current repository implements it.",Runndownn/Yggdrasil@2b0c51b6132c2a16e63fc2e2de2d2b4598b5fe40 [reuse]; ATLAS donor integration map [migrate]; planning/donor-provenance.json [create],"Every donor integration row has a verified path/symbol, commit, dependency set, license note, and final disposition.","Every donor integration row has a verified path/symbol, commit, dependency set, license note, and final disposition.; Tests worth porting are named with the ATLAS invariant they prove.; No donor mechanism is designated `REUSE` without an exact source and compatibility assessment.; Unavailable evidence remains `UNRESOLVED` and blocks code transplantation.",incomplete
4,T1.1.4,E1,"Evidence, baseline, and authority reconciliation",Publish the canonical component-ownership and scope boundary matrix,P0,10,"T1.1.1, T1.1.2, T1.1.3",{ARCHITECTURE} {EVIDENCE} {SECURITY} {COMPATIBILITY},PREDECESSOR-PACKAGE:ATLAS_Production_TODO_Package.zip@sha256:ca960729b67579b1b08fdedea786feb4594d0649353521c9dbcaf0f2fdb2d09f; Earlier deep-review refinement incorporated under latest-ZIP authority; LATEST-ZIP:ATLAS_Assessment_Package.zip; PROMPT:Pasted markdown.md:Evidence hierarchy and baseline freeze; PROMPT:Pasted markdown (2).md:Stages 1-4; PDF:p.1-34,"Evidence mode: ATTACHED-SNAPSHOT; canonical predecessor production package sha256=ca960729b67579b1b08fdedea786feb4594d0649353521c9dbcaf0f2fdb2d09f; embedded architecture package sha256=c2571cf6f6582a3e86f487e7ae817641d3b74e4425fe49e97889c9a29d9f9b97.; Public ATLAS main page retrieved 2026-08-21 shows branch `main`, 35 commits, the expected root tree, current README, and documented limitations; frozen code baseline remains Runndownn/ATLAS@efa547cafc64b58d60d19dcc1e5ba32c6b046bc5; exact current HEAD/dirty state requires T1.1.1.; Latest architecture and earlier deep-review material support this refinement: LATEST-ZIP:ATLAS_Assessment_Package.zip; PROMPT:Pasted markdown.md:Evidence hierarchy and baseline freeze; PROMPT:Pasted markdown (2).md:Stages 1-4.; This is a planning decomposition/new support capability, not a claim that the current repository implements it.",ATLAS_Evidence_Driven_Architecture_Blueprint.md sections 8-17 [reuse]; Pasted markdown (2).md Stages 1-5 [reuse]; docs/architecture/component-responsibility-matrix.md [create],Every authoritative record and transition has exactly one named owner.,Every authoritative record and transition has exactly one named owner.; All helper candidates are classified with rationale and mapped to a task or explicit rejection.; The matrix preserves fixed A-F barriers and separates mechanism from deployment policy.; The matrix is reviewed before module creation begins.,incomplete
5,T2.1.1,E2,Deterministic current-behavior characterization,Define the versioned characterization fixture manifest,P0,8,T1.1.4,{EVIDENCE} {RELEASE} {SECURITY},PREDECESSOR-PACKAGE:ATLAS_Production_TODO_Package.zip@sha256:ca960729b67579b1b08fdedea786feb4594d0649353521c9dbcaf0f2fdb2d09f; LATEST-ZIP:ATLAS_Task_Registry.json:AT-001; LATEST-ZIP:ATLAS_Evidence_Ledger.csv:GAP-001..GAP-015; PDF:p.10-14,"Evidence mode: ATTACHED-SNAPSHOT; canonical predecessor production package sha256=ca960729b67579b1b08fdedea786feb4594d0649353521c9dbcaf0f2fdb2d09f; embedded architecture package sha256=c2571cf6f6582a3e86f487e7ae817641d3b74e4425fe49e97889c9a29d9f9b97.; Public ATLAS main page retrieved 2026-08-21 shows branch `main`, 35 commits, the expected root tree, current README, and documented limitations; frozen code baseline remains Runndownn/ATLAS@efa547cafc64b58d60d19dcc1e5ba32c6b046bc5; exact current HEAD/dirty state requires T1.1.1.; Canonical macro task AT-001: Establish deterministic current-behavior characterization; evidence: GAP-001, GAP-002, GAP-003, GAP-004, GAP-006, GAP-007, GAP-009; [ATLAS-TEST:efa547cafc64b58d60d19dcc1e5ba32c6b046bc5:tests/test_runtime.py:L18-L144]; [ATLAS-TEST:efa547cafc64b58d60d19dcc1e5ba32c6b046bc5:tests/test_orchestrator.py:L103-L111]; Canonical proposed files/interfaces: Existing `tests/`; create `tests/characterization/`, versioned fixtures under `tests/fixtures/v0_1/`; no production-file behavior changes in this task. / Versioned fixture manifest: `{fixture_id, requirement_ids, gap_ids, setup, command_or_api, expected_current, expected_target, cleanup}`. No public runtime API change.",tests/characterization/manifest.schema.json [create]; tests/fixtures/v0_1/ [create]; tests/characterization/conftest.py [create],The manifest schema validates all baseline fixtures and rejects missing GAP/REQ lineage.,"The manifest schema validates all baseline fixtures and rejects missing GAP/REQ lineage.; Every GAP-001 through GAP-015 has a fixture or an explicit investigation record.; All fixture inputs are sanitized, bounded, and self-contained.; Expectation-change policy requires linked correction task and reviewer approval.",incomplete
6,T2.1.2,E2,Deterministic current-behavior characterization,"Characterize CLI, API, persistence, event, and filesystem outcomes",P0,16,T2.1.1,{EVIDENCE} {LIFECYCLE} {PERSISTENCE} {EVENTS},PREDECESSOR-PACKAGE:ATLAS_Production_TODO_Package.zip@sha256:ca960729b67579b1b08fdedea786feb4594d0649353521c9dbcaf0f2fdb2d09f; LATEST-ZIP:ATLAS_Task_Registry.json:AT-001; LATEST-ZIP:ATLAS_Evidence_Ledger.csv:GAP-001..GAP-015; PDF:p.10-14,"Evidence mode: ATTACHED-SNAPSHOT; canonical predecessor production package sha256=ca960729b67579b1b08fdedea786feb4594d0649353521c9dbcaf0f2fdb2d09f; embedded architecture package sha256=c2571cf6f6582a3e86f487e7ae817641d3b74e4425fe49e97889c9a29d9f9b97.; Public ATLAS main page retrieved 2026-08-21 shows branch `main`, 35 commits, the expected root tree, current README, and documented limitations; frozen code baseline remains Runndownn/ATLAS@efa547cafc64b58d60d19dcc1e5ba32c6b046bc5; exact current HEAD/dirty state requires T1.1.1.; Canonical macro task AT-001: Establish deterministic current-behavior characterization; evidence: GAP-001, GAP-002, GAP-003, GAP-004, GAP-006, GAP-007, GAP-009; [ATLAS-TEST:efa547cafc64b58d60d19dcc1e5ba32c6b046bc5:tests/test_runtime.py:L18-L144]; [ATLAS-TEST:efa547cafc64b58d60d19dcc1e5ba32c6b046bc5:tests/test_orchestrator.py:L103-L111]; Canonical proposed files/interfaces: Existing `tests/`; create `tests/characterization/`, versioned fixtures under `tests/fixtures/v0_1/`; no production-file behavior changes in this task. / Versioned fixture manifest: `{fixture_id, requirement_ids, gap_ids, setup, command_or_api, expected_current, expected_target, cleanup}`. No public runtime API change.",tests/characterization/test_cli_api_state.py [create]; tests/characterization/evidence_capture.py [create]; atlas public CLI/Python API [reuse],"Every selected scenario records a complete, canonical evidence bundle.","Every selected scenario records a complete, canonical evidence bundle.; CLI and Python invocation paths are compared for equivalent authoritative outcomes.; Three clean runs yield identical normalized evidence hashes.; No production source behavior changes are included.",incomplete
7,T2.1.3,E2,Deterministic current-behavior characterization,"Add adversarial source, archive, analyzer, and control baselines",P0,16,T2.1.1,{SECURITY} {SAFETY} {INTAKE} {PLUGINS} {RECOVERY},PREDECESSOR-PACKAGE:ATLAS_Production_TODO_Package.zip@sha256:ca960729b67579b1b08fdedea786feb4594d0649353521c9dbcaf0f2fdb2d09f; LATEST-ZIP:ATLAS_Task_Registry.json:AT-001; LATEST-ZIP:ATLAS_Evidence_Ledger.csv:GAP-001..GAP-015; PDF:p.10-14,"Evidence mode: ATTACHED-SNAPSHOT; canonical predecessor production package sha256=ca960729b67579b1b08fdedea786feb4594d0649353521c9dbcaf0f2fdb2d09f; embedded architecture package sha256=c2571cf6f6582a3e86f487e7ae817641d3b74e4425fe49e97889c9a29d9f9b97.; Public ATLAS main page retrieved 2026-08-21 shows branch `main`, 35 commits, the expected root tree, current README, and documented limitations; frozen code baseline remains Runndownn/ATLAS@efa547cafc64b58d60d19dcc1e5ba32c6b046bc5; exact current HEAD/dirty state requires T1.1.1.; Canonical macro task AT-001: Establish deterministic current-behavior characterization; evidence: GAP-001, GAP-002, GAP-003, GAP-004, GAP-006, GAP-007, GAP-009; [ATLAS-TEST:efa547cafc64b58d60d19dcc1e5ba32c6b046bc5:tests/test_runtime.py:L18-L144]; [ATLAS-TEST:efa547cafc64b58d60d19dcc1e5ba32c6b046bc5:tests/test_orchestrator.py:L103-L111]; Canonical proposed files/interfaces: Existing `tests/`; create `tests/characterization/`, versioned fixtures under `tests/fixtures/v0_1/`; no production-file behavior changes in this task. / Versioned fixture manifest: `{fixture_id, requirement_ids, gap_ids, setup, command_or_api, expected_current, expected_target, cleanup}`. No public runtime API change.",tests/characterization/test_adversarial_baseline.py [create]; tests/fixtures/v0_1/adversarial/ [create]; tests/characterization/faults.py [create],Every high-risk path has a reproducible current-state outcome or explicit capability-limited investigation.,"Every high-risk path has a reproducible current-state outcome or explicit capability-limited investigation.; The >50 finding case proves whether authoritative data is truncated or only summarized.; Source mutation and second-process control behavior are recorded with exact state/effect boundaries.; All adversarial fixtures stay within declared byte, time, and file-count limits.",incomplete
8,T2.1.4,E2,Deterministic current-behavior characterization,Integrate characterization evidence into CI and correction gates,P0,10,"T2.1.2, T2.1.3",{RELEASE} {EVIDENCE} {COMPATIBILITY},PREDECESSOR-PACKAGE:ATLAS_Production_TODO_Package.zip@sha256:ca960729b67579b1b08fdedea786feb4594d0649353521c9dbcaf0f2fdb2d09f; LATEST-ZIP:ATLAS_Task_Registry.json:AT-001; LATEST-ZIP:ATLAS_Evidence_Ledger.csv:GAP-001..GAP-015; PDF:p.10-14,"Evidence mode: ATTACHED-SNAPSHOT; canonical predecessor production package sha256=ca960729b67579b1b08fdedea786feb4594d0649353521c9dbcaf0f2fdb2d09f; embedded architecture package sha256=c2571cf6f6582a3e86f487e7ae817641d3b74e4425fe49e97889c9a29d9f9b97.; Public ATLAS main page retrieved 2026-08-21 shows branch `main`, 35 commits, the expected root tree, current README, and documented limitations; frozen code baseline remains Runndownn/ATLAS@efa547cafc64b58d60d19dcc1e5ba32c6b046bc5; exact current HEAD/dirty state requires T1.1.1.; Canonical macro task AT-001: Establish deterministic current-behavior characterization; evidence: GAP-001, GAP-002, GAP-003, GAP-004, GAP-006, GAP-007, GAP-009; [ATLAS-TEST:efa547cafc64b58d60d19dcc1e5ba32c6b046bc5:tests/test_runtime.py:L18-L144]; [ATLAS-TEST:efa547cafc64b58d60d19dcc1e5ba32c6b046bc5:tests/test_orchestrator.py:L103-L111]; Canonical proposed files/interfaces: Existing `tests/`; create `tests/characterization/`, versioned fixtures under `tests/fixtures/v0_1/`; no production-file behavior changes in this task. / Versioned fixture manifest: `{fixture_id, requirement_ids, gap_ids, setup, command_or_api, expected_current, expected_target, cleanup}`. No public runtime API change.",.github/workflows/tests.yml [extend]; tests/characterization/README.md [create]; planning/characterization-baseline.json [create],Characterization jobs are mandatory for P0 changes and fail on unapproved skips.,Characterization jobs are mandatory for P0 changes and fail on unapproved skips.; Failure artifacts include all required evidence without secrets or unbounded payloads.; Every expectation change links to its implementation task and reviewer decision.; Three-run determinism is checked in CI or an equivalent reproducible gate.,incomplete
9,T3.1.1,E3,Versioned pipeline semantics and configuration,"Define `PipelineDefinitionV1`, canonical phase slots, and one failure policy",P0,12,T2.1.4,{CONFIGURATION} {LIFECYCLE} {COMPATIBILITY},"PREDECESSOR-PACKAGE:ATLAS_Production_TODO_Package.zip@sha256:ca960729b67579b1b08fdedea786feb4594d0649353521c9dbcaf0f2fdb2d09f; LATEST-ZIP:ATLAS_Task_Registry.json:AT-002; REQ-001,REQ-002,REQ-006,REQ-007; PDF:p.10,p.12,p.29,p.34; ADR-001,ADR-007","Evidence mode: ATTACHED-SNAPSHOT; canonical predecessor production package sha256=ca960729b67579b1b08fdedea786feb4594d0649353521c9dbcaf0f2fdb2d09f; embedded architecture package sha256=c2571cf6f6582a3e86f487e7ae817641d3b74e4425fe49e97889c9a29d9f9b97.; Public ATLAS main page retrieved 2026-08-21 shows branch `main`, 35 commits, the expected root tree, current README, and documented limitations; frozen code baseline remains Runndownn/ATLAS@efa547cafc64b58d60d19dcc1e5ba32c6b046bc5; exact current HEAD/dirty state requires T1.1.1.; Canonical macro task AT-002: Introduce a versioned PipelineDefinition and enforce canonical A–F semantics; evidence: GAP-002, GAP-003, REQ-001, REQ-002, REQ-006, REQ-007; [ATLAS:efa547cafc64b58d60d19dcc1e5ba32c6b046bc5:atlas/core/orchestrator.py:L25-L68,L128-L220]; [ATLAS:efa547cafc64b58d60d19dcc1e5ba32c6b046bc5:atlas/cli.py:L42-L91]; Canonical proposed files/interfaces: Create `atlas/config/models.py`, `atlas/config/loader.py`; refactor `atlas/cli.py`, `atlas/core/orchestrator.py`; update `examples/*.yaml`; compatibility shim for `PipelineConfig`. / `PipelineDefinitionV1`; `FailurePolicy={FAIL_REQUIRED_PHASE, CONTINUE_OPTIONAL_PHASE, COLLECT_FAILURES}` or an equivalent minimal enum; `LegacyPipelineLoader` normalizes unversioned YAML without changing public CLI syntax.",atlas/config/models.py::PipelineDefinitionV1 [create]; atlas/core/orchestrator.py::PipelineConfig [refactor]; atlas/models/states.py::FailurePolicy [create],Every accepted definition contains A-F exactly once in canonical order.,Every accepted definition contains A-F exactly once in canonical order.; Contradictory legacy failure flags are rejected before job creation.; Disabled phases produce an explicit policy and eventual durable `SKIPPED` reason.; The JSON schema and Python model agree on all required fields and enums.,incomplete
10,T3.1.2,E3,Versioned pipeline semantics and configuration,"Implement deterministic safe loading, merge order, and canonical digests",P0,16,T3.1.1,{CONFIGURATION} {SECURITY} {COMPATIBILITY},"PREDECESSOR-PACKAGE:ATLAS_Production_TODO_Package.zip@sha256:ca960729b67579b1b08fdedea786feb4594d0649353521c9dbcaf0f2fdb2d09f; LATEST-ZIP:ATLAS_Task_Registry.json:AT-002; REQ-001,REQ-002,REQ-006,REQ-007; PDF:p.10,p.12,p.29,p.34; ADR-001,ADR-007","Evidence mode: ATTACHED-SNAPSHOT; canonical predecessor production package sha256=ca960729b67579b1b08fdedea786feb4594d0649353521c9dbcaf0f2fdb2d09f; embedded architecture package sha256=c2571cf6f6582a3e86f487e7ae817641d3b74e4425fe49e97889c9a29d9f9b97.; Public ATLAS main page retrieved 2026-08-21 shows branch `main`, 35 commits, the expected root tree, current README, and documented limitations; frozen code baseline remains Runndownn/ATLAS@efa547cafc64b58d60d19dcc1e5ba32c6b046bc5; exact current HEAD/dirty state requires T1.1.1.; Canonical macro task AT-002: Introduce a versioned PipelineDefinition and enforce canonical A–F semantics; evidence: GAP-002, GAP-003, REQ-001, REQ-002, REQ-006, REQ-007; [ATLAS:efa547cafc64b58d60d19dcc1e5ba32c6b046bc5:atlas/core/orchestrator.py:L25-L68,L128-L220]; [ATLAS:efa547cafc64b58d60d19dcc1e5ba32c6b046bc5:atlas/cli.py:L42-L91]; Canonical proposed files/interfaces: Create `atlas/config/models.py`, `atlas/config/loader.py`; refactor `atlas/cli.py`, `atlas/core/orchestrator.py`; update `examples/*.yaml`; compatibility shim for `PipelineConfig`. / `PipelineDefinitionV1`; `FailurePolicy={FAIL_REQUIRED_PHASE, CONTINUE_OPTIONAL_PHASE, COLLECT_FAILURES}` or an equivalent minimal enum; `LegacyPipelineLoader` normalizes unversioned YAML without changing public CLI syntax.",atlas/config/loader.py::ConfigurationResolver [create]; examples/*.yaml [migrate]; atlas/cli.py::pipeline preflight [extend],Equivalent normalized configurations produce identical digests across runs.,"Equivalent normalized configurations produce identical digests across runs.; Every accepted phase key is consumed by a typed model.; Invalid configuration creates no job row, workspace, or outbox event.; Diagnostics identify source path, key, expected type, and stable error code without exposing secrets.",incomplete
11,T3.1.3,E3,Versioned pipeline semantics and configuration,Create typed configuration contracts for all six built-in phases,P0,16,T3.1.1,{CONFIGURATION} {PLUGINS} {SAFETY},"PREDECESSOR-PACKAGE:ATLAS_Production_TODO_Package.zip@sha256:ca960729b67579b1b08fdedea786feb4594d0649353521c9dbcaf0f2fdb2d09f; LATEST-ZIP:ATLAS_Task_Registry.json:AT-002; REQ-001,REQ-002,REQ-006,REQ-007; PDF:p.10,p.12,p.29,p.34; ADR-001,ADR-007","Evidence mode: ATTACHED-SNAPSHOT; canonical predecessor production package sha256=ca960729b67579b1b08fdedea786feb4594d0649353521c9dbcaf0f2fdb2d09f; embedded architecture package sha256=c2571cf6f6582a3e86f487e7ae817641d3b74e4425fe49e97889c9a29d9f9b97.; Public ATLAS main page retrieved 2026-08-21 shows branch `main`, 35 commits, the expected root tree, current README, and documented limitations; frozen code baseline remains Runndownn/ATLAS@efa547cafc64b58d60d19dcc1e5ba32c6b046bc5; exact current HEAD/dirty state requires T1.1.1.; Canonical macro task AT-002: Introduce a versioned PipelineDefinition and enforce canonical A–F semantics; evidence: GAP-002, GAP-003, REQ-001, REQ-002, REQ-006, REQ-007; [ATLAS:efa547cafc64b58d60d19dcc1e5ba32c6b046bc5:atlas/core/orchestrator.py:L25-L68,L128-L220]; [ATLAS:efa547cafc64b58d60d19dcc1e5ba32c6b046bc5:atlas/cli.py:L42-L91]; Canonical proposed files/interfaces: Create `atlas/config/models.py`, `atlas/config/loader.py`; refactor `atlas/cli.py`, `atlas/core/orchestrator.py`; update `examples/*.yaml`; compatibility shim for `PipelineConfig`. / `PipelineDefinitionV1`; `FailurePolicy={FAIL_REQUIRED_PHASE, CONTINUE_OPTIONAL_PHASE, COLLECT_FAILURES}` or an equivalent minimal enum; `LegacyPipelineLoader` normalizes unversioned YAML without changing public CLI syntax.",atlas/config/phases.py [create]; atlas/phases/base.py::PhaseContext [extend]; atlas/phases/* [refactor],Every built-in phase receives only its typed configuration object.,Every built-in phase receives only its typed configuration object.; No production phase reads raw `phase_config` dictionaries after migration.; Unsupported capability or platform combinations fail before attempt creation.; Config schema round-trips preserve semantics and digest.,incomplete
12,T3.1.4,E3,Versioned pipeline semantics and configuration,"Add legacy pipeline migration, dual support, and deprecation telemetry",P0,12,"T3.1.2, T3.1.3",{COMPATIBILITY} {CONFIGURATION} {OBSERVABILITY},"PREDECESSOR-PACKAGE:ATLAS_Production_TODO_Package.zip@sha256:ca960729b67579b1b08fdedea786feb4594d0649353521c9dbcaf0f2fdb2d09f; LATEST-ZIP:ATLAS_Task_Registry.json:AT-002; REQ-001,REQ-002,REQ-006,REQ-007; PDF:p.10,p.12,p.29,p.34; ADR-001,ADR-007","Evidence mode: ATTACHED-SNAPSHOT; canonical predecessor production package sha256=ca960729b67579b1b08fdedea786feb4594d0649353521c9dbcaf0f2fdb2d09f; embedded architecture package sha256=c2571cf6f6582a3e86f487e7ae817641d3b74e4425fe49e97889c9a29d9f9b97.; Public ATLAS main page retrieved 2026-08-21 shows branch `main`, 35 commits, the expected root tree, current README, and documented limitations; frozen code baseline remains Runndownn/ATLAS@efa547cafc64b58d60d19dcc1e5ba32c6b046bc5; exact current HEAD/dirty state requires T1.1.1.; Canonical macro task AT-002: Introduce a versioned PipelineDefinition and enforce canonical A–F semantics; evidence: GAP-002, GAP-003, REQ-001, REQ-002, REQ-006, REQ-007; [ATLAS:efa547cafc64b58d60d19dcc1e5ba32c6b046bc5:atlas/core/orchestrator.py:L25-L68,L128-L220]; [ATLAS:efa547cafc64b58d60d19dcc1e5ba32c6b046bc5:atlas/cli.py:L42-L91]; Canonical proposed files/interfaces: Create `atlas/config/models.py`, `atlas/config/loader.py`; refactor `atlas/cli.py`, `atlas/core/orchestrator.py`; update `examples/*.yaml`; compatibility shim for `PipelineConfig`. / `PipelineDefinitionV1`; `FailurePolicy={FAIL_REQUIRED_PHASE, CONTINUE_OPTIONAL_PHASE, COLLECT_FAILURES}` or an equivalent minimal enum; `LegacyPipelineLoader` normalizes unversioned YAML without changing public CLI syntax.",atlas/config/legacy.py::LegacyPipelineLoader [create]; atlas/cli.py::pipeline migrate [extend]; docs/migrations/pipeline-v1.md [create],All existing examples either migrate to an approved digest or fail with a documented reason.,All existing examples either migrate to an approved digest or fail with a documented reason.; Legacy and migrated definitions produce equivalent intended lifecycle behavior for supported cases.; Deprecation telemetry reports use without logging sensitive configuration.; Removal criteria and compatibility window are documented and testable.,incomplete
13,T4.1.1,E4,StateStore and SQLite migration foundation,Define the narrow `StateStore` transaction and repository contracts,P0,12,T2.1.4,{PERSISTENCE} {ARCHITECTURE} {SECURITY},"PREDECESSOR-PACKAGE:ATLAS_Production_TODO_Package.zip@sha256:ca960729b67579b1b08fdedea786feb4594d0649353521c9dbcaf0f2fdb2d09f; LATEST-ZIP:ATLAS_Task_Registry.json:AT-003; REQ-018; PDF:p.15; ADR-002,ADR-003; R-02","Evidence mode: ATTACHED-SNAPSHOT; canonical predecessor production package sha256=ca960729b67579b1b08fdedea786feb4594d0649353521c9dbcaf0f2fdb2d09f; embedded architecture package sha256=c2571cf6f6582a3e86f487e7ae817641d3b74e4425fe49e97889c9a29d9f9b97.; Public ATLAS main page retrieved 2026-08-21 shows branch `main`, 35 commits, the expected root tree, current README, and documented limitations; frozen code baseline remains Runndownn/ATLAS@efa547cafc64b58d60d19dcc1e5ba32c6b046bc5; exact current HEAD/dirty state requires T1.1.1.; Canonical macro task AT-003: Create the StateStore abstraction and versioned SQLite migration system; evidence: GAP-009, REQ-018; [ATLAS:efa547cafc64b58d60d19dcc1e5ba32c6b046bc5:atlas/core/job_store.py:L19-L65,L172-L350]; [ATLAS:efa547cafc64b58d60d19dcc1e5ba32c6b046bc5:atlas/schema/__init__.py:L1-L9]; Canonical proposed files/interfaces: Create `atlas/persistence/base.py`, `atlas/persistence/sqlite.py`, `atlas/persistence/migrations/`; refactor `atlas/core/job_store.py`; replace `atlas/schema/__init__.py` exports. / `StateStore`, `Transaction`, repository interfaces for jobs/phases/events initially; `schema_migrations(version, checksum, applied_at, tool_version)`.",atlas/persistence/base.py::StateStore [create]; atlas/core/job_store.py::JobStore [refactor]; atlas/persistence/errors.py [create],No authoritative repository method commits outside a `StateStore` transaction.,"No authoritative repository method commits outside a `StateStore` transaction.; `JobStore` compatibility calls delegate without changing public results.; The error taxonomy distinguishes contention, corruption, schema mismatch, constraint, cancellation, and storage exhaustion.; A backend conformance test skeleton covers transaction atomicity and rollback.",incomplete
14,T4.1.2,E4,StateStore and SQLite migration foundation,Implement the SQLite backend with explicit connection and locking policy,P0,16,T4.1.1,{PERSISTENCE} {RECOVERY} {OBSERVABILITY},"PREDECESSOR-PACKAGE:ATLAS_Production_TODO_Package.zip@sha256:ca960729b67579b1b08fdedea786feb4594d0649353521c9dbcaf0f2fdb2d09f; LATEST-ZIP:ATLAS_Task_Registry.json:AT-003; REQ-018; PDF:p.15; ADR-002,ADR-003; R-02","Evidence mode: ATTACHED-SNAPSHOT; canonical predecessor production package sha256=ca960729b67579b1b08fdedea786feb4594d0649353521c9dbcaf0f2fdb2d09f; embedded architecture package sha256=c2571cf6f6582a3e86f487e7ae817641d3b74e4425fe49e97889c9a29d9f9b97.; Public ATLAS main page retrieved 2026-08-21 shows branch `main`, 35 commits, the expected root tree, current README, and documented limitations; frozen code baseline remains Runndownn/ATLAS@efa547cafc64b58d60d19dcc1e5ba32c6b046bc5; exact current HEAD/dirty state requires T1.1.1.; Canonical macro task AT-003: Create the StateStore abstraction and versioned SQLite migration system; evidence: GAP-009, REQ-018; [ATLAS:efa547cafc64b58d60d19dcc1e5ba32c6b046bc5:atlas/core/job_store.py:L19-L65,L172-L350]; [ATLAS:efa547cafc64b58d60d19dcc1e5ba32c6b046bc5:atlas/schema/__init__.py:L1-L9]; Canonical proposed files/interfaces: Create `atlas/persistence/base.py`, `atlas/persistence/sqlite.py`, `atlas/persistence/migrations/`; refactor `atlas/core/job_store.py`; replace `atlas/schema/__init__.py` exports. / `StateStore`, `Transaction`, repository interfaces for jobs/phases/events initially; `schema_migrations(version, checksum, applied_at, tool_version)`.",atlas/persistence/sqlite.py::SQLiteStateStore [create]; atlas/persistence/sqlite_repositories.py [create]; atlas/core/job_store.py [migrate],Foreign keys and uniqueness constraints are enabled and demonstrated.,"Foreign keys and uniqueness constraints are enabled and demonstrated.; Contention yields bounded, classified behavior with lock-wait metrics.; All existing job/phase persistence tests pass through the new backend.; Startup reports actual SQLite capabilities and refuses unsafe/unsupported state.",incomplete
15,T4.1.3,E4,StateStore and SQLite migration foundation,Create immutable numbered migrations and the v0.1 upgrade path,P0,16,T4.1.1,{PERSISTENCE} {COMPATIBILITY} {RECOVERY},"PREDECESSOR-PACKAGE:ATLAS_Production_TODO_Package.zip@sha256:ca960729b67579b1b08fdedea786feb4594d0649353521c9dbcaf0f2fdb2d09f; LATEST-ZIP:ATLAS_Task_Registry.json:AT-003; REQ-018; PDF:p.15; ADR-002,ADR-003; R-02","Evidence mode: ATTACHED-SNAPSHOT; canonical predecessor production package sha256=ca960729b67579b1b08fdedea786feb4594d0649353521c9dbcaf0f2fdb2d09f; embedded architecture package sha256=c2571cf6f6582a3e86f487e7ae817641d3b74e4425fe49e97889c9a29d9f9b97.; Public ATLAS main page retrieved 2026-08-21 shows branch `main`, 35 commits, the expected root tree, current README, and documented limitations; frozen code baseline remains Runndownn/ATLAS@efa547cafc64b58d60d19dcc1e5ba32c6b046bc5; exact current HEAD/dirty state requires T1.1.1.; Canonical macro task AT-003: Create the StateStore abstraction and versioned SQLite migration system; evidence: GAP-009, REQ-018; [ATLAS:efa547cafc64b58d60d19dcc1e5ba32c6b046bc5:atlas/core/job_store.py:L19-L65,L172-L350]; [ATLAS:efa547cafc64b58d60d19dcc1e5ba32c6b046bc5:atlas/schema/__init__.py:L1-L9]; Canonical proposed files/interfaces: Create `atlas/persistence/base.py`, `atlas/persistence/sqlite.py`, `atlas/persistence/migrations/`; refactor `atlas/core/job_store.py`; replace `atlas/schema/__init__.py` exports. / `StateStore`, `Transaction`, repository interfaces for jobs/phases/events initially; `schema_migrations(version, checksum, applied_at, tool_version)`.",atlas/persistence/migrations/ [create]; atlas/schema/__init__.py [refactor]; schema_migrations table [create],Fresh and upgraded databases have identical schema fingerprints and invariants.,Fresh and upgraded databases have identical schema fingerprints and invariants.; Migration checksums are immutable and verified on every startup.; Newer unsupported schema and checksum drift fail with stable diagnostics.; Every migration has forward test fixtures and a documented restore-based rollback.,incomplete
16,T4.1.4,E4,StateStore and SQLite migration foundation,"Implement verified backup, restore, integrity, and migration recovery",P0,16,"T4.1.2, T4.1.3",{PERSISTENCE} {RECOVERY} {OPERATIONS},"PREDECESSOR-PACKAGE:ATLAS_Production_TODO_Package.zip@sha256:ca960729b67579b1b08fdedea786feb4594d0649353521c9dbcaf0f2fdb2d09f; LATEST-ZIP:ATLAS_Task_Registry.json:AT-003; REQ-018; PDF:p.15; ADR-002,ADR-003; R-02","Evidence mode: ATTACHED-SNAPSHOT; canonical predecessor production package sha256=ca960729b67579b1b08fdedea786feb4594d0649353521c9dbcaf0f2fdb2d09f; embedded architecture package sha256=c2571cf6f6582a3e86f487e7ae817641d3b74e4425fe49e97889c9a29d9f9b97.; Public ATLAS main page retrieved 2026-08-21 shows branch `main`, 35 commits, the expected root tree, current README, and documented limitations; frozen code baseline remains Runndownn/ATLAS@efa547cafc64b58d60d19dcc1e5ba32c6b046bc5; exact current HEAD/dirty state requires T1.1.1.; Canonical macro task AT-003: Create the StateStore abstraction and versioned SQLite migration system; evidence: GAP-009, REQ-018; [ATLAS:efa547cafc64b58d60d19dcc1e5ba32c6b046bc5:atlas/core/job_store.py:L19-L65,L172-L350]; [ATLAS:efa547cafc64b58d60d19dcc1e5ba32c6b046bc5:atlas/schema/__init__.py:L1-L9]; Canonical proposed files/interfaces: Create `atlas/persistence/base.py`, `atlas/persistence/sqlite.py`, `atlas/persistence/migrations/`; refactor `atlas/core/job_store.py`; replace `atlas/schema/__init__.py` exports. / `StateStore`, `Transaction`, repository interfaces for jobs/phases/events initially; `schema_migrations(version, checksum, applied_at, tool_version)`.",atlas/persistence/backup.py [create]; atlas/cli.py::database commands [extend]; docs/operations/database-recovery.md [create],A verified pre-migration backup exists before any schema change.,"A verified pre-migration backup exists before any schema change.; Restore drills reproduce schema and row fingerprints in a separate location.; Migration failure leaves the original database and backup usable.; Operator diagnostics identify exact failure stage, artifact hashes, and safe next action.",incomplete
17,T5.1.1,E5,"Explicit lifecycle state machines, attempts, and fencing","Specify exhaustive job, phase, attempt, and control state tables",P0,12,"T3.1.4, T4.1.4",{LIFECYCLE} {ARCHITECTURE} {RECOVERY},PREDECESSOR-PACKAGE:ATLAS_Production_TODO_Package.zip@sha256:ca960729b67579b1b08fdedea786feb4594d0649353521c9dbcaf0f2fdb2d09f; LATEST-ZIP:ATLAS_Task_Registry.json:AT-004; REQ-014..REQ-017; PDF:p.14-15; ADR-011; R-11,"Evidence mode: ATTACHED-SNAPSHOT; canonical predecessor production package sha256=ca960729b67579b1b08fdedea786feb4594d0649353521c9dbcaf0f2fdb2d09f; embedded architecture package sha256=c2571cf6f6582a3e86f487e7ae817641d3b74e4425fe49e97889c9a29d9f9b97.; Public ATLAS main page retrieved 2026-08-21 shows branch `main`, 35 commits, the expected root tree, current README, and documented limitations; frozen code baseline remains Runndownn/ATLAS@efa547cafc64b58d60d19dcc1e5ba32c6b046bc5; exact current HEAD/dirty state requires T1.1.1.; Canonical macro task AT-004: Implement explicit Job, Phase, Attempt, and control transition guards; evidence: REQ-014–REQ-017; GAP-007, GAP-008; state reconstruction in Sections 3 and 10.; Canonical proposed files/interfaces: Create `atlas/models/states.py`, `atlas/core/lifecycle.py`; refactor `atlas/core/orchestrator.py`; add migrations/tables for phase runs and attempts. / `JobState`, `PhaseState`, `AttemptState`, `ControlRequestState`, `TransitionCommand`, `TransitionResult`, `TransitionError(code, current, requested)`.",atlas/models/states.py [create]; docs/architecture/state-machines.md [create]; atlas/core/lifecycle.py::TransitionPolicy [create],Transition tables are exhaustive and machine-readable.,"Transition tables are exhaustive and machine-readable.; Every state has one owner, legal predecessors/successors, and terminal semantics.; Invalid legacy combinations have an explicit migration or blocked-state rule.; The tables map to PDF lifecycle semantics without creating DAG behavior.",incomplete
18,T5.1.2,E5,"Explicit lifecycle state machines, attempts, and fencing",Persist immutable phase runs and execution attempts,P0,16,T5.1.1,{LIFECYCLE} {PERSISTENCE} {PROVENANCE},PREDECESSOR-PACKAGE:ATLAS_Production_TODO_Package.zip@sha256:ca960729b67579b1b08fdedea786feb4594d0649353521c9dbcaf0f2fdb2d09f; LATEST-ZIP:ATLAS_Task_Registry.json:AT-004; REQ-014..REQ-017; PDF:p.14-15; ADR-011; R-11,"Evidence mode: ATTACHED-SNAPSHOT; canonical predecessor production package sha256=ca960729b67579b1b08fdedea786feb4594d0649353521c9dbcaf0f2fdb2d09f; embedded architecture package sha256=c2571cf6f6582a3e86f487e7ae817641d3b74e4425fe49e97889c9a29d9f9b97.; Public ATLAS main page retrieved 2026-08-21 shows branch `main`, 35 commits, the expected root tree, current README, and documented limitations; frozen code baseline remains Runndownn/ATLAS@efa547cafc64b58d60d19dcc1e5ba32c6b046bc5; exact current HEAD/dirty state requires T1.1.1.; Canonical macro task AT-004: Implement explicit Job, Phase, Attempt, and control transition guards; evidence: REQ-014–REQ-017; GAP-007, GAP-008; state reconstruction in Sections 3 and 10.; Canonical proposed files/interfaces: Create `atlas/models/states.py`, `atlas/core/lifecycle.py`; refactor `atlas/core/orchestrator.py`; add migrations/tables for phase runs and attempts. / `JobState`, `PhaseState`, `AttemptState`, `ControlRequestState`, `TransitionCommand`, `TransitionResult`, `TransitionError(code, current, requested)`.",phase_runs and attempts migrations [create]; atlas/persistence/repositories/attempts.py [create]; atlas/core/orchestrator.py [refactor],Every execution is represented by exactly one immutable attempt record.,Every execution is represented by exactly one immutable attempt record.; Duplicate concurrent attempt creation is rejected by transaction and uniqueness guards.; Legacy phase status remains available as a derived compatibility projection.; Attempt rows link to exact input/config/policy and later result/checkpoint evidence.,incomplete
19,T5.1.3,E5,"Explicit lifecycle state machines, attempts, and fencing",Implement guarded atomic transitions and fencing tokens,P0,16,T5.1.1,{LIFECYCLE} {PERSISTENCE} {SECURITY},PREDECESSOR-PACKAGE:ATLAS_Production_TODO_Package.zip@sha256:ca960729b67579b1b08fdedea786feb4594d0649353521c9dbcaf0f2fdb2d09f; LATEST-ZIP:ATLAS_Task_Registry.json:AT-004; REQ-014..REQ-017; PDF:p.14-15; ADR-011; R-11,"Evidence mode: ATTACHED-SNAPSHOT; canonical predecessor production package sha256=ca960729b67579b1b08fdedea786feb4594d0649353521c9dbcaf0f2fdb2d09f; embedded architecture package sha256=c2571cf6f6582a3e86f487e7ae817641d3b74e4425fe49e97889c9a29d9f9b97.; Public ATLAS main page retrieved 2026-08-21 shows branch `main`, 35 commits, the expected root tree, current README, and documented limitations; frozen code baseline remains Runndownn/ATLAS@efa547cafc64b58d60d19dcc1e5ba32c6b046bc5; exact current HEAD/dirty state requires T1.1.1.; Canonical macro task AT-004: Implement explicit Job, Phase, Attempt, and control transition guards; evidence: REQ-014–REQ-017; GAP-007, GAP-008; state reconstruction in Sections 3 and 10.; Canonical proposed files/interfaces: Create `atlas/models/states.py`, `atlas/core/lifecycle.py`; refactor `atlas/core/orchestrator.py`; add migrations/tables for phase runs and attempts. / `JobState`, `PhaseState`, `AttemptState`, `ControlRequestState`, `TransitionCommand`, `TransitionResult`, `TransitionError(code, current, requested)`.",atlas/core/lifecycle.py::LifecycleCoordinator [create]; atlas/persistence/repositories/transitions.py [create]; atlas/core/orchestrator.py::PipelineOrchestrator [refactor],Every transition requires the expected current state/version and fails deterministically when stale.,Every transition requires the expected current state/version and fails deterministically when stale.; Stale fencing tokens cannot commit result or terminal state.; Concurrent transition tests produce one winner and auditable losers.; No production code mutates lifecycle status fields outside the coordinator/repository path.,incomplete
20,T5.1.4,E5,"Explicit lifecycle state machines, attempts, and fencing",Add model-based state-machine and invalid-transition verification,P0,14,"T5.1.2, T5.1.3",{LIFECYCLE} {RELEASE} {RECOVERY},PREDECESSOR-PACKAGE:ATLAS_Production_TODO_Package.zip@sha256:ca960729b67579b1b08fdedea786feb4594d0649353521c9dbcaf0f2fdb2d09f; LATEST-ZIP:ATLAS_Task_Registry.json:AT-004; REQ-014..REQ-017; PDF:p.14-15; ADR-011; R-11,"Evidence mode: ATTACHED-SNAPSHOT; canonical predecessor production package sha256=ca960729b67579b1b08fdedea786feb4594d0649353521c9dbcaf0f2fdb2d09f; embedded architecture package sha256=c2571cf6f6582a3e86f487e7ae817641d3b74e4425fe49e97889c9a29d9f9b97.; Public ATLAS main page retrieved 2026-08-21 shows branch `main`, 35 commits, the expected root tree, current README, and documented limitations; frozen code baseline remains Runndownn/ATLAS@efa547cafc64b58d60d19dcc1e5ba32c6b046bc5; exact current HEAD/dirty state requires T1.1.1.; Canonical macro task AT-004: Implement explicit Job, Phase, Attempt, and control transition guards; evidence: REQ-014–REQ-017; GAP-007, GAP-008; state reconstruction in Sections 3 and 10.; Canonical proposed files/interfaces: Create `atlas/models/states.py`, `atlas/core/lifecycle.py`; refactor `atlas/core/orchestrator.py`; add migrations/tables for phase runs and attempts. / `JobState`, `PhaseState`, `AttemptState`, `ControlRequestState`, `TransitionCommand`, `TransitionResult`, `TransitionError(code, current, requested)`.",tests/state_machine/ [create]; tests/fixtures/state_sequences/ [create]; atlas diagnostics transition errors [extend],Model and implementation agree across the declared generated sequence budget.,Model and implementation agree across the declared generated sequence budget.; Every illegal transition class has a stable error code and zero authoritative mutation.; Counterexamples are reproducible and retained.; State-machine tests run in mandatory CI without unapproved skips.,incomplete
21,T6.1.1,E6,Registered sources and immutable intake generations,"Define `SourceRoot`, `IntakeGeneration`, and `ArtifactOccurrence` schemas",P0,14,"T4.1.4, T5.1.4",{INTAKE} {PROVENANCE} {PERSISTENCE},"PREDECESSOR-PACKAGE:ATLAS_Production_TODO_Package.zip@sha256:ca960729b67579b1b08fdedea786feb4594d0649353521c9dbcaf0f2fdb2d09f; LATEST-ZIP:ATLAS_Task_Registry.json:AT-005; REQ-003,REQ-014; PDF:p.6,p.12,p.16,p.31; ADR-013; GAP-001,GAP-004","Evidence mode: ATTACHED-SNAPSHOT; canonical predecessor production package sha256=ca960729b67579b1b08fdedea786feb4594d0649353521c9dbcaf0f2fdb2d09f; embedded architecture package sha256=c2571cf6f6582a3e86f487e7ae817641d3b74e4425fe49e97889c9a29d9f9b97.; Public ATLAS main page retrieved 2026-08-21 shows branch `main`, 35 commits, the expected root tree, current README, and documented limitations; frozen code baseline remains Runndownn/ATLAS@efa547cafc64b58d60d19dcc1e5ba32c6b046bc5; exact current HEAD/dirty state requires T1.1.1.; Canonical macro task AT-005: Introduce SourceRoot and accepted IntakeGeneration records; evidence: GAP-001, GAP-004, REQ-003, REQ-014; [ATLAS:efa547cafc64b58d60d19dcc1e5ba32c6b046bc5:atlas/phases/reconnaissance.py:L20-L111]; Canonical proposed files/interfaces: Create `atlas/intake/service.py`, `atlas/artifacts/models.py`; refactor `atlas/phases/reconnaissance.py`, `atlas/safety/filesystem_discovery.py`; add persistence migrations. / `SourceRoot`, `IntakeGeneration`, `ArtifactOccurrenceCandidate`, `IntakePolicy`, `IntakeAcceptanceResult`.",atlas/artifacts/models.py::SourceRoot [create]; atlas/artifacts/models.py::IntakeGeneration [create]; atlas/artifacts/models.py::ArtifactOccurrence [create],Occurrence and content concepts remain structurally distinct.,Occurrence and content concepts remain structurally distinct.; Every occurrence belongs to exactly one generation and one source root.; Accepted generation records are immutable and supersession is explicit.; Schema supports local filesystem now without claiming unsupported provider semantics.,incomplete
22,T6.1.2,E6,Registered sources and immutable intake generations,Implement bounded deterministic intake traversal,P0,16,T6.1.1,{INTAKE} {SAFETY} {PERFORMANCE},"PREDECESSOR-PACKAGE:ATLAS_Production_TODO_Package.zip@sha256:ca960729b67579b1b08fdedea786feb4594d0649353521c9dbcaf0f2fdb2d09f; LATEST-ZIP:ATLAS_Task_Registry.json:AT-005; REQ-003,REQ-014; PDF:p.6,p.12,p.16,p.31; ADR-013; GAP-001,GAP-004","Evidence mode: ATTACHED-SNAPSHOT; canonical predecessor production package sha256=ca960729b67579b1b08fdedea786feb4594d0649353521c9dbcaf0f2fdb2d09f; embedded architecture package sha256=c2571cf6f6582a3e86f487e7ae817641d3b74e4425fe49e97889c9a29d9f9b97.; Public ATLAS main page retrieved 2026-08-21 shows branch `main`, 35 commits, the expected root tree, current README, and documented limitations; frozen code baseline remains Runndownn/ATLAS@efa547cafc64b58d60d19dcc1e5ba32c6b046bc5; exact current HEAD/dirty state requires T1.1.1.; Canonical macro task AT-005: Introduce SourceRoot and accepted IntakeGeneration records; evidence: GAP-001, GAP-004, REQ-003, REQ-014; [ATLAS:efa547cafc64b58d60d19dcc1e5ba32c6b046bc5:atlas/phases/reconnaissance.py:L20-L111]; Canonical proposed files/interfaces: Create `atlas/intake/service.py`, `atlas/artifacts/models.py`; refactor `atlas/phases/reconnaissance.py`, `atlas/safety/filesystem_discovery.py`; add persistence migrations. / `SourceRoot`, `IntakeGeneration`, `ArtifactOccurrenceCandidate`, `IntakePolicy`, `IntakeAcceptanceResult`.",atlas/intake/service.py::IntakeGenerationBuilder [create]; atlas/safety/filesystem_discovery.py [refactor]; atlas/phases/reconnaissance.py [refactor],Traversal order and accepted manifest input are deterministic for a stable source.,"Traversal order and accepted manifest input are deterministic for a stable source.; Every skipped/error entry has a persisted reason and no silent omission.; Budget exhaustion yields BLOCKED or FAILED, not ACCEPTED.; Memory use is bounded independently of total entry count.",incomplete
23,T6.1.3,E6,Registered sources and immutable intake generations,"Implement generation acceptance, manifest digests, and supersession",P0,14,T6.1.1,{INTAKE} {PROVENANCE} {EVENTS},"PREDECESSOR-PACKAGE:ATLAS_Production_TODO_Package.zip@sha256:ca960729b67579b1b08fdedea786feb4594d0649353521c9dbcaf0f2fdb2d09f; LATEST-ZIP:ATLAS_Task_Registry.json:AT-005; REQ-003,REQ-014; PDF:p.6,p.12,p.16,p.31; ADR-013; GAP-001,GAP-004","Evidence mode: ATTACHED-SNAPSHOT; canonical predecessor production package sha256=ca960729b67579b1b08fdedea786feb4594d0649353521c9dbcaf0f2fdb2d09f; embedded architecture package sha256=c2571cf6f6582a3e86f487e7ae817641d3b74e4425fe49e97889c9a29d9f9b97.; Public ATLAS main page retrieved 2026-08-21 shows branch `main`, 35 commits, the expected root tree, current README, and documented limitations; frozen code baseline remains Runndownn/ATLAS@efa547cafc64b58d60d19dcc1e5ba32c6b046bc5; exact current HEAD/dirty state requires T1.1.1.; Canonical macro task AT-005: Introduce SourceRoot and accepted IntakeGeneration records; evidence: GAP-001, GAP-004, REQ-003, REQ-014; [ATLAS:efa547cafc64b58d60d19dcc1e5ba32c6b046bc5:atlas/phases/reconnaissance.py:L20-L111]; Canonical proposed files/interfaces: Create `atlas/intake/service.py`, `atlas/artifacts/models.py`; refactor `atlas/phases/reconnaissance.py`, `atlas/safety/filesystem_discovery.py`; add persistence migrations. / `SourceRoot`, `IntakeGeneration`, `ArtifactOccurrenceCandidate`, `IntakePolicy`, `IntakeAcceptanceResult`.",atlas/intake/service.py::accept_generation [create]; atlas/persistence/repositories/intake.py [create]; atlas/events intake events [extend],Only complete generations reach ACCEPTED.,Only complete generations reach ACCEPTED.; Equivalent stable observations yield the same manifest digest.; Duplicate acceptance is idempotent and conflicting acceptance fails.; Supersession preserves both generations and lineage.,incomplete
24,T6.1.4,E6,Registered sources and immutable intake generations,Make all downstream phases consume accepted occurrence IDs only,P0,14,"T6.1.2, T6.1.3",{INTAKE} {LIFECYCLE} {SECURITY},"PREDECESSOR-PACKAGE:ATLAS_Production_TODO_Package.zip@sha256:ca960729b67579b1b08fdedea786feb4594d0649353521c9dbcaf0f2fdb2d09f; LATEST-ZIP:ATLAS_Task_Registry.json:AT-005; REQ-003,REQ-014; PDF:p.6,p.12,p.16,p.31; ADR-013; GAP-001,GAP-004","Evidence mode: ATTACHED-SNAPSHOT; canonical predecessor production package sha256=ca960729b67579b1b08fdedea786feb4594d0649353521c9dbcaf0f2fdb2d09f; embedded architecture package sha256=c2571cf6f6582a3e86f487e7ae817641d3b74e4425fe49e97889c9a29d9f9b97.; Public ATLAS main page retrieved 2026-08-21 shows branch `main`, 35 commits, the expected root tree, current README, and documented limitations; frozen code baseline remains Runndownn/ATLAS@efa547cafc64b58d60d19dcc1e5ba32c6b046bc5; exact current HEAD/dirty state requires T1.1.1.; Canonical macro task AT-005: Introduce SourceRoot and accepted IntakeGeneration records; evidence: GAP-001, GAP-004, REQ-003, REQ-014; [ATLAS:efa547cafc64b58d60d19dcc1e5ba32c6b046bc5:atlas/phases/reconnaissance.py:L20-L111]; Canonical proposed files/interfaces: Create `atlas/intake/service.py`, `atlas/artifacts/models.py`; refactor `atlas/phases/reconnaissance.py`, `atlas/safety/filesystem_discovery.py`; add persistence migrations. / `SourceRoot`, `IntakeGeneration`, `ArtifactOccurrenceCandidate`, `IntakePolicy`, `IntakeAcceptanceResult`.",atlas/phases/fingerprinting.py [refactor]; atlas/phases/structural_discovery.py [refactor]; atlas/phases/extraction.py and analysis.py [refactor],Static/runtime guards find no unauthorized downstream source enumeration.,Static/runtime guards find no unauthorized downstream source enumeration.; Fingerprinting consumes exactly the accepted occurrence set.; Deleted/mutated occurrences produce deterministic stale/missing outcomes.; Compatibility behavior is documented and time-bounded.,incomplete
25,T7.1.1,E7,Persistent content identity and occurrence linkage,Define `ContentIdentity` and occurrence-to-content link contracts,P0,12,T6.1.4,{IDENTITY} {PROVENANCE} {PERSISTENCE},"PREDECESSOR-PACKAGE:ATLAS_Production_TODO_Package.zip@sha256:ca960729b67579b1b08fdedea786feb4594d0649353521c9dbcaf0f2fdb2d09f; LATEST-ZIP:ATLAS_Task_Registry.json:AT-006; REQ-004,REQ-005; PDF:p.6,p.8,p.12,p.16,p.23,p.28,p.31; ADR-005,ADR-006; GAP-004,GAP-005","Evidence mode: ATTACHED-SNAPSHOT; canonical predecessor production package sha256=ca960729b67579b1b08fdedea786feb4594d0649353521c9dbcaf0f2fdb2d09f; embedded architecture package sha256=c2571cf6f6582a3e86f487e7ae817641d3b74e4425fe49e97889c9a29d9f9b97.; Public ATLAS main page retrieved 2026-08-21 shows branch `main`, 35 commits, the expected root tree, current README, and documented limitations; frozen code baseline remains Runndownn/ATLAS@efa547cafc64b58d60d19dcc1e5ba32c6b046bc5; exact current HEAD/dirty state requires T1.1.1.; Canonical macro task AT-006: Persist occurrence-to-content identity using canonical SHA-256; evidence: GAP-004, GAP-005, REQ-004, REQ-005; [ATLAS:efa547cafc64b58d60d19dcc1e5ba32c6b046bc5:atlas/storage/hash_store.py:L34-L63]; [ATLAS:efa547cafc64b58d60d19dcc1e5ba32c6b046bc5:atlas/phases/fingerprinting.py:L20-L136]; Canonical proposed files/interfaces: Create/extend `atlas/artifacts/models.py`, `atlas/artifacts/hasher.py`; refactor `atlas/storage/hash_store.py`, `atlas/phases/fingerprinting.py`; migrations. / `ContentIdentity`, `OccurrenceContentBinding`, `HashObservation`, `Hasher` protocol; compatibility `HashStore` facade.",atlas/artifacts/models.py::ContentIdentity [create]; atlas/artifacts/models.py::OccurrenceContentLink [create]; content_identities and occurrence_content_links migrations [create],Identical bytes converge on one persistent SHA-256 identity across processes.,Identical bytes converge on one persistent SHA-256 identity across processes.; All occurrences remain independently traceable to the shared identity.; Identity records do not falsely claim retained bytes.; Malformed or conflicting digest records fail integrity checks.,incomplete
26,T7.1.2,E7,Persistent content identity and occurrence linkage,Implement race-aware streaming hashing from accepted occurrences,P0,16,T7.1.1,{IDENTITY} {SECURITY} {PERFORMANCE},"PREDECESSOR-PACKAGE:ATLAS_Production_TODO_Package.zip@sha256:ca960729b67579b1b08fdedea786feb4594d0649353521c9dbcaf0f2fdb2d09f; LATEST-ZIP:ATLAS_Task_Registry.json:AT-006; REQ-004,REQ-005; PDF:p.6,p.8,p.12,p.16,p.23,p.28,p.31; ADR-005,ADR-006; GAP-004,GAP-005","Evidence mode: ATTACHED-SNAPSHOT; canonical predecessor production package sha256=ca960729b67579b1b08fdedea786feb4594d0649353521c9dbcaf0f2fdb2d09f; embedded architecture package sha256=c2571cf6f6582a3e86f487e7ae817641d3b74e4425fe49e97889c9a29d9f9b97.; Public ATLAS main page retrieved 2026-08-21 shows branch `main`, 35 commits, the expected root tree, current README, and documented limitations; frozen code baseline remains Runndownn/ATLAS@efa547cafc64b58d60d19dcc1e5ba32c6b046bc5; exact current HEAD/dirty state requires T1.1.1.; Canonical macro task AT-006: Persist occurrence-to-content identity using canonical SHA-256; evidence: GAP-004, GAP-005, REQ-004, REQ-005; [ATLAS:efa547cafc64b58d60d19dcc1e5ba32c6b046bc5:atlas/storage/hash_store.py:L34-L63]; [ATLAS:efa547cafc64b58d60d19dcc1e5ba32c6b046bc5:atlas/phases/fingerprinting.py:L20-L136]; Canonical proposed files/interfaces: Create/extend `atlas/artifacts/models.py`, `atlas/artifacts/hasher.py`; refactor `atlas/storage/hash_store.py`, `atlas/phases/fingerprinting.py`; migrations. / `ContentIdentity`, `OccurrenceContentBinding`, `HashObservation`, `Hasher` protocol; compatibility `HashStore` facade.",atlas/artifacts/identity.py::ContentIdentityService [create]; atlas/storage/hash_store.py::HashStore [refactor]; atlas/phases/fingerprinting.py [refactor],Stable inputs produce the expected SHA-256 and link evidence.,Stable inputs produce the expected SHA-256 and link evidence.; Mutation cannot attach the wrong identity to an occurrence.; Partial or indeterminate reads never appear successful.; Progress remains bounded and durable through the PhaseContext contract.,incomplete
27,T7.1.3,E7,Persistent content identity and occurrence linkage,Add persistent cross-run duplicate lookup and processing-reuse eligibility,P0,12,T7.1.1,{IDENTITY} {PROVENANCE} {PERFORMANCE},"PREDECESSOR-PACKAGE:ATLAS_Production_TODO_Package.zip@sha256:ca960729b67579b1b08fdedea786feb4594d0649353521c9dbcaf0f2fdb2d09f; LATEST-ZIP:ATLAS_Task_Registry.json:AT-006; REQ-004,REQ-005; PDF:p.6,p.8,p.12,p.16,p.23,p.28,p.31; ADR-005,ADR-006; GAP-004,GAP-005","Evidence mode: ATTACHED-SNAPSHOT; canonical predecessor production package sha256=ca960729b67579b1b08fdedea786feb4594d0649353521c9dbcaf0f2fdb2d09f; embedded architecture package sha256=c2571cf6f6582a3e86f487e7ae817641d3b74e4425fe49e97889c9a29d9f9b97.; Public ATLAS main page retrieved 2026-08-21 shows branch `main`, 35 commits, the expected root tree, current README, and documented limitations; frozen code baseline remains Runndownn/ATLAS@efa547cafc64b58d60d19dcc1e5ba32c6b046bc5; exact current HEAD/dirty state requires T1.1.1.; Canonical macro task AT-006: Persist occurrence-to-content identity using canonical SHA-256; evidence: GAP-004, GAP-005, REQ-004, REQ-005; [ATLAS:efa547cafc64b58d60d19dcc1e5ba32c6b046bc5:atlas/storage/hash_store.py:L34-L63]; [ATLAS:efa547cafc64b58d60d19dcc1e5ba32c6b046bc5:atlas/phases/fingerprinting.py:L20-L136]; Canonical proposed files/interfaces: Create/extend `atlas/artifacts/models.py`, `atlas/artifacts/hasher.py`; refactor `atlas/storage/hash_store.py`, `atlas/phases/fingerprinting.py`; migrations. / `ContentIdentity`, `OccurrenceContentBinding`, `HashObservation`, `Hasher` protocol; compatibility `HashStore` facade.",atlas/artifacts/identity.py::lookup_content [extend]; atlas/persistence/repositories/content.py [create]; atlas/phases/fingerprinting.py result contract [extend],A restart recognizes previously seen content without recomputing downstream identity state.,A restart recognizes previously seen content without recomputing downstream identity state.; Every duplicate occurrence is persisted and queryable.; Reuse eligibility is false unless exact downstream keys and integrity requirements are satisfied.; High-occurrence queries remain bounded and indexed.,incomplete
28,T7.1.4,E7,Persistent content identity and occurrence linkage,Preserve `HashStore` compatibility while removing process-local authority,P0,10,"T7.1.2, T7.1.3",{COMPATIBILITY} {IDENTITY} {OBSERVABILITY},"PREDECESSOR-PACKAGE:ATLAS_Production_TODO_Package.zip@sha256:ca960729b67579b1b08fdedea786feb4594d0649353521c9dbcaf0f2fdb2d09f; LATEST-ZIP:ATLAS_Task_Registry.json:AT-006; REQ-004,REQ-005; PDF:p.6,p.8,p.12,p.16,p.23,p.28,p.31; ADR-005,ADR-006; GAP-004,GAP-005","Evidence mode: ATTACHED-SNAPSHOT; canonical predecessor production package sha256=ca960729b67579b1b08fdedea786feb4594d0649353521c9dbcaf0f2fdb2d09f; embedded architecture package sha256=c2571cf6f6582a3e86f487e7ae817641d3b74e4425fe49e97889c9a29d9f9b97.; Public ATLAS main page retrieved 2026-08-21 shows branch `main`, 35 commits, the expected root tree, current README, and documented limitations; frozen code baseline remains Runndownn/ATLAS@efa547cafc64b58d60d19dcc1e5ba32c6b046bc5; exact current HEAD/dirty state requires T1.1.1.; Canonical macro task AT-006: Persist occurrence-to-content identity using canonical SHA-256; evidence: GAP-004, GAP-005, REQ-004, REQ-005; [ATLAS:efa547cafc64b58d60d19dcc1e5ba32c6b046bc5:atlas/storage/hash_store.py:L34-L63]; [ATLAS:efa547cafc64b58d60d19dcc1e5ba32c6b046bc5:atlas/phases/fingerprinting.py:L20-L136]; Canonical proposed files/interfaces: Create/extend `atlas/artifacts/models.py`, `atlas/artifacts/hasher.py`; refactor `atlas/storage/hash_store.py`, `atlas/phases/fingerprinting.py`; migrations. / `ContentIdentity`, `OccurrenceContentBinding`, `HashObservation`, `Hasher` protocol; compatibility `HashStore` facade.",atlas/storage/hash_store.py::HashStore [refactor]; atlas/storage/__init__.py [extend]; tests/compatibility/test_hash_store_v0_1.py [create],Supported legacy calls return documented equivalent results from persistent state.,Supported legacy calls return documented equivalent results from persistent state.; No in-memory manifest is authoritative after migration.; Deprecated semantics produce actionable warnings and migration docs.; Compatibility tests cover restart and multiple-runtime cases.,incomplete
29,T8.1.1,E8,Durable events and transactional outbox,Define versioned durable event and outbox schemas,P0,12,"T4.1.4, T5.1.4",{EVENTS} {PERSISTENCE} {COMPATIBILITY},"PREDECESSOR-PACKAGE:ATLAS_Production_TODO_Package.zip@sha256:ca960729b67579b1b08fdedea786feb4594d0649353521c9dbcaf0f2fdb2d09f; LATEST-ZIP:ATLAS_Task_Registry.json:AT-007; REQ-013,REQ-024; PDF:p.10,p.13,p.18,p.23; ADR-004,ADR-012; R-08,R-14","Evidence mode: ATTACHED-SNAPSHOT; canonical predecessor production package sha256=ca960729b67579b1b08fdedea786feb4594d0649353521c9dbcaf0f2fdb2d09f; embedded architecture package sha256=c2571cf6f6582a3e86f487e7ae817641d3b74e4425fe49e97889c9a29d9f9b97.; Public ATLAS main page retrieved 2026-08-21 shows branch `main`, 35 commits, the expected root tree, current README, and documented limitations; frozen code baseline remains Runndownn/ATLAS@efa547cafc64b58d60d19dcc1e5ba32c6b046bc5; exact current HEAD/dirty state requires T1.1.1.; Canonical macro task AT-007: Make state transition, event history, and outbox atomic; evidence: GAP-009, GAP-010, REQ-013, REQ-024; [ATLAS:efa547cafc64b58d60d19dcc1e5ba32c6b046bc5:atlas/core/orchestrator.py:L298-L339]; [ATLAS:efa547cafc64b58d60d19dcc1e5ba32c6b046bc5:atlas/core/event_bus.py:L24-L230]; Canonical proposed files/interfaces: Create `atlas/events/models.py`, `atlas/events/recorder.py`, `atlas/events/dispatcher.py`; split/refactor `atlas/core/event_bus.py`; migrations. / `DurableEvent`, `EventRecorder`, `OutboxMessage`, `EventDispatcher`, `EventTransport`.",atlas/events/models.py::DurableEvent [create]; atlas/events/models.py::OutboxRecord [create]; events and outbox migrations [create],Every required transition event has a stable typed schema and entity references.,Every required transition event has a stable typed schema and entity references.; Local sequence establishes deterministic within-store ordering.; Outbox state is distinct from event history and transport-specific payload.; Event evolution rules preserve old history and reject unsafe downgrade.,incomplete
30,T8.1.2,E8,Durable events and transactional outbox,"Record state transitions, durable events, and outbox rows atomically",P0,16,T8.1.1,{EVENTS} {PERSISTENCE} {LIFECYCLE},"PREDECESSOR-PACKAGE:ATLAS_Production_TODO_Package.zip@sha256:ca960729b67579b1b08fdedea786feb4594d0649353521c9dbcaf0f2fdb2d09f; LATEST-ZIP:ATLAS_Task_Registry.json:AT-007; REQ-013,REQ-024; PDF:p.10,p.13,p.18,p.23; ADR-004,ADR-012; R-08,R-14","Evidence mode: ATTACHED-SNAPSHOT; canonical predecessor production package sha256=ca960729b67579b1b08fdedea786feb4594d0649353521c9dbcaf0f2fdb2d09f; embedded architecture package sha256=c2571cf6f6582a3e86f487e7ae817641d3b74e4425fe49e97889c9a29d9f9b97.; Public ATLAS main page retrieved 2026-08-21 shows branch `main`, 35 commits, the expected root tree, current README, and documented limitations; frozen code baseline remains Runndownn/ATLAS@efa547cafc64b58d60d19dcc1e5ba32c6b046bc5; exact current HEAD/dirty state requires T1.1.1.; Canonical macro task AT-007: Make state transition, event history, and outbox atomic; evidence: GAP-009, GAP-010, REQ-013, REQ-024; [ATLAS:efa547cafc64b58d60d19dcc1e5ba32c6b046bc5:atlas/core/orchestrator.py:L298-L339]; [ATLAS:efa547cafc64b58d60d19dcc1e5ba32c6b046bc5:atlas/core/event_bus.py:L24-L230]; Canonical proposed files/interfaces: Create `atlas/events/models.py`, `atlas/events/recorder.py`, `atlas/events/dispatcher.py`; split/refactor `atlas/core/event_bus.py`; migrations. / `DurableEvent`, `EventRecorder`, `OutboxMessage`, `EventDispatcher`, `EventTransport`.",atlas/events/recorder.py::DurableEventRecorder [create]; atlas/core/lifecycle.py [extend]; atlas/core/job_store.py::store_event [refactor],Fault injection at every transaction step yields all-or-nothing state/history/outbox.,Fault injection at every transaction step yields all-or-nothing state/history/outbox.; Every required transition query returns its durable event.; Duplicate commands do not create duplicate lifecycle effects.; Transport outage cannot corrupt or roll back already-valid state.,incomplete
31,T8.1.3,E8,Durable events and transactional outbox,Implement the idempotent outbox dispatcher and delivery backpressure,P0,16,T8.1.1,{EVENTS} {RECOVERY} {PERFORMANCE},"PREDECESSOR-PACKAGE:ATLAS_Production_TODO_Package.zip@sha256:ca960729b67579b1b08fdedea786feb4594d0649353521c9dbcaf0f2fdb2d09f; LATEST-ZIP:ATLAS_Task_Registry.json:AT-007; REQ-013,REQ-024; PDF:p.10,p.13,p.18,p.23; ADR-004,ADR-012; R-08,R-14","Evidence mode: ATTACHED-SNAPSHOT; canonical predecessor production package sha256=ca960729b67579b1b08fdedea786feb4594d0649353521c9dbcaf0f2fdb2d09f; embedded architecture package sha256=c2571cf6f6582a3e86f487e7ae817641d3b74e4425fe49e97889c9a29d9f9b97.; Public ATLAS main page retrieved 2026-08-21 shows branch `main`, 35 commits, the expected root tree, current README, and documented limitations; frozen code baseline remains Runndownn/ATLAS@efa547cafc64b58d60d19dcc1e5ba32c6b046bc5; exact current HEAD/dirty state requires T1.1.1.; Canonical macro task AT-007: Make state transition, event history, and outbox atomic; evidence: GAP-009, GAP-010, REQ-013, REQ-024; [ATLAS:efa547cafc64b58d60d19dcc1e5ba32c6b046bc5:atlas/core/orchestrator.py:L298-L339]; [ATLAS:efa547cafc64b58d60d19dcc1e5ba32c6b046bc5:atlas/core/event_bus.py:L24-L230]; Canonical proposed files/interfaces: Create `atlas/events/models.py`, `atlas/events/recorder.py`, `atlas/events/dispatcher.py`; split/refactor `atlas/core/event_bus.py`; migrations. / `DurableEvent`, `EventRecorder`, `OutboxMessage`, `EventDispatcher`, `EventTransport`.",atlas/events/dispatcher.py::OutboxDispatcher [create]; atlas/core/event_bus.py [refactor]; atlas/events/transports/base.py [create],Redelivery creates no duplicate lifecycle effect.,Redelivery creates no duplicate lifecycle effect.; A poison event is isolated and does not starve later records.; Backlog limits produce documented block/degrade behavior and diagnostics.; Disabling all transports leaves core execution correct.,incomplete
32,T8.1.4,E8,Durable events and transactional outbox,"Define progress-event sampling, retention, replay, and event diagnostics",P0,12,"T8.1.2, T8.1.3",{EVENTS} {OBSERVABILITY} {PERFORMANCE},"PREDECESSOR-PACKAGE:ATLAS_Production_TODO_Package.zip@sha256:ca960729b67579b1b08fdedea786feb4594d0649353521c9dbcaf0f2fdb2d09f; LATEST-ZIP:ATLAS_Task_Registry.json:AT-007; REQ-013,REQ-024; PDF:p.10,p.13,p.18,p.23; ADR-004,ADR-012; R-08,R-14","Evidence mode: ATTACHED-SNAPSHOT; canonical predecessor production package sha256=ca960729b67579b1b08fdedea786feb4594d0649353521c9dbcaf0f2fdb2d09f; embedded architecture package sha256=c2571cf6f6582a3e86f487e7ae817641d3b74e4425fe49e97889c9a29d9f9b97.; Public ATLAS main page retrieved 2026-08-21 shows branch `main`, 35 commits, the expected root tree, current README, and documented limitations; frozen code baseline remains Runndownn/ATLAS@efa547cafc64b58d60d19dcc1e5ba32c6b046bc5; exact current HEAD/dirty state requires T1.1.1.; Canonical macro task AT-007: Make state transition, event history, and outbox atomic; evidence: GAP-009, GAP-010, REQ-013, REQ-024; [ATLAS:efa547cafc64b58d60d19dcc1e5ba32c6b046bc5:atlas/core/orchestrator.py:L298-L339]; [ATLAS:efa547cafc64b58d60d19dcc1e5ba32c6b046bc5:atlas/core/event_bus.py:L24-L230]; Canonical proposed files/interfaces: Create `atlas/events/models.py`, `atlas/events/recorder.py`, `atlas/events/dispatcher.py`; split/refactor `atlas/core/event_bus.py`; migrations. / `DurableEvent`, `EventRecorder`, `OutboxMessage`, `EventDispatcher`, `EventTransport`.",atlas/events/policy.py [create]; atlas/events/queries.py [create]; atlas diagnostics events [extend],Current progress remains exact within defined update semantics even when history is sampled.,"Current progress remains exact within defined update semantics even when history is sampled.; Required event classes are never sampled or pruned outside policy.; Replay/export detects gaps and schema incompatibility.; Event diagnostics identify backlog, dead letters, retention watermark, and sequence gaps.",incomplete
33,T9.1.1,E9,"Durable progress, controls, safe points, and checkpoints","Define `PhaseContext`, progress, control-request, and checkpoint contracts",P0,14,"T5.1.4, T8.1.4",{LIFECYCLE} {RECOVERY} {SECURITY},"PREDECESSOR-PACKAGE:ATLAS_Production_TODO_Package.zip@sha256:ca960729b67579b1b08fdedea786feb4594d0649353521c9dbcaf0f2fdb2d09f; LATEST-ZIP:ATLAS_Task_Registry.json:AT-008; REQ-008,REQ-015,REQ-016; PDF:p.12,p.14,p.28; ADR-011; GAP-006,GAP-007","Evidence mode: ATTACHED-SNAPSHOT; canonical predecessor production package sha256=ca960729b67579b1b08fdedea786feb4594d0649353521c9dbcaf0f2fdb2d09f; embedded architecture package sha256=c2571cf6f6582a3e86f487e7ae817641d3b74e4425fe49e97889c9a29d9f9b97.; Public ATLAS main page retrieved 2026-08-21 shows branch `main`, 35 commits, the expected root tree, current README, and documented limitations; frozen code baseline remains Runndownn/ATLAS@efa547cafc64b58d60d19dcc1e5ba32c6b046bc5; exact current HEAD/dirty state requires T1.1.1.; Canonical macro task AT-008: Persist progress, control requests, safe points, and versioned checkpoints; evidence: GAP-006, GAP-007, GAP-008, REQ-008, REQ-015, REQ-016, REQ-017.; Canonical proposed files/interfaces: Refactor `atlas/phases/base.py`, coordinator and CLI; create checkpoint/control models and persistence tables; add `atlas/core/context.py` if useful. / `PhaseContext.report_progress`, `.poll_control`, `.checkpoint`, `ControlRequest`, `Checkpoint`, `ResumeDecision`.",atlas/core/context.py::PhaseContext [create]; atlas/models/controls.py [create]; atlas/models/checkpoints.py [create],"Contracts distinguish current progress, sampled history, controls, and checkpoints.","Contracts distinguish current progress, sampled history, controls, and checkpoints.; All serialized records are versioned and digestible.; PhaseContext grants no direct lifecycle authority.; Safe-point and maximum-control-latency requirements are expressible per phase.",incomplete
34,T9.1.2,E9,"Durable progress, controls, safe points, and checkpoints",Persist live progress and deterministic job-level projections,P0,14,T9.1.1,{OBSERVABILITY} {PERSISTENCE} {PERFORMANCE},"PREDECESSOR-PACKAGE:ATLAS_Production_TODO_Package.zip@sha256:ca960729b67579b1b08fdedea786feb4594d0649353521c9dbcaf0f2fdb2d09f; LATEST-ZIP:ATLAS_Task_Registry.json:AT-008; REQ-008,REQ-015,REQ-016; PDF:p.12,p.14,p.28; ADR-011; GAP-006,GAP-007","Evidence mode: ATTACHED-SNAPSHOT; canonical predecessor production package sha256=ca960729b67579b1b08fdedea786feb4594d0649353521c9dbcaf0f2fdb2d09f; embedded architecture package sha256=c2571cf6f6582a3e86f487e7ae817641d3b74e4425fe49e97889c9a29d9f9b97.; Public ATLAS main page retrieved 2026-08-21 shows branch `main`, 35 commits, the expected root tree, current README, and documented limitations; frozen code baseline remains Runndownn/ATLAS@efa547cafc64b58d60d19dcc1e5ba32c6b046bc5; exact current HEAD/dirty state requires T1.1.1.; Canonical macro task AT-008: Persist progress, control requests, safe points, and versioned checkpoints; evidence: GAP-006, GAP-007, GAP-008, REQ-008, REQ-015, REQ-016, REQ-017.; Canonical proposed files/interfaces: Refactor `atlas/phases/base.py`, coordinator and CLI; create checkpoint/control models and persistence tables; add `atlas/core/context.py` if useful. / `PhaseContext.report_progress`, `.poll_control`, `.checkpoint`, `ControlRequest`, `Checkpoint`, `ResumeDecision`.",atlas/persistence/repositories/progress.py [create]; atlas/phases/base.py::report_progress [refactor]; atlas/status/projection.py [create],A second process observes progress within the documented staleness bound.,A second process observes progress within the documented staleness bound.; Job-level progress is deterministic and never decreases except by a documented retry-generation reset.; Progress write volume remains bounded under million-entry workloads.; Terminal state and final progress are mutually consistent.,incomplete
35,T9.1.3,E9,"Durable progress, controls, safe points, and checkpoints",Implement durable control requests and safe-point acknowledgement,P0,16,T9.1.1,{LIFECYCLE} {RECOVERY} {SECURITY},"PREDECESSOR-PACKAGE:ATLAS_Production_TODO_Package.zip@sha256:ca960729b67579b1b08fdedea786feb4594d0649353521c9dbcaf0f2fdb2d09f; LATEST-ZIP:ATLAS_Task_Registry.json:AT-008; REQ-008,REQ-015,REQ-016; PDF:p.12,p.14,p.28; ADR-011; GAP-006,GAP-007","Evidence mode: ATTACHED-SNAPSHOT; canonical predecessor production package sha256=ca960729b67579b1b08fdedea786feb4594d0649353521c9dbcaf0f2fdb2d09f; embedded architecture package sha256=c2571cf6f6582a3e86f487e7ae817641d3b74e4425fe49e97889c9a29d9f9b97.; Public ATLAS main page retrieved 2026-08-21 shows branch `main`, 35 commits, the expected root tree, current README, and documented limitations; frozen code baseline remains Runndownn/ATLAS@efa547cafc64b58d60d19dcc1e5ba32c6b046bc5; exact current HEAD/dirty state requires T1.1.1.; Canonical macro task AT-008: Persist progress, control requests, safe points, and versioned checkpoints; evidence: GAP-006, GAP-007, GAP-008, REQ-008, REQ-015, REQ-016, REQ-017.; Canonical proposed files/interfaces: Refactor `atlas/phases/base.py`, coordinator and CLI; create checkpoint/control models and persistence tables; add `atlas/core/context.py` if useful. / `PhaseContext.report_progress`, `.poll_control`, `.checkpoint`, `ControlRequest`, `Checkpoint`, `ResumeDecision`.",atlas/core/control_service.py::ControlRequestService [create]; atlas/phases/base.py::control_point [extend]; atlas/cli.py::pause/resume/cancel [refactor],A second process can request and observe applied/rejected control state.,A second process can request and observe applied/rejected control state.; `PAUSED` is reached only after durable safe-point acknowledgement.; Duplicate control requests are idempotent and conflicting payloads are rejected.; Built-in phases document and test maximum control latency.,incomplete
36,T9.1.4,E9,"Durable progress, controls, safe points, and checkpoints","Implement checkpoint validation, resume decisions, and stale-checkpoint rejection",P0,16,"T9.1.2, T9.1.3",{RECOVERY} {LIFECYCLE} {PROVENANCE},"PREDECESSOR-PACKAGE:ATLAS_Production_TODO_Package.zip@sha256:ca960729b67579b1b08fdedea786feb4594d0649353521c9dbcaf0f2fdb2d09f; LATEST-ZIP:ATLAS_Task_Registry.json:AT-008; REQ-008,REQ-015,REQ-016; PDF:p.12,p.14,p.28; ADR-011; GAP-006,GAP-007","Evidence mode: ATTACHED-SNAPSHOT; canonical predecessor production package sha256=ca960729b67579b1b08fdedea786feb4594d0649353521c9dbcaf0f2fdb2d09f; embedded architecture package sha256=c2571cf6f6582a3e86f487e7ae817641d3b74e4425fe49e97889c9a29d9f9b97.; Public ATLAS main page retrieved 2026-08-21 shows branch `main`, 35 commits, the expected root tree, current README, and documented limitations; frozen code baseline remains Runndownn/ATLAS@efa547cafc64b58d60d19dcc1e5ba32c6b046bc5; exact current HEAD/dirty state requires T1.1.1.; Canonical macro task AT-008: Persist progress, control requests, safe points, and versioned checkpoints; evidence: GAP-006, GAP-007, GAP-008, REQ-008, REQ-015, REQ-016, REQ-017.; Canonical proposed files/interfaces: Refactor `atlas/phases/base.py`, coordinator and CLI; create checkpoint/control models and persistence tables; add `atlas/core/context.py` if useful. / `PhaseContext.report_progress`, `.poll_control`, `.checkpoint`, `ControlRequest`, `Checkpoint`, `ResumeDecision`.",atlas/core/checkpoint_service.py::CheckpointService [create]; atlas/phases/* checkpoint adapters [extend]; atlas/persistence/repositories/checkpoints.py [create],Stale or incompatible checkpoints never resume execution.,Stale or incompatible checkpoints never resume execution.; Every built-in phase declares checkpoint granularity and validation inputs.; Crash tests resume or restart according to one deterministic rule.; Checkpoint rejection remains visible in status and diagnostics.,incomplete
37,T10.1.1,E10,Canonical race-resistant source access,Specify source-access policy and platform capability contracts,P0,12,T6.1.4,{SAFETY} {SECURITY} {COMPATIBILITY},"PREDECESSOR-PACKAGE:ATLAS_Production_TODO_Package.zip@sha256:ca960729b67579b1b08fdedea786feb4594d0649353521c9dbcaf0f2fdb2d09f; LATEST-ZIP:ATLAS_Task_Registry.json:AT-009; REQ-011; PDF:p.13,p.23; R-03,R-04; E-ATL-016","Evidence mode: ATTACHED-SNAPSHOT; canonical predecessor production package sha256=ca960729b67579b1b08fdedea786feb4594d0649353521c9dbcaf0f2fdb2d09f; embedded architecture package sha256=c2571cf6f6582a3e86f487e7ae817641d3b74e4425fe49e97889c9a29d9f9b97.; Public ATLAS main page retrieved 2026-08-21 shows branch `main`, 35 commits, the expected root tree, current README, and documented limitations; frozen code baseline remains Runndownn/ATLAS@efa547cafc64b58d60d19dcc1e5ba32c6b046bc5; exact current HEAD/dirty state requires T1.1.1.; Canonical macro task AT-009: Create one canonical race-resistant SourceAccess service; evidence: GAP-004, GAP-012, REQ-011; [ATLAS:efa547cafc64b58d60d19dcc1e5ba32c6b046bc5:atlas/safety/path_safety.py:L26-L146].; Canonical proposed files/interfaces: Create `atlas/safety/source_access.py`; extend `atlas/safety/path_safety.py`; integrate all phases and intake/artifact services. / `SourceAccess.open_occurrence`, `stat_occurrence`, `read_stream`; `PathPolicy`; platform capability report.",atlas/safety/source_access.py::SourceAccessPolicy [create]; atlas/safety/path_safety.py [refactor]; docs/security/source-access.md [create],Policy documents exact guarantees by supported platform.,Policy documents exact guarantees by supported platform.; Unsafe or unsupported capability combinations fail before intake/job execution.; Source and destination path authorities remain separate.; Every normalization and policy decision has a stable error/status code.,incomplete
38,T10.1.2,E10,Canonical race-resistant source access,Implement handle-relative no-follow opens and occurrence verification,P0,16,T10.1.1,{SAFETY} {SECURITY} {PERFORMANCE},"PREDECESSOR-PACKAGE:ATLAS_Production_TODO_Package.zip@sha256:ca960729b67579b1b08fdedea786feb4594d0649353521c9dbcaf0f2fdb2d09f; LATEST-ZIP:ATLAS_Task_Registry.json:AT-009; REQ-011; PDF:p.13,p.23; R-03,R-04; E-ATL-016","Evidence mode: ATTACHED-SNAPSHOT; canonical predecessor production package sha256=ca960729b67579b1b08fdedea786feb4594d0649353521c9dbcaf0f2fdb2d09f; embedded architecture package sha256=c2571cf6f6582a3e86f487e7ae817641d3b74e4425fe49e97889c9a29d9f9b97.; Public ATLAS main page retrieved 2026-08-21 shows branch `main`, 35 commits, the expected root tree, current README, and documented limitations; frozen code baseline remains Runndownn/ATLAS@efa547cafc64b58d60d19dcc1e5ba32c6b046bc5; exact current HEAD/dirty state requires T1.1.1.; Canonical macro task AT-009: Create one canonical race-resistant SourceAccess service; evidence: GAP-004, GAP-012, REQ-011; [ATLAS:efa547cafc64b58d60d19dcc1e5ba32c6b046bc5:atlas/safety/path_safety.py:L26-L146].; Canonical proposed files/interfaces: Create `atlas/safety/source_access.py`; extend `atlas/safety/path_safety.py`; integrate all phases and intake/artifact services. / `SourceAccess.open_occurrence`, `stat_occurrence`, `read_stream`; `PathPolicy`; platform capability report.",atlas/safety/source_access.py::SourceAccessService [create]; atlas/safety/source_access_posix.py [create]; atlas/safety/source_access_windows.py [create],Symlink/reparse swap fixtures cannot escape the registered root.,"Symlink/reparse swap fixtures cannot escape the registered root.; Opened object identity is compared to the occurrence before bytes are trusted.; Unsupported strong primitives are reported, never silently emulated as equivalent.; All descriptors close on success, cancellation, and failure.",incomplete
39,T10.1.3,E10,Canonical race-resistant source access,Create separate safe temporary and destination path services,P0,12,T10.1.1,{SAFETY} {STORAGE} {SECURITY},"PREDECESSOR-PACKAGE:ATLAS_Production_TODO_Package.zip@sha256:ca960729b67579b1b08fdedea786feb4594d0649353521c9dbcaf0f2fdb2d09f; LATEST-ZIP:ATLAS_Task_Registry.json:AT-009; REQ-011; PDF:p.13,p.23; R-03,R-04; E-ATL-016","Evidence mode: ATTACHED-SNAPSHOT; canonical predecessor production package sha256=ca960729b67579b1b08fdedea786feb4594d0649353521c9dbcaf0f2fdb2d09f; embedded architecture package sha256=c2571cf6f6582a3e86f487e7ae817641d3b74e4425fe49e97889c9a29d9f9b97.; Public ATLAS main page retrieved 2026-08-21 shows branch `main`, 35 commits, the expected root tree, current README, and documented limitations; frozen code baseline remains Runndownn/ATLAS@efa547cafc64b58d60d19dcc1e5ba32c6b046bc5; exact current HEAD/dirty state requires T1.1.1.; Canonical macro task AT-009: Create one canonical race-resistant SourceAccess service; evidence: GAP-004, GAP-012, REQ-011; [ATLAS:efa547cafc64b58d60d19dcc1e5ba32c6b046bc5:atlas/safety/path_safety.py:L26-L146].; Canonical proposed files/interfaces: Create `atlas/safety/source_access.py`; extend `atlas/safety/path_safety.py`; integrate all phases and intake/artifact services. / `SourceAccess.open_occurrence`, `stat_occurrence`, `read_stream`; `PathPolicy`; platform capability report.",atlas/artifacts/workspace_paths.py [create]; atlas/safety/destination_access.py [create]; atlas/safety/tempfiles.py [create],"All temp/workspace files are attempt-owned, permission-restricted, and contained.","All temp/workspace files are attempt-owned, permission-restricted, and contained.; No-replace behavior is capability-tested and collision-safe.; Cleanup is idempotent and cannot escape its root.; Source and destination APIs cannot be substituted for one another by type/interface.",incomplete
40,T10.1.4,E10,Canonical race-resistant source access,Route every built-in filesystem operation through canonical access services,P0,16,"T10.1.2, T10.1.3",{SAFETY} {ARCHITECTURE} {SECURITY},"PREDECESSOR-PACKAGE:ATLAS_Production_TODO_Package.zip@sha256:ca960729b67579b1b08fdedea786feb4594d0649353521c9dbcaf0f2fdb2d09f; LATEST-ZIP:ATLAS_Task_Registry.json:AT-009; REQ-011; PDF:p.13,p.23; R-03,R-04; E-ATL-016","Evidence mode: ATTACHED-SNAPSHOT; canonical predecessor production package sha256=ca960729b67579b1b08fdedea786feb4594d0649353521c9dbcaf0f2fdb2d09f; embedded architecture package sha256=c2571cf6f6582a3e86f487e7ae817641d3b74e4425fe49e97889c9a29d9f9b97.; Public ATLAS main page retrieved 2026-08-21 shows branch `main`, 35 commits, the expected root tree, current README, and documented limitations; frozen code baseline remains Runndownn/ATLAS@efa547cafc64b58d60d19dcc1e5ba32c6b046bc5; exact current HEAD/dirty state requires T1.1.1.; Canonical macro task AT-009: Create one canonical race-resistant SourceAccess service; evidence: GAP-004, GAP-012, REQ-011; [ATLAS:efa547cafc64b58d60d19dcc1e5ba32c6b046bc5:atlas/safety/path_safety.py:L26-L146].; Canonical proposed files/interfaces: Create `atlas/safety/source_access.py`; extend `atlas/safety/path_safety.py`; integrate all phases and intake/artifact services. / `SourceAccess.open_occurrence`, `stat_occurrence`, `read_stream`; `PathPolicy`; platform capability report.",atlas/phases/* [refactor]; atlas/safety/guardrails.py [create]; tests/security/test_filesystem_authority.py [create],Static analysis finds no unapproved direct filesystem authority in built-in phases.,Static analysis finds no unapproved direct filesystem authority in built-in phases.; Every source read is attributable to SourceRoot/Generation/Occurrence.; Every write is attributable to job/phase/attempt/workspace or publication attempt.; Bypass attempts fail deterministic security tests.,incomplete
41,T11.1.1,E11,"Quarantine, recursive archive budgets, and controlled materialization",Implement attempt-owned quarantine workspace lifecycle,P0,16,"T7.1.4, T10.1.4",{SAFETY} {STORAGE} {RECOVERY},"PREDECESSOR-PACKAGE:ATLAS_Production_TODO_Package.zip@sha256:ca960729b67579b1b08fdedea786feb4594d0649353521c9dbcaf0f2fdb2d09f; LATEST-ZIP:ATLAS_Task_Registry.json:AT-010; REQ-009,REQ-010,REQ-012; PDF:p.7,p.13,p.23,p.25; R-05; GAP-010,GAP-013","Evidence mode: ATTACHED-SNAPSHOT; canonical predecessor production package sha256=ca960729b67579b1b08fdedea786feb4594d0649353521c9dbcaf0f2fdb2d09f; embedded architecture package sha256=c2571cf6f6582a3e86f487e7ae817641d3b74e4425fe49e97889c9a29d9f9b97.; Public ATLAS main page retrieved 2026-08-21 shows branch `main`, 35 commits, the expected root tree, current README, and documented limitations; frozen code baseline remains Runndownn/ATLAS@efa547cafc64b58d60d19dcc1e5ba32c6b046bc5; exact current HEAD/dirty state requires T1.1.1.; Canonical macro task AT-010: Introduce quarantine workspaces and recursive cumulative archive budgets; evidence: GAP-012, GAP-013, REQ-009, REQ-010, REQ-012; [ATLAS:efa547cafc64b58d60d19dcc1e5ba32c6b046bc5:atlas/phases/extraction.py:L20-L181]; [ATLAS:efa547cafc64b58d60d19dcc1e5ba32c6b046bc5:atlas/safety/archive_safety.py].; Canonical proposed files/interfaces: Create `atlas/artifacts/workspace.py`; extend `atlas/safety/archive_safety.py`, `atlas/phases/structural_discovery.py`, `atlas/phases/extraction.py`. / `WorkspaceManager`, `ArchiveBudget`, `StructuralReport`, `MaterializationPlan`, `ExtractionRecord`.",atlas/artifacts/workspace.py::WorkspaceManager [create]; workspaces migration [create]; atlas/core/runtime.py [extend],No Phase-D or analyzer write occurs under any registered source root.,"No Phase-D or analyzer write occurs under any registered source root.; Every workspace is attributable to one attempt and has deterministic status/recovery.; Quotas and actual usage are persisted and enforced.; Cleanup is idempotent, contained, and preserves evidence when ownership is uncertain.",incomplete
42,T11.1.2,E11,"Quarantine, recursive archive budgets, and controlled materialization",Implement recursive structural inspection under cumulative archive budgets,P0,16,T11.1.1,{SAFETY} {PERFORMANCE} {PROVENANCE},"PREDECESSOR-PACKAGE:ATLAS_Production_TODO_Package.zip@sha256:ca960729b67579b1b08fdedea786feb4594d0649353521c9dbcaf0f2fdb2d09f; LATEST-ZIP:ATLAS_Task_Registry.json:AT-010; REQ-009,REQ-010,REQ-012; PDF:p.7,p.13,p.23,p.25; R-05; GAP-010,GAP-013","Evidence mode: ATTACHED-SNAPSHOT; canonical predecessor production package sha256=ca960729b67579b1b08fdedea786feb4594d0649353521c9dbcaf0f2fdb2d09f; embedded architecture package sha256=c2571cf6f6582a3e86f487e7ae817641d3b74e4425fe49e97889c9a29d9f9b97.; Public ATLAS main page retrieved 2026-08-21 shows branch `main`, 35 commits, the expected root tree, current README, and documented limitations; frozen code baseline remains Runndownn/ATLAS@efa547cafc64b58d60d19dcc1e5ba32c6b046bc5; exact current HEAD/dirty state requires T1.1.1.; Canonical macro task AT-010: Introduce quarantine workspaces and recursive cumulative archive budgets; evidence: GAP-012, GAP-013, REQ-009, REQ-010, REQ-012; [ATLAS:efa547cafc64b58d60d19dcc1e5ba32c6b046bc5:atlas/phases/extraction.py:L20-L181]; [ATLAS:efa547cafc64b58d60d19dcc1e5ba32c6b046bc5:atlas/safety/archive_safety.py].; Canonical proposed files/interfaces: Create `atlas/artifacts/workspace.py`; extend `atlas/safety/archive_safety.py`, `atlas/phases/structural_discovery.py`, `atlas/phases/extraction.py`. / `WorkspaceManager`, `ArchiveBudget`, `StructuralReport`, `MaterializationPlan`, `ExtractionRecord`.",atlas/safety/archive_safety.py::ArchiveBudgetController [create]; atlas/phases/structural_discovery.py [refactor]; atlas/artifacts/structural_inspection.py [create],All adversarial containers terminate within configured CPU/time/byte/member/depth bounds.,All adversarial containers terminate within configured CPU/time/byte/member/depth bounds.; Nested limits are cumulative and recursively enforced.; Every member decision is recorded with stable reason and parent linkage.; Unknown or partial inspection cannot authorize extraction.,incomplete
43,T11.1.3,E11,"Quarantine, recursive archive budgets, and controlled materialization",Implement exact-report-bound `MaterializationService`,P0,16,T11.1.1,{SAFETY} {STORAGE} {LIFECYCLE},"PREDECESSOR-PACKAGE:ATLAS_Production_TODO_Package.zip@sha256:ca960729b67579b1b08fdedea786feb4594d0649353521c9dbcaf0f2fdb2d09f; LATEST-ZIP:ATLAS_Task_Registry.json:AT-010; REQ-009,REQ-010,REQ-012; PDF:p.7,p.13,p.23,p.25; R-05; GAP-010,GAP-013","Evidence mode: ATTACHED-SNAPSHOT; canonical predecessor production package sha256=ca960729b67579b1b08fdedea786feb4594d0649353521c9dbcaf0f2fdb2d09f; embedded architecture package sha256=c2571cf6f6582a3e86f487e7ae817641d3b74e4425fe49e97889c9a29d9f9b97.; Public ATLAS main page retrieved 2026-08-21 shows branch `main`, 35 commits, the expected root tree, current README, and documented limitations; frozen code baseline remains Runndownn/ATLAS@efa547cafc64b58d60d19dcc1e5ba32c6b046bc5; exact current HEAD/dirty state requires T1.1.1.; Canonical macro task AT-010: Introduce quarantine workspaces and recursive cumulative archive budgets; evidence: GAP-012, GAP-013, REQ-009, REQ-010, REQ-012; [ATLAS:efa547cafc64b58d60d19dcc1e5ba32c6b046bc5:atlas/phases/extraction.py:L20-L181]; [ATLAS:efa547cafc64b58d60d19dcc1e5ba32c6b046bc5:atlas/safety/archive_safety.py].; Canonical proposed files/interfaces: Create `atlas/artifacts/workspace.py`; extend `atlas/safety/archive_safety.py`, `atlas/phases/structural_discovery.py`, `atlas/phases/extraction.py`. / `WorkspaceManager`, `ArchiveBudget`, `StructuralReport`, `MaterializationPlan`, `ExtractionRecord`.",atlas/artifacts/materialization.py::MaterializationService [create]; atlas/phases/extraction.py [refactor]; atlas/safety/archive_safety.py [extend],Phase D rejects every report/content/config/policy mismatch before writing.,"Phase D rejects every report/content/config/policy mismatch before writing.; No output escapes the attempt workspace or overwrites an existing file.; Actual written bytes and file counts remain within cumulative budgets.; Partial/cancelled attempts retain deterministic status, evidence, and cleanup ownership.",incomplete
44,T11.1.4,E11,"Quarantine, recursive archive budgets, and controlled materialization",Persist derivation edges and adversarial materialization evidence,P0,14,"T11.1.2, T11.1.3",{PROVENANCE} {SAFETY} {RELEASE},"PREDECESSOR-PACKAGE:ATLAS_Production_TODO_Package.zip@sha256:ca960729b67579b1b08fdedea786feb4594d0649353521c9dbcaf0f2fdb2d09f; LATEST-ZIP:ATLAS_Task_Registry.json:AT-010; REQ-009,REQ-010,REQ-012; PDF:p.7,p.13,p.23,p.25; R-05; GAP-010,GAP-013","Evidence mode: ATTACHED-SNAPSHOT; canonical predecessor production package sha256=ca960729b67579b1b08fdedea786feb4594d0649353521c9dbcaf0f2fdb2d09f; embedded architecture package sha256=c2571cf6f6582a3e86f487e7ae817641d3b74e4425fe49e97889c9a29d9f9b97.; Public ATLAS main page retrieved 2026-08-21 shows branch `main`, 35 commits, the expected root tree, current README, and documented limitations; frozen code baseline remains Runndownn/ATLAS@efa547cafc64b58d60d19dcc1e5ba32c6b046bc5; exact current HEAD/dirty state requires T1.1.1.; Canonical macro task AT-010: Introduce quarantine workspaces and recursive cumulative archive budgets; evidence: GAP-012, GAP-013, REQ-009, REQ-010, REQ-012; [ATLAS:efa547cafc64b58d60d19dcc1e5ba32c6b046bc5:atlas/phases/extraction.py:L20-L181]; [ATLAS:efa547cafc64b58d60d19dcc1e5ba32c6b046bc5:atlas/safety/archive_safety.py].; Canonical proposed files/interfaces: Create `atlas/artifacts/workspace.py`; extend `atlas/safety/archive_safety.py`, `atlas/phases/structural_discovery.py`, `atlas/phases/extraction.py`. / `WorkspaceManager`, `ArchiveBudget`, `StructuralReport`, `MaterializationPlan`, `ExtractionRecord`.",atlas/artifacts/models.py::DerivationRecord [create]; atlas/persistence/repositories/derivations.py [create]; tests/fixtures/archives/adversarial/ [create],Every downstream extracted identity has at least one valid derivation edge.,Every downstream extracted identity has at least one valid derivation edge.; No derivation is committed before child hash verification.; Bidirectional lineage queries detect and reject orphan records.; Adversarial corpus tests complete within declared resource ceilings on supported platforms.,incomplete
45,T12.1.1,E12,Optional immutable local content store,Define `ContentStore` contracts and retention-mode semantics,P1,12,"T7.1.4, T10.1.4",{STORAGE} {IDENTITY} {CONFIGURATION},"PREDECESSOR-PACKAGE:ATLAS_Production_TODO_Package.zip@sha256:ca960729b67579b1b08fdedea786feb4594d0649353521c9dbcaf0f2fdb2d09f; LATEST-ZIP:ATLAS_Task_Registry.json:AT-011; REQ-005,REQ-026,REQ-029; PDF:p.19,p.23,p.24,p.28; ADR-005; R-06,R-07","Evidence mode: ATTACHED-SNAPSHOT; canonical predecessor production package sha256=ca960729b67579b1b08fdedea786feb4594d0649353521c9dbcaf0f2fdb2d09f; embedded architecture package sha256=c2571cf6f6582a3e86f487e7ae817641d3b74e4425fe49e97889c9a29d9f9b97.; Public ATLAS main page retrieved 2026-08-21 shows branch `main`, 35 commits, the expected root tree, current README, and documented limitations; frozen code baseline remains Runndownn/ATLAS@efa547cafc64b58d60d19dcc1e5ba32c6b046bc5; exact current HEAD/dirty state requires T1.1.1.; Canonical macro task AT-011: Add an optional local immutable content-addressable store; evidence: REQ-005, REQ-029; GAP-005; ADR-005.; Canonical proposed files/interfaces: Create `atlas/artifacts/store.py`; extend runtime/config/persistence; preserve `HashStore` facade. / `ContentStore.put/open/verify/has/reconcile`, `BlobRecord`, provider capability descriptor.",atlas/artifacts/store.py::ContentStore [create]; atlas/config/phases.py::ContentRetentionPolicy [create]; atlas/artifacts/models.py::BlobRecord [create],Retention mode has one documented effect on job state and replayability.,"Retention mode has one documented effect on job state and replayability.; Provider contract distinguishes absent, corrupt, unknown, and verified blobs.; Default mode and compatibility policy are approved and recorded.; No API equates `ContentIdentity` existence with managed-byte availability.",incomplete
46,T12.1.2,E12,Optional immutable local content store,"Implement staged, verified, no-replace local CAS writes",P1,16,T12.1.1,{STORAGE} {SECURITY} {RECOVERY},"PREDECESSOR-PACKAGE:ATLAS_Production_TODO_Package.zip@sha256:ca960729b67579b1b08fdedea786feb4594d0649353521c9dbcaf0f2fdb2d09f; LATEST-ZIP:ATLAS_Task_Registry.json:AT-011; REQ-005,REQ-026,REQ-029; PDF:p.19,p.23,p.24,p.28; ADR-005; R-06,R-07","Evidence mode: ATTACHED-SNAPSHOT; canonical predecessor production package sha256=ca960729b67579b1b08fdedea786feb4594d0649353521c9dbcaf0f2fdb2d09f; embedded architecture package sha256=c2571cf6f6582a3e86f487e7ae817641d3b74e4425fe49e97889c9a29d9f9b97.; Public ATLAS main page retrieved 2026-08-21 shows branch `main`, 35 commits, the expected root tree, current README, and documented limitations; frozen code baseline remains Runndownn/ATLAS@efa547cafc64b58d60d19dcc1e5ba32c6b046bc5; exact current HEAD/dirty state requires T1.1.1.; Canonical macro task AT-011: Add an optional local immutable content-addressable store; evidence: REQ-005, REQ-029; GAP-005; ADR-005.; Canonical proposed files/interfaces: Create `atlas/artifacts/store.py`; extend runtime/config/persistence; preserve `HashStore` facade. / `ContentStore.put/open/verify/has/reconcile`, `BlobRecord`, provider capability descriptor.",atlas/artifacts/local_store.py::LocalContentStore [create]; atlas/artifacts/store_paths.py [create]; atlas/artifacts/identity.py [extend],Repeated identical bytes consume one verified blob payload.,"Repeated identical bytes consume one verified blob payload.; Concurrent writes yield one commit and safe verified reuse.; Existing mismatch is blocked and surfaced as integrity incident.; Crash points leave valid blob, detectable orphan, or no blob—never false commit.",incomplete
47,T12.1.3,E12,Optional immutable local content store,"Persist blob provenance, references, quotas, and replayability status",P1,14,T12.1.1,{STORAGE} {PROVENANCE} {OBSERVABILITY},"PREDECESSOR-PACKAGE:ATLAS_Production_TODO_Package.zip@sha256:ca960729b67579b1b08fdedea786feb4594d0649353521c9dbcaf0f2fdb2d09f; LATEST-ZIP:ATLAS_Task_Registry.json:AT-011; REQ-005,REQ-026,REQ-029; PDF:p.19,p.23,p.24,p.28; ADR-005; R-06,R-07","Evidence mode: ATTACHED-SNAPSHOT; canonical predecessor production package sha256=ca960729b67579b1b08fdedea786feb4594d0649353521c9dbcaf0f2fdb2d09f; embedded architecture package sha256=c2571cf6f6582a3e86f487e7ae817641d3b74e4425fe49e97889c9a29d9f9b97.; Public ATLAS main page retrieved 2026-08-21 shows branch `main`, 35 commits, the expected root tree, current README, and documented limitations; frozen code baseline remains Runndownn/ATLAS@efa547cafc64b58d60d19dcc1e5ba32c6b046bc5; exact current HEAD/dirty state requires T1.1.1.; Canonical macro task AT-011: Add an optional local immutable content-addressable store; evidence: REQ-005, REQ-029; GAP-005; ADR-005.; Canonical proposed files/interfaces: Create `atlas/artifacts/store.py`; extend runtime/config/persistence; preserve `HashStore` facade. / `ContentStore.put/open/verify/has/reconcile`, `BlobRecord`, provider capability descriptor.",atlas/persistence/repositories/blobs.py [create]; atlas/artifacts/store.py::ContentCaptureService [create]; atlas/status/projection.py [extend],"Every committed blob has verifiable identity, provider, provenance, and retention status.","Every committed blob has verifiable identity, provider, provenance, and retention status.; Replayability is accurate after restart and missing/corrupt file detection.; Quota use and reservations reconcile deterministically.; Identity-only and captured modes remain distinguishable in APIs/events.",incomplete
48,T12.1.4,E12,Optional immutable local content store,Implement CAS integrity scans and orphan reconciliation hooks,P1,14,"T12.1.2, T12.1.3",{STORAGE} {RECOVERY} {OPERATIONS},"PREDECESSOR-PACKAGE:ATLAS_Production_TODO_Package.zip@sha256:ca960729b67579b1b08fdedea786feb4594d0649353521c9dbcaf0f2fdb2d09f; LATEST-ZIP:ATLAS_Task_Registry.json:AT-011; REQ-005,REQ-026,REQ-029; PDF:p.19,p.23,p.24,p.28; ADR-005; R-06,R-07","Evidence mode: ATTACHED-SNAPSHOT; canonical predecessor production package sha256=ca960729b67579b1b08fdedea786feb4594d0649353521c9dbcaf0f2fdb2d09f; embedded architecture package sha256=c2571cf6f6582a3e86f487e7ae817641d3b74e4425fe49e97889c9a29d9f9b97.; Public ATLAS main page retrieved 2026-08-21 shows branch `main`, 35 commits, the expected root tree, current README, and documented limitations; frozen code baseline remains Runndownn/ATLAS@efa547cafc64b58d60d19dcc1e5ba32c6b046bc5; exact current HEAD/dirty state requires T1.1.1.; Canonical macro task AT-011: Add an optional local immutable content-addressable store; evidence: REQ-005, REQ-029; GAP-005; ADR-005.; Canonical proposed files/interfaces: Create `atlas/artifacts/store.py`; extend runtime/config/persistence; preserve `HashStore` facade. / `ContentStore.put/open/verify/has/reconcile`, `BlobRecord`, provider capability descriptor.",atlas/artifacts/reconcile.py::ContentStoreReconciler [create]; atlas/cli.py::content verify/reconcile [extend]; docs/operations/content-store-recovery.md [create],Reconciliation classifies every observed divergence with deterministic next action.,Reconciliation classifies every observed divergence with deterministic next action.; Safe repairs are idempotent and uncertain objects remain preserved/quarantined.; Scans are resumable/bounded and expose progress.; Integrity incidents disable replay/reuse until resolved.,incomplete
49,T13.1.1,E13,Structural and extraction lineage contracts,Define and persist versioned `StructuralReport` records,P1,14,"T11.1.4, T12.1.4",{PROVENANCE} {SAFETY} {PERSISTENCE},"PREDECESSOR-PACKAGE:ATLAS_Production_TODO_Package.zip@sha256:ca960729b67579b1b08fdedea786feb4594d0649353521c9dbcaf0f2fdb2d09f; LATEST-ZIP:ATLAS_Task_Registry.json:AT-012; REQ-009,REQ-028,REQ-029; PDF:p.6-8,p.16,p.28,p.31; ADR-013","Evidence mode: ATTACHED-SNAPSHOT; canonical predecessor production package sha256=ca960729b67579b1b08fdedea786feb4594d0649353521c9dbcaf0f2fdb2d09f; embedded architecture package sha256=c2571cf6f6582a3e86f487e7ae817641d3b74e4425fe49e97889c9a29d9f9b97.; Public ATLAS main page retrieved 2026-08-21 shows branch `main`, 35 commits, the expected root tree, current README, and documented limitations; frozen code baseline remains Runndownn/ATLAS@efa547cafc64b58d60d19dcc1e5ba32c6b046bc5; exact current HEAD/dirty state requires T1.1.1.; Canonical macro task AT-012: Persist StructuralReport and ExtractionRecord as exact-byte contracts; evidence: REQ-009, REQ-019, REQ-028; GAP-004, GAP-012, GAP-013.; Canonical proposed files/interfaces: Extend `atlas/artifacts/models.py`; refactor `atlas/phases/structural_discovery.py`, `atlas/phases/extraction.py`; migrations. / `StructuralReport`, `ArchiveMember`, `ExtractionRecord`, `ArtifactDerivation`, `MaterializationOutcome`.",atlas/artifacts/models.py::StructuralReport [create]; atlas/persistence/repositories/structures.py [create]; atlas/phases/structural_discovery.py [refactor],"Every report binds to exact parent bytes, inspector, config, policy, and schema versions.","Every report binds to exact parent bytes, inspector, config, policy, and schema versions.; Partial and unknown outcomes are visibly non-success.; Member manifests are deterministic and queryable without unbounded loads.; Reports are immutable and supersession preserves history.",incomplete
50,T13.1.2,E13,Structural and extraction lineage contracts,Define and persist `ExtractionRecord` and output manifests,P1,14,T13.1.1,{PROVENANCE} {STORAGE} {RECOVERY},"PREDECESSOR-PACKAGE:ATLAS_Production_TODO_Package.zip@sha256:ca960729b67579b1b08fdedea786feb4594d0649353521c9dbcaf0f2fdb2d09f; LATEST-ZIP:ATLAS_Task_Registry.json:AT-012; REQ-009,REQ-028,REQ-029; PDF:p.6-8,p.16,p.28,p.31; ADR-013","Evidence mode: ATTACHED-SNAPSHOT; canonical predecessor production package sha256=ca960729b67579b1b08fdedea786feb4594d0649353521c9dbcaf0f2fdb2d09f; embedded architecture package sha256=c2571cf6f6582a3e86f487e7ae817641d3b74e4425fe49e97889c9a29d9f9b97.; Public ATLAS main page retrieved 2026-08-21 shows branch `main`, 35 commits, the expected root tree, current README, and documented limitations; frozen code baseline remains Runndownn/ATLAS@efa547cafc64b58d60d19dcc1e5ba32c6b046bc5; exact current HEAD/dirty state requires T1.1.1.; Canonical macro task AT-012: Persist StructuralReport and ExtractionRecord as exact-byte contracts; evidence: REQ-009, REQ-019, REQ-028; GAP-004, GAP-012, GAP-013.; Canonical proposed files/interfaces: Extend `atlas/artifacts/models.py`; refactor `atlas/phases/structural_discovery.py`, `atlas/phases/extraction.py`; migrations. / `StructuralReport`, `ArchiveMember`, `ExtractionRecord`, `ArtifactDerivation`, `MaterializationOutcome`.",atlas/artifacts/models.py::ExtractionRecord [create]; atlas/persistence/repositories/extractions.py [create]; atlas/artifacts/materialization.py [extend],Every extraction attempt has one immutable record and output manifest.,Every extraction attempt has one immutable record and output manifest.; Successful records reference only verified child identities and derivations.; Partial/failure cleanup state remains explicit.; Output manifest supports deterministic bidirectional lineage queries.,incomplete
51,T13.1.3,E13,Structural and extraction lineage contracts,"Enforce exact content, configuration, policy, and report binding before extraction",P1,14,T13.1.1,{SAFETY} {LIFECYCLE} {SECURITY},"PREDECESSOR-PACKAGE:ATLAS_Production_TODO_Package.zip@sha256:ca960729b67579b1b08fdedea786feb4594d0649353521c9dbcaf0f2fdb2d09f; LATEST-ZIP:ATLAS_Task_Registry.json:AT-012; REQ-009,REQ-028,REQ-029; PDF:p.6-8,p.16,p.28,p.31; ADR-013","Evidence mode: ATTACHED-SNAPSHOT; canonical predecessor production package sha256=ca960729b67579b1b08fdedea786feb4594d0649353521c9dbcaf0f2fdb2d09f; embedded architecture package sha256=c2571cf6f6582a3e86f487e7ae817641d3b74e4425fe49e97889c9a29d9f9b97.; Public ATLAS main page retrieved 2026-08-21 shows branch `main`, 35 commits, the expected root tree, current README, and documented limitations; frozen code baseline remains Runndownn/ATLAS@efa547cafc64b58d60d19dcc1e5ba32c6b046bc5; exact current HEAD/dirty state requires T1.1.1.; Canonical macro task AT-012: Persist StructuralReport and ExtractionRecord as exact-byte contracts; evidence: REQ-009, REQ-019, REQ-028; GAP-004, GAP-012, GAP-013.; Canonical proposed files/interfaces: Extend `atlas/artifacts/models.py`; refactor `atlas/phases/structural_discovery.py`, `atlas/phases/extraction.py`; migrations. / `StructuralReport`, `ArchiveMember`, `ExtractionRecord`, `ArtifactDerivation`, `MaterializationOutcome`.",atlas/phases/extraction.py::execute [refactor]; atlas/artifacts/structural_validation.py [create]; atlas/core/lifecycle.py [extend],All mismatches are detected before workspace creation or output writes.,"All mismatches are detected before workspace creation or output writes.; Exact-key equality is based on canonical normalized values.; A valid report/material pair proceeds through one controlled path.; Blocked reasons are visible in state, event history, and status.",incomplete
52,T13.1.4,E13,Structural and extraction lineage contracts,Add deterministic structure reuse and end-to-end lineage invariants,P1,14,"T13.1.2, T13.1.3",{PROVENANCE} {PERFORMANCE} {COMPATIBILITY},"PREDECESSOR-PACKAGE:ATLAS_Production_TODO_Package.zip@sha256:ca960729b67579b1b08fdedea786feb4594d0649353521c9dbcaf0f2fdb2d09f; LATEST-ZIP:ATLAS_Task_Registry.json:AT-012; REQ-009,REQ-028,REQ-029; PDF:p.6-8,p.16,p.28,p.31; ADR-013","Evidence mode: ATTACHED-SNAPSHOT; canonical predecessor production package sha256=ca960729b67579b1b08fdedea786feb4594d0649353521c9dbcaf0f2fdb2d09f; embedded architecture package sha256=c2571cf6f6582a3e86f487e7ae817641d3b74e4425fe49e97889c9a29d9f9b97.; Public ATLAS main page retrieved 2026-08-21 shows branch `main`, 35 commits, the expected root tree, current README, and documented limitations; frozen code baseline remains Runndownn/ATLAS@efa547cafc64b58d60d19dcc1e5ba32c6b046bc5; exact current HEAD/dirty state requires T1.1.1.; Canonical macro task AT-012: Persist StructuralReport and ExtractionRecord as exact-byte contracts; evidence: REQ-009, REQ-019, REQ-028; GAP-004, GAP-012, GAP-013.; Canonical proposed files/interfaces: Extend `atlas/artifacts/models.py`; refactor `atlas/phases/structural_discovery.py`, `atlas/phases/extraction.py`; migrations. / `StructuralReport`, `ArchiveMember`, `ExtractionRecord`, `ArtifactDerivation`, `MaterializationOutcome`.",atlas/artifacts/reuse.py::StructuralReusePolicy [create]; atlas/artifacts/lineage.py [create]; tests/lineage/ [create],Reuse occurs only on exact key equality and records current use provenance.,Reuse occurs only on exact key equality and records current use provenance.; Every derived content identity traces to at least one valid parent/report/extraction/attempt.; Every publication-ready lineage can traverse back to SourceRoot and exact bytes.; Graph invariant checks detect all injected orphan/cross-job/cycle cases.,incomplete
53,T14.1.1,E14,"Typed plugin contracts, registry, and trust policy","Define `PluginDescriptor`, `AnalysisContext`, and `AnalysisFinding` schemas",P1,16,"T3.1.4, T7.1.4",{PLUGINS} {SECURITY} {PROVENANCE},"PREDECESSOR-PACKAGE:ATLAS_Production_TODO_Package.zip@sha256:ca960729b67579b1b08fdedea786feb4594d0649353521c9dbcaf0f2fdb2d09f; LATEST-ZIP:ATLAS_Task_Registry.json:AT-013; REQ-021,REQ-022,REQ-023,REQ-027; PDF:p.17,p.22,p.23; ADR-007,ADR-010; R-09,R-17,R-18","Evidence mode: ATTACHED-SNAPSHOT; canonical predecessor production package sha256=ca960729b67579b1b08fdedea786feb4594d0649353521c9dbcaf0f2fdb2d09f; embedded architecture package sha256=c2571cf6f6582a3e86f487e7ae817641d3b74e4425fe49e97889c9a29d9f9b97.; Public ATLAS main page retrieved 2026-08-21 shows branch `main`, 35 commits, the expected root tree, current README, and documented limitations; frozen code baseline remains Runndownn/ATLAS@efa547cafc64b58d60d19dcc1e5ba32c6b046bc5; exact current HEAD/dirty state requires T1.1.1.; Canonical macro task AT-013: Define versioned typed plugin descriptors and a deterministic registry; evidence: GAP-014, GAP-015, REQ-021, REQ-022, REQ-023; [ATLAS:efa547cafc64b58d60d19dcc1e5ba32c6b046bc5:atlas/phases/analysis.py:L18-L134].; Canonical proposed files/interfaces: Create `atlas/plugins/contracts.py`, `atlas/plugins/registry.py`; refactor `atlas/phases/analysis.py`; compatibility adapter for `AnalyzerPlugin`. / `PluginDescriptor`, `Analyzer`, `AnalyzerInput`, `AnalyzerResult`, `AnalysisFinding`, `RegistrySnapshot`.",atlas/plugins/contracts.py::PluginDescriptor [create]; atlas/plugins/contracts.py::AnalysisContext [create]; atlas/plugins/contracts.py::AnalysisFinding [create],No arbitrary dictionary reaches durable findings.,No arbitrary dictionary reaches durable findings.; Descriptors express every required capability/resource and fail validation when incomplete.; AnalysisContext exposes no lifecycle or raw persistence authority.; Finding schema preserves complete attributed result sets beyond prior 50-item summaries.,incomplete
54,T14.1.2,E14,"Typed plugin contracts, registry, and trust policy",Implement deterministic plugin discovery and registry snapshots,P1,16,T14.1.1,{PLUGINS} {ARCHITECTURE} {COMPATIBILITY},"PREDECESSOR-PACKAGE:ATLAS_Production_TODO_Package.zip@sha256:ca960729b67579b1b08fdedea786feb4594d0649353521c9dbcaf0f2fdb2d09f; LATEST-ZIP:ATLAS_Task_Registry.json:AT-013; REQ-021,REQ-022,REQ-023,REQ-027; PDF:p.17,p.22,p.23; ADR-007,ADR-010; R-09,R-17,R-18","Evidence mode: ATTACHED-SNAPSHOT; canonical predecessor production package sha256=ca960729b67579b1b08fdedea786feb4594d0649353521c9dbcaf0f2fdb2d09f; embedded architecture package sha256=c2571cf6f6582a3e86f487e7ae817641d3b74e4425fe49e97889c9a29d9f9b97.; Public ATLAS main page retrieved 2026-08-21 shows branch `main`, 35 commits, the expected root tree, current README, and documented limitations; frozen code baseline remains Runndownn/ATLAS@efa547cafc64b58d60d19dcc1e5ba32c6b046bc5; exact current HEAD/dirty state requires T1.1.1.; Canonical macro task AT-013: Define versioned typed plugin descriptors and a deterministic registry; evidence: GAP-014, GAP-015, REQ-021, REQ-022, REQ-023; [ATLAS:efa547cafc64b58d60d19dcc1e5ba32c6b046bc5:atlas/phases/analysis.py:L18-L134].; Canonical proposed files/interfaces: Create `atlas/plugins/contracts.py`, `atlas/plugins/registry.py`; refactor `atlas/phases/analysis.py`; compatibility adapter for `AnalyzerPlugin`. / `PluginDescriptor`, `Analyzer`, `AnalyzerInput`, `AnalyzerResult`, `AnalysisFinding`, `RegistrySnapshot`.",atlas/plugins/registry.py::PluginRegistry [create]; atlas/core/runtime.py [extend]; atlas/plugins/discovery.py [create],Two clean registry builds produce identical order and digest.,Two clean registry builds produce identical order and digest.; Duplicate/incompatible plugins fail before job creation.; Jobs retain the exact registry snapshot/version used.; Unavailable plugin states are distinct from disabled policy.,incomplete
55,T14.1.3,E14,"Typed plugin contracts, registry, and trust policy",Implement plugin capability and trust-tier policy,P1,14,T14.1.1,{PLUGINS} {SECURITY} {EXECUTION},"PREDECESSOR-PACKAGE:ATLAS_Production_TODO_Package.zip@sha256:ca960729b67579b1b08fdedea786feb4594d0649353521c9dbcaf0f2fdb2d09f; LATEST-ZIP:ATLAS_Task_Registry.json:AT-013; REQ-021,REQ-022,REQ-023,REQ-027; PDF:p.17,p.22,p.23; ADR-007,ADR-010; R-09,R-17,R-18","Evidence mode: ATTACHED-SNAPSHOT; canonical predecessor production package sha256=ca960729b67579b1b08fdedea786feb4594d0649353521c9dbcaf0f2fdb2d09f; embedded architecture package sha256=c2571cf6f6582a3e86f487e7ae817641d3b74e4425fe49e97889c9a29d9f9b97.; Public ATLAS main page retrieved 2026-08-21 shows branch `main`, 35 commits, the expected root tree, current README, and documented limitations; frozen code baseline remains Runndownn/ATLAS@efa547cafc64b58d60d19dcc1e5ba32c6b046bc5; exact current HEAD/dirty state requires T1.1.1.; Canonical macro task AT-013: Define versioned typed plugin descriptors and a deterministic registry; evidence: GAP-014, GAP-015, REQ-021, REQ-022, REQ-023; [ATLAS:efa547cafc64b58d60d19dcc1e5ba32c6b046bc5:atlas/phases/analysis.py:L18-L134].; Canonical proposed files/interfaces: Create `atlas/plugins/contracts.py`, `atlas/plugins/registry.py`; refactor `atlas/phases/analysis.py`; compatibility adapter for `AnalyzerPlugin`. / `PluginDescriptor`, `Analyzer`, `AnalyzerInput`, `AnalyzerResult`, `AnalysisFinding`, `RegistrySnapshot`.",atlas/plugins/policy.py::PluginTrustPolicy [create]; atlas/plugins/registry.py [extend]; atlas/config/phases.py::AnalysisConfig [extend],Every enabled plugin has one effective capability set and required backend.,Every enabled plugin has one effective capability set and required backend.; Untrusted/high-risk plugins cannot run in process.; Policy/config/version changes invalidate stale WorkSpecs and reuse keys.; Denied capability attempts are observable and tested.,incomplete
56,T14.1.4,E14,"Typed plugin contracts, registry, and trust policy",Add the legacy `AnalyzerPlugin` adapter and lossless finding migration,P1,12,"T14.1.2, T14.1.3",{COMPATIBILITY} {PLUGINS} {PROVENANCE},"PREDECESSOR-PACKAGE:ATLAS_Production_TODO_Package.zip@sha256:ca960729b67579b1b08fdedea786feb4594d0649353521c9dbcaf0f2fdb2d09f; LATEST-ZIP:ATLAS_Task_Registry.json:AT-013; REQ-021,REQ-022,REQ-023,REQ-027; PDF:p.17,p.22,p.23; ADR-007,ADR-010; R-09,R-17,R-18","Evidence mode: ATTACHED-SNAPSHOT; canonical predecessor production package sha256=ca960729b67579b1b08fdedea786feb4594d0649353521c9dbcaf0f2fdb2d09f; embedded architecture package sha256=c2571cf6f6582a3e86f487e7ae817641d3b74e4425fe49e97889c9a29d9f9b97.; Public ATLAS main page retrieved 2026-08-21 shows branch `main`, 35 commits, the expected root tree, current README, and documented limitations; frozen code baseline remains Runndownn/ATLAS@efa547cafc64b58d60d19dcc1e5ba32c6b046bc5; exact current HEAD/dirty state requires T1.1.1.; Canonical macro task AT-013: Define versioned typed plugin descriptors and a deterministic registry; evidence: GAP-014, GAP-015, REQ-021, REQ-022, REQ-023; [ATLAS:efa547cafc64b58d60d19dcc1e5ba32c6b046bc5:atlas/phases/analysis.py:L18-L134].; Canonical proposed files/interfaces: Create `atlas/plugins/contracts.py`, `atlas/plugins/registry.py`; refactor `atlas/phases/analysis.py`; compatibility adapter for `AnalyzerPlugin`. / `PluginDescriptor`, `Analyzer`, `AnalyzerInput`, `AnalyzerResult`, `AnalysisFinding`, `RegistrySnapshot`.",atlas/phases/analysis.py::AnalyzerPlugin [refactor]; atlas/plugins/legacy.py::LegacyAnalyzerAdapter [create]; tests/compatibility/analyzers_v0_1/ [create],Supported legacy plugins produce equivalent normalized findings through the adapter.,Supported legacy plugins produce equivalent normalized findings through the adapter.; All findings persist losslessly within declared limits.; Unsupported authority assumptions fail with migration guidance.; Metadata summary is explicitly derived and never authoritative.,incomplete
57,T15.1.1,E15,ExecutionBackend contracts and trusted in-process execution,"Define immutable `WorkSpec`, `WorkResult`, and backend protocols",P1,16,"T5.1.4, T14.1.4",{EXECUTION} {LIFECYCLE} {SECURITY},"PREDECESSOR-PACKAGE:ATLAS_Production_TODO_Package.zip@sha256:ca960729b67579b1b08fdedea786feb4594d0649353521c9dbcaf0f2fdb2d09f; LATEST-ZIP:ATLAS_Task_Registry.json:AT-014; REQ-022,REQ-030; PDF:p.17,p.19-21; ADR-008,ADR-010","Evidence mode: ATTACHED-SNAPSHOT; canonical predecessor production package sha256=ca960729b67579b1b08fdedea786feb4594d0649353521c9dbcaf0f2fdb2d09f; embedded architecture package sha256=c2571cf6f6582a3e86f487e7ae817641d3b74e4425fe49e97889c9a29d9f9b97.; Public ATLAS main page retrieved 2026-08-21 shows branch `main`, 35 commits, the expected root tree, current README, and documented limitations; frozen code baseline remains Runndownn/ATLAS@efa547cafc64b58d60d19dcc1e5ba32c6b046bc5; exact current HEAD/dirty state requires T1.1.1.; Canonical macro task AT-014: Separate lifecycle semantics from execution location with ExecutionBackend; evidence: REQ-022, REQ-025, REQ-030; ADR-008.; Canonical proposed files/interfaces: Create `atlas/execution/base.py`, `atlas/execution/inprocess.py`; integrate coordinator/plugins; later `subprocess.py` in AT-020. / `ExecutionBackend.submit/cancel/health`, `WorkSpec`, `WorkResult`, `BackendCapabilities`.",atlas/execution/base.py::WorkSpec [create]; atlas/execution/base.py::WorkResult [create]; atlas/execution/base.py::ExecutionBackend [create],"Contracts are versioned, deterministic, and backend-neutral.","Contracts are versioned, deterministic, and backend-neutral.; Backend code cannot obtain StateStore or transition authority through the interface.; Malformed/stale/foreign results are representable as validation failures.; Contract supports in-process, subprocess, and later remote backends without changing lifecycle semantics.",incomplete
58,T15.1.2,E15,ExecutionBackend contracts and trusted in-process execution,Implement the trusted `InProcessBackend`,P1,16,T15.1.1,{EXECUTION} {PLUGINS} {RECOVERY},"PREDECESSOR-PACKAGE:ATLAS_Production_TODO_Package.zip@sha256:ca960729b67579b1b08fdedea786feb4594d0649353521c9dbcaf0f2fdb2d09f; LATEST-ZIP:ATLAS_Task_Registry.json:AT-014; REQ-022,REQ-030; PDF:p.17,p.19-21; ADR-008,ADR-010","Evidence mode: ATTACHED-SNAPSHOT; canonical predecessor production package sha256=ca960729b67579b1b08fdedea786feb4594d0649353521c9dbcaf0f2fdb2d09f; embedded architecture package sha256=c2571cf6f6582a3e86f487e7ae817641d3b74e4425fe49e97889c9a29d9f9b97.; Public ATLAS main page retrieved 2026-08-21 shows branch `main`, 35 commits, the expected root tree, current README, and documented limitations; frozen code baseline remains Runndownn/ATLAS@efa547cafc64b58d60d19dcc1e5ba32c6b046bc5; exact current HEAD/dirty state requires T1.1.1.; Canonical macro task AT-014: Separate lifecycle semantics from execution location with ExecutionBackend; evidence: REQ-022, REQ-025, REQ-030; ADR-008.; Canonical proposed files/interfaces: Create `atlas/execution/base.py`, `atlas/execution/inprocess.py`; integrate coordinator/plugins; later `subprocess.py` in AT-020. / `ExecutionBackend.submit/cancel/health`, `WorkSpec`, `WorkResult`, `BackendCapabilities`.",atlas/execution/inprocess.py::InProcessBackend [create]; atlas/core/runtime.py [extend]; atlas/plugins/registry.py [extend],A bundled analyzer produces identical normalized findings through WorkSpec/WorkResult.,A bundled analyzer produces identical normalized findings through WorkSpec/WorkResult.; Backend has no direct persistence/lifecycle mutation capability.; Timeout/cancel outcomes are explicit and later recovery-classifiable.; Registry and policy versions used are echoed and validated.,incomplete
59,T15.1.3,E15,ExecutionBackend contracts and trusted in-process execution,Implement coordinator-side result validation and commit,P1,16,T15.1.1,{EXECUTION} {LIFECYCLE} {SECURITY},"PREDECESSOR-PACKAGE:ATLAS_Production_TODO_Package.zip@sha256:ca960729b67579b1b08fdedea786feb4594d0649353521c9dbcaf0f2fdb2d09f; LATEST-ZIP:ATLAS_Task_Registry.json:AT-014; REQ-022,REQ-030; PDF:p.17,p.19-21; ADR-008,ADR-010","Evidence mode: ATTACHED-SNAPSHOT; canonical predecessor production package sha256=ca960729b67579b1b08fdedea786feb4594d0649353521c9dbcaf0f2fdb2d09f; embedded architecture package sha256=c2571cf6f6582a3e86f487e7ae817641d3b74e4425fe49e97889c9a29d9f9b97.; Public ATLAS main page retrieved 2026-08-21 shows branch `main`, 35 commits, the expected root tree, current README, and documented limitations; frozen code baseline remains Runndownn/ATLAS@efa547cafc64b58d60d19dcc1e5ba32c6b046bc5; exact current HEAD/dirty state requires T1.1.1.; Canonical macro task AT-014: Separate lifecycle semantics from execution location with ExecutionBackend; evidence: REQ-022, REQ-025, REQ-030; ADR-008.; Canonical proposed files/interfaces: Create `atlas/execution/base.py`, `atlas/execution/inprocess.py`; integrate coordinator/plugins; later `subprocess.py` in AT-020. / `ExecutionBackend.submit/cancel/health`, `WorkSpec`, `WorkResult`, `BackendCapabilities`.",atlas/core/lifecycle.py::accept_work_result [create]; atlas/execution/validation.py [create]; atlas/persistence/repositories/work_results.py [create],Only fully validated current results can change attempt/phase state.,Only fully validated current results can change attempt/phase state.; Duplicate identical results have one authoritative effect.; Stale/malformed/conflicting results are retained and rejected with stable codes.; Output integrity and budgets are verified before downstream use.,incomplete
60,T15.1.4,E15,ExecutionBackend contracts and trusted in-process execution,Create the reusable backend conformance and fault suite,P1,14,"T15.1.2, T15.1.3",{EXECUTION} {RELEASE} {COMPATIBILITY},"PREDECESSOR-PACKAGE:ATLAS_Production_TODO_Package.zip@sha256:ca960729b67579b1b08fdedea786feb4594d0649353521c9dbcaf0f2fdb2d09f; LATEST-ZIP:ATLAS_Task_Registry.json:AT-014; REQ-022,REQ-030; PDF:p.17,p.19-21; ADR-008,ADR-010","Evidence mode: ATTACHED-SNAPSHOT; canonical predecessor production package sha256=ca960729b67579b1b08fdedea786feb4594d0649353521c9dbcaf0f2fdb2d09f; embedded architecture package sha256=c2571cf6f6582a3e86f487e7ae817641d3b74e4425fe49e97889c9a29d9f9b97.; Public ATLAS main page retrieved 2026-08-21 shows branch `main`, 35 commits, the expected root tree, current README, and documented limitations; frozen code baseline remains Runndownn/ATLAS@efa547cafc64b58d60d19dcc1e5ba32c6b046bc5; exact current HEAD/dirty state requires T1.1.1.; Canonical macro task AT-014: Separate lifecycle semantics from execution location with ExecutionBackend; evidence: REQ-022, REQ-025, REQ-030; ADR-008.; Canonical proposed files/interfaces: Create `atlas/execution/base.py`, `atlas/execution/inprocess.py`; integrate coordinator/plugins; later `subprocess.py` in AT-020. / `ExecutionBackend.submit/cancel/health`, `WorkSpec`, `WorkResult`, `BackendCapabilities`.",tests/execution/conformance.py [create]; tests/execution/fixtures/ [create]; atlas/execution/testing.py [create],InProcessBackend passes every applicable mandatory case.,InProcessBackend passes every applicable mandatory case.; The suite can be reused unchanged by subprocess and remote backends.; Unsupported controls are reported and block claims that they are enforced.; Fault cases produce deterministic coordinator outcomes.,incomplete
61,T16.1.1,E16,"Phase-internal work items, deterministic reuse, and unified budgets",Define durable `WorkItem` and phase-barrier semantics,P1,14,"T8.1.4, T9.1.4, T12.1.4, T13.1.4, T15.1.4",{EXECUTION} {LIFECYCLE} {ARCHITECTURE},"PREDECESSOR-PACKAGE:ATLAS_Production_TODO_Package.zip@sha256:ca960729b67579b1b08fdedea786feb4594d0649353521c9dbcaf0f2fdb2d09f; Earlier deep-review refinement incorporated under latest-ZIP authority; LATEST-ZIP:ATLAS_Evidence_Driven_Architecture_Blueprint.md:#8 Phase-internal worksets and content-derived memoization; #13 ExecutionBackend; #24 Performance; PROMPT:Pasted markdown (2).md:Stage 5; ADR-001,ADR-008; R-17","Evidence mode: ATTACHED-SNAPSHOT; canonical predecessor production package sha256=ca960729b67579b1b08fdedea786feb4594d0649353521c9dbcaf0f2fdb2d09f; embedded architecture package sha256=c2571cf6f6582a3e86f487e7ae817641d3b74e4425fe49e97889c9a29d9f9b97.; Public ATLAS main page retrieved 2026-08-21 shows branch `main`, 35 commits, the expected root tree, current README, and documented limitations; frozen code baseline remains Runndownn/ATLAS@efa547cafc64b58d60d19dcc1e5ba32c6b046bc5; exact current HEAD/dirty state requires T1.1.1.; Latest architecture and earlier deep-review material support this refinement: LATEST-ZIP:ATLAS_Evidence_Driven_Architecture_Blueprint.md:#8 Phase-internal worksets and content-derived memoization; #13 ExecutionBackend; #24 Performance.; This is a planning decomposition/new support capability, not a claim that the current repository implements it.",atlas/models/work_items.py::WorkItem [create]; atlas/core/work_planner.py [create]; docs/architecture/work-items.md [create],The model supports bounded parallelism while A-F order remains immutable.,The model supports bounded parallelism while A-F order remains immutable.; Work-item IDs/order are deterministic for identical phase inputs.; Cross-phase dependencies and cycles are structurally impossible or rejected.; Barrier closure requires all declared invariants and aggregate validation.,incomplete
62,T16.1.2,E16,"Phase-internal work items, deterministic reuse, and unified budgets",Implement the bounded local work-item scheduler and aggregation path,P1,16,T16.1.1,{EXECUTION} {PERFORMANCE} {RECOVERY},"PREDECESSOR-PACKAGE:ATLAS_Production_TODO_Package.zip@sha256:ca960729b67579b1b08fdedea786feb4594d0649353521c9dbcaf0f2fdb2d09f; Earlier deep-review refinement incorporated under latest-ZIP authority; LATEST-ZIP:ATLAS_Evidence_Driven_Architecture_Blueprint.md:#8 Phase-internal worksets and content-derived memoization; #13 ExecutionBackend; #24 Performance; PROMPT:Pasted markdown (2).md:Stage 5; ADR-001,ADR-008; R-17","Evidence mode: ATTACHED-SNAPSHOT; canonical predecessor production package sha256=ca960729b67579b1b08fdedea786feb4594d0649353521c9dbcaf0f2fdb2d09f; embedded architecture package sha256=c2571cf6f6582a3e86f487e7ae817641d3b74e4425fe49e97889c9a29d9f9b97.; Public ATLAS main page retrieved 2026-08-21 shows branch `main`, 35 commits, the expected root tree, current README, and documented limitations; frozen code baseline remains Runndownn/ATLAS@efa547cafc64b58d60d19dcc1e5ba32c6b046bc5; exact current HEAD/dirty state requires T1.1.1.; Latest architecture and earlier deep-review material support this refinement: LATEST-ZIP:ATLAS_Evidence_Driven_Architecture_Blueprint.md:#8 Phase-internal worksets and content-derived memoization; #13 ExecutionBackend; #24 Performance.; This is a planning decomposition/new support capability, not a claim that the current repository implements it.",atlas/core/work_scheduler.py [create]; atlas/persistence/repositories/work_items.py [create]; atlas/core/work_aggregator.py [create],Concurrency never exceeds configured/effective budgets.,Concurrency never exceeds configured/effective budgets.; Ready sets and aggregation remain bounded under large worksets.; Crash/restart does not duplicate accepted work effects.; Phase barrier closes only after deterministic aggregate validation.,incomplete
63,T16.1.3,E16,"Phase-internal work items, deterministic reuse, and unified budgets",Implement exact-key deterministic result reuse,P1,16,T16.1.1,{PERFORMANCE} {PROVENANCE} {SECURITY},"PREDECESSOR-PACKAGE:ATLAS_Production_TODO_Package.zip@sha256:ca960729b67579b1b08fdedea786feb4594d0649353521c9dbcaf0f2fdb2d09f; Earlier deep-review refinement incorporated under latest-ZIP authority; LATEST-ZIP:ATLAS_Evidence_Driven_Architecture_Blueprint.md:#8 Phase-internal worksets and content-derived memoization; #13 ExecutionBackend; #24 Performance; PROMPT:Pasted markdown (2).md:Stage 5; ADR-001,ADR-008; R-17","Evidence mode: ATTACHED-SNAPSHOT; canonical predecessor production package sha256=ca960729b67579b1b08fdedea786feb4594d0649353521c9dbcaf0f2fdb2d09f; embedded architecture package sha256=c2571cf6f6582a3e86f487e7ae817641d3b74e4425fe49e97889c9a29d9f9b97.; Public ATLAS main page retrieved 2026-08-21 shows branch `main`, 35 commits, the expected root tree, current README, and documented limitations; frozen code baseline remains Runndownn/ATLAS@efa547cafc64b58d60d19dcc1e5ba32c6b046bc5; exact current HEAD/dirty state requires T1.1.1.; Latest architecture and earlier deep-review material support this refinement: LATEST-ZIP:ATLAS_Evidence_Driven_Architecture_Blueprint.md:#8 Phase-internal worksets and content-derived memoization; #13 ExecutionBackend; #24 Performance.; This is a planning decomposition/new support capability, not a claim that the current repository implements it.",atlas/artifacts/reuse.py::DeterministicResultIndex [create]; atlas/core/reuse_service.py [create]; analysis/structure work planners [extend],Reuse occurs only under exact canonical key and verified outputs.,Reuse occurs only under exact canonical key and verified outputs.; Every reuse is attributable to original result and current decision.; Stale/missing/corrupt/non-deterministic results are not reused.; Metrics quantify hit rate and avoided work without losing occurrence provenance.,incomplete
64,T16.1.4,E16,"Phase-internal work items, deterministic reuse, and unified budgets",Implement a unified hierarchical `ResourceBudgetManager`,P1,16,"T16.1.2, T16.1.3",{PERFORMANCE} {SECURITY} {OBSERVABILITY},"PREDECESSOR-PACKAGE:ATLAS_Production_TODO_Package.zip@sha256:ca960729b67579b1b08fdedea786feb4594d0649353521c9dbcaf0f2fdb2d09f; Earlier deep-review refinement incorporated under latest-ZIP authority; LATEST-ZIP:ATLAS_Evidence_Driven_Architecture_Blueprint.md:#8 Phase-internal worksets and content-derived memoization; #13 ExecutionBackend; #24 Performance; PROMPT:Pasted markdown (2).md:Stage 5; ADR-001,ADR-008; R-17","Evidence mode: ATTACHED-SNAPSHOT; canonical predecessor production package sha256=ca960729b67579b1b08fdedea786feb4594d0649353521c9dbcaf0f2fdb2d09f; embedded architecture package sha256=c2571cf6f6582a3e86f487e7ae817641d3b74e4425fe49e97889c9a29d9f9b97.; Public ATLAS main page retrieved 2026-08-21 shows branch `main`, 35 commits, the expected root tree, current README, and documented limitations; frozen code baseline remains Runndownn/ATLAS@efa547cafc64b58d60d19dcc1e5ba32c6b046bc5; exact current HEAD/dirty state requires T1.1.1.; Latest architecture and earlier deep-review material support this refinement: LATEST-ZIP:ATLAS_Evidence_Driven_Architecture_Blueprint.md:#8 Phase-internal worksets and content-derived memoization; #13 ExecutionBackend; #24 Performance.; This is a planning decomposition/new support capability, not a claim that the current repository implements it.",atlas/resources/budgets.py::ResourceBudgetManager [create]; atlas/core/context.py [extend]; atlas/status/projection.py [extend],All core resource-consuming operations use scoped budget handles.,"All core resource-consuming operations use scoped budget handles.; Concurrent reservations cannot exceed hard shared limits.; Restart reconciliation clears or transfers abandoned reservations deterministically.; Status and diagnostics distinguish requested, reserved, used, exceeded, and unenforceable.",incomplete
65,T17.1.1,E17,"Durable findings, evidence, review, and publication",Persist normalized analysis findings and typed relationships,P1,16,"T7.1.4, T8.1.4, T13.1.4, T14.1.4",{REVIEW} {PROVENANCE} {PLUGINS} {PERSISTENCE},"PREDECESSOR-PACKAGE:ATLAS_Production_TODO_Package.zip@sha256:ca960729b67579b1b08fdedea786feb4594d0649353521c9dbcaf0f2fdb2d09f; LATEST-ZIP:ATLAS_Task_Registry.json:AT-015; REQ-019,REQ-020,REQ-027,REQ-028; PDF:p.8,p.16,p.21,p.22,p.23,p.31; ADR-009; GAP-011,GAP-015","Evidence mode: ATTACHED-SNAPSHOT; canonical predecessor production package sha256=ca960729b67579b1b08fdedea786feb4594d0649353521c9dbcaf0f2fdb2d09f; embedded architecture package sha256=c2571cf6f6582a3e86f487e7ae817641d3b74e4425fe49e97889c9a29d9f9b97.; Public ATLAS main page retrieved 2026-08-21 shows branch `main`, 35 commits, the expected root tree, current README, and documented limitations; frozen code baseline remains Runndownn/ATLAS@efa547cafc64b58d60d19dcc1e5ba32c6b046bc5; exact current HEAD/dirty state requires T1.1.1.; Canonical macro task AT-015: Implement first-class findings, evidence, decisions, and publication attempts; evidence: GAP-011, GAP-015, REQ-019, REQ-020, REQ-027, REQ-028; [ATLAS:efa547cafc64b58d60d19dcc1e5ba32c6b046bc5:atlas/phases/review.py:L19-L236].; Canonical proposed files/interfaces: Create `atlas/review/service.py`, `atlas/review/publication.py`; refactor `atlas/phases/review.py`; extend artifact/finding models and migrations. / `AnalysisFinding`, `EvidenceRecord`, `PromotionDecision`, `PublicationRequest`, `PublicationAttempt`, `DestinationPublication`, `PublicationAdapter`.",atlas/models/findings.py::AnalysisFinding [create]; atlas/review/repository.py::FindingRepository [create]; atlas/phases/analyze.py [refactor]; atlas/schema/migrations/*_analysis_findings.sql [create],"Every persisted finding identifies exact input content, analyzer/plugin version, configuration digest, phase attempt, and schema version.","Every persisted finding identifies exact input content, analyzer/plugin version, configuration digest, phase attempt, and schema version.; Finding persistence cannot create evidence, a promotion decision, or a publication.; Duplicate policy and supersession behavior are deterministic and documented.; Legacy findings remain readable without being misrepresented as approved knowledge.",incomplete
66,T17.1.2,E17,"Durable findings, evidence, review, and publication",Define and persist evidence records with explicit provenance and confidence,P1,16,T17.1.1,{REVIEW} {PROVENANCE} {SECURITY} {PERSISTENCE},"PREDECESSOR-PACKAGE:ATLAS_Production_TODO_Package.zip@sha256:ca960729b67579b1b08fdedea786feb4594d0649353521c9dbcaf0f2fdb2d09f; LATEST-ZIP:ATLAS_Task_Registry.json:AT-015; REQ-019,REQ-020,REQ-027,REQ-028; PDF:p.8,p.16,p.21,p.22,p.23,p.31; ADR-009; GAP-011,GAP-015","Evidence mode: ATTACHED-SNAPSHOT; canonical predecessor production package sha256=ca960729b67579b1b08fdedea786feb4594d0649353521c9dbcaf0f2fdb2d09f; embedded architecture package sha256=c2571cf6f6582a3e86f487e7ae817641d3b74e4425fe49e97889c9a29d9f9b97.; Public ATLAS main page retrieved 2026-08-21 shows branch `main`, 35 commits, the expected root tree, current README, and documented limitations; frozen code baseline remains Runndownn/ATLAS@efa547cafc64b58d60d19dcc1e5ba32c6b046bc5; exact current HEAD/dirty state requires T1.1.1.; Canonical macro task AT-015: Implement first-class findings, evidence, decisions, and publication attempts; evidence: GAP-011, GAP-015, REQ-019, REQ-020, REQ-027, REQ-028; [ATLAS:efa547cafc64b58d60d19dcc1e5ba32c6b046bc5:atlas/phases/review.py:L19-L236].; Canonical proposed files/interfaces: Create `atlas/review/service.py`, `atlas/review/publication.py`; refactor `atlas/phases/review.py`; extend artifact/finding models and migrations. / `AnalysisFinding`, `EvidenceRecord`, `PromotionDecision`, `PublicationRequest`, `PublicationAttempt`, `DestinationPublication`, `PublicationAdapter`.",atlas/models/evidence.py::EvidenceRecord [create]; atlas/review/evidence.py::EvidenceService [create]; atlas/review/repository.py::EvidenceRepository [create]; atlas/schema/migrations/*_evidence.sql [create],Evidence-set digests are stable under deterministic canonical ordering and change when any cited record changes.,Evidence-set digests are stable under deterministic canonical ordering and change when any cited record changes.; Every evidence record resolves to immutable source observations or explicitly labeled external authority.; Unverified findings cannot silently become deterministic evidence.; Superseded evidence remains queryable and cannot satisfy a current-decision policy unless allowed explicitly.,incomplete
67,T17.1.3,E17,"Durable findings, evidence, review, and publication",Implement evidence-bound promotion decisions and review policy,P1,16,T17.1.1,{REVIEW} {SECURITY} {LIFECYCLE} {COMPATIBILITY},"PREDECESSOR-PACKAGE:ATLAS_Production_TODO_Package.zip@sha256:ca960729b67579b1b08fdedea786feb4594d0649353521c9dbcaf0f2fdb2d09f; LATEST-ZIP:ATLAS_Task_Registry.json:AT-015; REQ-019,REQ-020,REQ-027,REQ-028; PDF:p.8,p.16,p.21,p.22,p.23,p.31; ADR-009; GAP-011,GAP-015","Evidence mode: ATTACHED-SNAPSHOT; canonical predecessor production package sha256=ca960729b67579b1b08fdedea786feb4594d0649353521c9dbcaf0f2fdb2d09f; embedded architecture package sha256=c2571cf6f6582a3e86f487e7ae817641d3b74e4425fe49e97889c9a29d9f9b97.; Public ATLAS main page retrieved 2026-08-21 shows branch `main`, 35 commits, the expected root tree, current README, and documented limitations; frozen code baseline remains Runndownn/ATLAS@efa547cafc64b58d60d19dcc1e5ba32c6b046bc5; exact current HEAD/dirty state requires T1.1.1.; Canonical macro task AT-015: Implement first-class findings, evidence, decisions, and publication attempts; evidence: GAP-011, GAP-015, REQ-019, REQ-020, REQ-027, REQ-028; [ATLAS:efa547cafc64b58d60d19dcc1e5ba32c6b046bc5:atlas/phases/review.py:L19-L236].; Canonical proposed files/interfaces: Create `atlas/review/service.py`, `atlas/review/publication.py`; refactor `atlas/phases/review.py`; extend artifact/finding models and migrations. / `AnalysisFinding`, `EvidenceRecord`, `PromotionDecision`, `PublicationRequest`, `PublicationAttempt`, `DestinationPublication`, `PublicationAdapter`.",atlas/models/review.py::PromotionDecision [create]; atlas/review/service.py::ReviewService [create]; atlas/review/policy.py::ReviewPolicy [create]; atlas/phases/review.py [refactor]; atlas/schema/migrations/*_promotion_decisions.sql [create],Only one current decision is authoritative for a subject/policy scope.,Only one current decision is authoritative for a subject/policy scope.; `REJECT` and `HOLD` structurally block publication.; A stale or replayed review command cannot overwrite a newer decision.; The deployment-specific rule for interactive versus automatic review is resolved and documented before publication is enabled.,incomplete
68,T17.1.4,E17,"Durable findings, evidence, review, and publication",Implement staged idempotent publication and bidirectional lineage,P1,16,"T17.1.2, T17.1.3",{REVIEW} {RECOVERY} {PROVENANCE} {SECURITY},"PREDECESSOR-PACKAGE:ATLAS_Production_TODO_Package.zip@sha256:ca960729b67579b1b08fdedea786feb4594d0649353521c9dbcaf0f2fdb2d09f; LATEST-ZIP:ATLAS_Task_Registry.json:AT-015; REQ-019,REQ-020,REQ-027,REQ-028; PDF:p.8,p.16,p.21,p.22,p.23,p.31; ADR-009; GAP-011,GAP-015","Evidence mode: ATTACHED-SNAPSHOT; canonical predecessor production package sha256=ca960729b67579b1b08fdedea786feb4594d0649353521c9dbcaf0f2fdb2d09f; embedded architecture package sha256=c2571cf6f6582a3e86f487e7ae817641d3b74e4425fe49e97889c9a29d9f9b97.; Public ATLAS main page retrieved 2026-08-21 shows branch `main`, 35 commits, the expected root tree, current README, and documented limitations; frozen code baseline remains Runndownn/ATLAS@efa547cafc64b58d60d19dcc1e5ba32c6b046bc5; exact current HEAD/dirty state requires T1.1.1.; Canonical macro task AT-015: Implement first-class findings, evidence, decisions, and publication attempts; evidence: GAP-011, GAP-015, REQ-019, REQ-020, REQ-027, REQ-028; [ATLAS:efa547cafc64b58d60d19dcc1e5ba32c6b046bc5:atlas/phases/review.py:L19-L236].; Canonical proposed files/interfaces: Create `atlas/review/service.py`, `atlas/review/publication.py`; refactor `atlas/phases/review.py`; extend artifact/finding models and migrations. / `AnalysisFinding`, `EvidenceRecord`, `PromotionDecision`, `PublicationRequest`, `PublicationAttempt`, `DestinationPublication`, `PublicationAdapter`.",atlas/models/publication.py [create]; atlas/review/publication.py::PublicationCoordinator [create]; atlas/review/adapters.py::PublicationAdapter [create]; atlas/schema/migrations/*_publications.sql [create]; atlas/cli.py [extend],No publication begins without a current authorized `APPROVE` decision bound to the exact evidence set.,"No publication begins without a current authorized `APPROVE` decision bound to the exact evidence set.; Duplicate requests converge on one verified destination effect or a deterministic conflict.; Unknown outcome is reconciled rather than blindly repeated.; Every verified publication resolves bidirectionally to source root, intake generation, occurrence, exact content, derivations, findings, evidence, decision, actor, policy, and attempt.",incomplete
69,T18.1.1,E18,"Retry, timeout, idempotency, reconciliation, and crash recovery",Define the error taxonomy and operation-semantics registry,P1,14,"T9.1.4, T15.1.4, T17.1.4",{RECOVERY} {LIFECYCLE} {PLUGINS} {SECURITY},"PREDECESSOR-PACKAGE:ATLAS_Production_TODO_Package.zip@sha256:ca960729b67579b1b08fdedea786feb4594d0649353521c9dbcaf0f2fdb2d09f; LATEST-ZIP:ATLAS_Task_Registry.json:AT-016; REQ-017; PDF:p.14-15,p.24,p.27; ADR-011; R-08,R-09,R-11","Evidence mode: ATTACHED-SNAPSHOT; canonical predecessor production package sha256=ca960729b67579b1b08fdedea786feb4594d0649353521c9dbcaf0f2fdb2d09f; embedded architecture package sha256=c2571cf6f6582a3e86f487e7ae817641d3b74e4425fe49e97889c9a29d9f9b97.; Public ATLAS main page retrieved 2026-08-21 shows branch `main`, 35 commits, the expected root tree, current README, and documented limitations; frozen code baseline remains Runndownn/ATLAS@efa547cafc64b58d60d19dcc1e5ba32c6b046bc5; exact current HEAD/dirty state requires T1.1.1.; Canonical macro task AT-016: Define retries, timeouts, idempotency, reconciliation, and crash recovery per phase; evidence: GAP-008, REQ-017; Sections 23 and ADR-011.; Canonical proposed files/interfaces: Coordinator/lifecycle, phase contracts, execution backends, review/publication; create error/recovery policy module if needed. / `RetryPolicy`, `OperationSemantics`, `RecoveryDecision`, `Reconciler`, typed `AtlasError` hierarchy.",atlas/errors.py::AtlasError [refactor]; atlas/recovery/semantics.py::OperationSemantics [create]; atlas/recovery/registry.py::OperationSemanticsRegistry [create]; docs/operations/operation-semantics.md [create],"Every built-in operation has exactly one current, versioned semantics classification.","Every built-in operation has exactly one current, versioned semantics classification.; Unknown/unregistered semantics block automatic retry.; Error codes are stable, serializable, and safe for API/event/log projection.; Policy can prove why an outcome is retryable, blocked, terminal, or requires reconciliation.",incomplete
70,T18.1.2,E18,"Retry, timeout, idempotency, reconciliation, and crash recovery","Implement retry, deadline, timeout, and idempotency policy",P1,16,T18.1.1,{RECOVERY} {PERSISTENCE} {SECURITY} {OBSERVABILITY},"PREDECESSOR-PACKAGE:ATLAS_Production_TODO_Package.zip@sha256:ca960729b67579b1b08fdedea786feb4594d0649353521c9dbcaf0f2fdb2d09f; LATEST-ZIP:ATLAS_Task_Registry.json:AT-016; REQ-017; PDF:p.14-15,p.24,p.27; ADR-011; R-08,R-09,R-11","Evidence mode: ATTACHED-SNAPSHOT; canonical predecessor production package sha256=ca960729b67579b1b08fdedea786feb4594d0649353521c9dbcaf0f2fdb2d09f; embedded architecture package sha256=c2571cf6f6582a3e86f487e7ae817641d3b74e4425fe49e97889c9a29d9f9b97.; Public ATLAS main page retrieved 2026-08-21 shows branch `main`, 35 commits, the expected root tree, current README, and documented limitations; frozen code baseline remains Runndownn/ATLAS@efa547cafc64b58d60d19dcc1e5ba32c6b046bc5; exact current HEAD/dirty state requires T1.1.1.; Canonical macro task AT-016: Define retries, timeouts, idempotency, reconciliation, and crash recovery per phase; evidence: GAP-008, REQ-017; Sections 23 and ADR-011.; Canonical proposed files/interfaces: Coordinator/lifecycle, phase contracts, execution backends, review/publication; create error/recovery policy module if needed. / `RetryPolicy`, `OperationSemantics`, `RecoveryDecision`, `Reconciler`, typed `AtlasError` hierarchy.",atlas/recovery/policy.py::RetryPolicyResolver [create]; atlas/recovery/idempotency.py::IdempotencyService [create]; atlas/core/coordinator.py [extend]; atlas/schema/migrations/*_recovery_policy.sql [create],Retry decisions are deterministic for the same durable state and policy version.,Retry decisions are deterministic for the same durable state and policy version.; No unsafe or unknown-outcome operation is automatically retried.; Duplicate idempotency identity returns the prior canonical result or conflict rather than repeating an effect.; Attempt/deadline/backoff state survives process restart.,incomplete
71,T18.1.3,E18,"Retry, timeout, idempotency, reconciliation, and crash recovery",Implement startup reconciliation and deterministic recovery decisions,P1,16,T18.1.1,{RECOVERY} {LIFECYCLE} {PERSISTENCE} {OPERATIONS},"PREDECESSOR-PACKAGE:ATLAS_Production_TODO_Package.zip@sha256:ca960729b67579b1b08fdedea786feb4594d0649353521c9dbcaf0f2fdb2d09f; LATEST-ZIP:ATLAS_Task_Registry.json:AT-016; REQ-017; PDF:p.14-15,p.24,p.27; ADR-011; R-08,R-09,R-11","Evidence mode: ATTACHED-SNAPSHOT; canonical predecessor production package sha256=ca960729b67579b1b08fdedea786feb4594d0649353521c9dbcaf0f2fdb2d09f; embedded architecture package sha256=c2571cf6f6582a3e86f487e7ae817641d3b74e4425fe49e97889c9a29d9f9b97.; Public ATLAS main page retrieved 2026-08-21 shows branch `main`, 35 commits, the expected root tree, current README, and documented limitations; frozen code baseline remains Runndownn/ATLAS@efa547cafc64b58d60d19dcc1e5ba32c6b046bc5; exact current HEAD/dirty state requires T1.1.1.; Canonical macro task AT-016: Define retries, timeouts, idempotency, reconciliation, and crash recovery per phase; evidence: GAP-008, REQ-017; Sections 23 and ADR-011.; Canonical proposed files/interfaces: Coordinator/lifecycle, phase contracts, execution backends, review/publication; create error/recovery policy module if needed. / `RetryPolicy`, `OperationSemantics`, `RecoveryDecision`, `Reconciler`, typed `AtlasError` hierarchy.",atlas/recovery/service.py::RecoveryService [create]; atlas/recovery/reconcilers.py [create]; atlas/core/runtime.py [extend]; atlas/status/projection.py [extend],Each nonterminal attempt maps to one persisted recovery disposition.,"Each nonterminal attempt maps to one persisted recovery disposition.; Unsafe or insufficient evidence becomes `BLOCKED/RECONCILIATION_REQUIRED`, never guessed success.; Repeated startup converges without duplicating the selected action.; Recovery summary identifies exact job/phase/attempt/checkpoint/effect boundary and next operator action.",incomplete
72,T18.1.4,E18,"Retry, timeout, idempotency, reconciliation, and crash recovery",Build the phase-by-phase crash and replay verification matrix,P1,16,"T18.1.2, T18.1.3",{RECOVERY} {RELEASE} {SECURITY} {EVIDENCE},"PREDECESSOR-PACKAGE:ATLAS_Production_TODO_Package.zip@sha256:ca960729b67579b1b08fdedea786feb4594d0649353521c9dbcaf0f2fdb2d09f; LATEST-ZIP:ATLAS_Task_Registry.json:AT-016; REQ-017; PDF:p.14-15,p.24,p.27; ADR-011; R-08,R-09,R-11","Evidence mode: ATTACHED-SNAPSHOT; canonical predecessor production package sha256=ca960729b67579b1b08fdedea786feb4594d0649353521c9dbcaf0f2fdb2d09f; embedded architecture package sha256=c2571cf6f6582a3e86f487e7ae817641d3b74e4425fe49e97889c9a29d9f9b97.; Public ATLAS main page retrieved 2026-08-21 shows branch `main`, 35 commits, the expected root tree, current README, and documented limitations; frozen code baseline remains Runndownn/ATLAS@efa547cafc64b58d60d19dcc1e5ba32c6b046bc5; exact current HEAD/dirty state requires T1.1.1.; Canonical macro task AT-016: Define retries, timeouts, idempotency, reconciliation, and crash recovery per phase; evidence: GAP-008, REQ-017; Sections 23 and ADR-011.; Canonical proposed files/interfaces: Coordinator/lifecycle, phase contracts, execution backends, review/publication; create error/recovery policy module if needed. / `RetryPolicy`, `OperationSemantics`, `RecoveryDecision`, `Reconciler`, typed `AtlasError` hierarchy.",tests/faults/crash_matrix/ [create]; tests/integration/test_recovery_matrix.py [create]; scripts/run_recovery_matrix.py [create]; docs/operations/recovery-matrix.md [create],The matrix covers all built-in phases and every declared operation-semantics class.,The matrix covers all built-in phases and every declared operation-semantics class.; Each fault point produces exactly the documented recovery disposition across repeated clean runs.; No unsafe side effect is repeated and no unknown outcome is reported as success.; CI publishes machine-readable crash/replay evidence and blocks regressions for mandatory platforms.,incomplete
73,T19.1.1,E19,Long-running local runtime ownership,"Define the daemon lifecycle, configuration, and ownership contract",P1,12,"T5.1.4, T9.1.4, T18.1.4",{OPERATIONS} {LIFECYCLE} {SECURITY} {CONFIGURATION},"PREDECESSOR-PACKAGE:ATLAS_Production_TODO_Package.zip@sha256:ca960729b67579b1b08fdedea786feb4594d0649353521c9dbcaf0f2fdb2d09f; LATEST-ZIP:ATLAS_Task_Registry.json:AT-017; REQ-014,REQ-015; PDF:p.14,p.21,p.27; GAP-007; ADR-008","Evidence mode: ATTACHED-SNAPSHOT; canonical predecessor production package sha256=ca960729b67579b1b08fdedea786feb4594d0649353521c9dbcaf0f2fdb2d09f; embedded architecture package sha256=c2571cf6f6582a3e86f487e7ae817641d3b74e4425fe49e97889c9a29d9f9b97.; Public ATLAS main page retrieved 2026-08-21 shows branch `main`, 35 commits, the expected root tree, current README, and documented limitations; frozen code baseline remains Runndownn/ATLAS@efa547cafc64b58d60d19dcc1e5ba32c6b046bc5; exact current HEAD/dirty state requires T1.1.1.; Canonical macro task AT-017: Add a long-running local daemon as the authoritative active-job owner; evidence: GAP-007, REQ-014, REQ-015; README remaining limitation on process-local controls.; Canonical proposed files/interfaces: Create `atlas/service/daemon.py`; refactor `atlas/cli.py`, runtime/coordinator; add claim/lease tables as needed. / `AtlasDaemon`, `JobClaim`, `CommandService`, local IPC choice or database-mediated commands; unchanged public CLI verbs.",atlas/service/daemon.py::AtlasDaemon [create]; atlas/service/config.py::DaemonConfig [create]; atlas/core/runtime.py [refactor]; docs/operations/daemon.md [create],"Readiness is false until store, migration, recovery, and ownership checks succeed.","Readiness is false until store, migration, recovery, and ownership checks succeed.; Only one valid local owner can advance an attempt.; Drain stops new claims while allowing documented safe completion/cancellation behavior.; Embedded and daemon modes use identical lifecycle/state/policy services.",incomplete
74,T19.1.2,E19,Long-running local runtime ownership,"Implement durable claims, leases, heartbeats, and fenced execution",P1,16,T19.1.1,{LIFECYCLE} {PERSISTENCE} {SECURITY} {RECOVERY},"PREDECESSOR-PACKAGE:ATLAS_Production_TODO_Package.zip@sha256:ca960729b67579b1b08fdedea786feb4594d0649353521c9dbcaf0f2fdb2d09f; LATEST-ZIP:ATLAS_Task_Registry.json:AT-017; REQ-014,REQ-015; PDF:p.14,p.21,p.27; GAP-007; ADR-008","Evidence mode: ATTACHED-SNAPSHOT; canonical predecessor production package sha256=ca960729b67579b1b08fdedea786feb4594d0649353521c9dbcaf0f2fdb2d09f; embedded architecture package sha256=c2571cf6f6582a3e86f487e7ae817641d3b74e4425fe49e97889c9a29d9f9b97.; Public ATLAS main page retrieved 2026-08-21 shows branch `main`, 35 commits, the expected root tree, current README, and documented limitations; frozen code baseline remains Runndownn/ATLAS@efa547cafc64b58d60d19dcc1e5ba32c6b046bc5; exact current HEAD/dirty state requires T1.1.1.; Canonical macro task AT-017: Add a long-running local daemon as the authoritative active-job owner; evidence: GAP-007, REQ-014, REQ-015; README remaining limitation on process-local controls.; Canonical proposed files/interfaces: Create `atlas/service/daemon.py`; refactor `atlas/cli.py`, runtime/coordinator; add claim/lease tables as needed. / `AtlasDaemon`, `JobClaim`, `CommandService`, local IPC choice or database-mediated commands; unchanged public CLI verbs.",atlas/models/claims.py::JobClaim [create]; atlas/service/claims.py::ClaimService [create]; atlas/core/coordinator.py [extend]; atlas/schema/migrations/*_claims.sql [create],Two daemons cannot validly own or commit the same attempt.,Two daemons cannot validly own or commit the same attempt.; A lost lease immediately removes authority at the next guarded boundary.; Stale results are rejected and retained as diagnostic evidence.; Claim recovery follows operation semantics and never blindly re-executes an unknown effect.,incomplete
75,T19.1.3,E19,Long-running local runtime ownership,Route CLI and Python controls through canonical command and status services,P1,14,T19.1.1,{API} {COMPATIBILITY} {LIFECYCLE} {SECURITY},"PREDECESSOR-PACKAGE:ATLAS_Production_TODO_Package.zip@sha256:ca960729b67579b1b08fdedea786feb4594d0649353521c9dbcaf0f2fdb2d09f; LATEST-ZIP:ATLAS_Task_Registry.json:AT-017; REQ-014,REQ-015; PDF:p.14,p.21,p.27; GAP-007; ADR-008","Evidence mode: ATTACHED-SNAPSHOT; canonical predecessor production package sha256=ca960729b67579b1b08fdedea786feb4594d0649353521c9dbcaf0f2fdb2d09f; embedded architecture package sha256=c2571cf6f6582a3e86f487e7ae817641d3b74e4425fe49e97889c9a29d9f9b97.; Public ATLAS main page retrieved 2026-08-21 shows branch `main`, 35 commits, the expected root tree, current README, and documented limitations; frozen code baseline remains Runndownn/ATLAS@efa547cafc64b58d60d19dcc1e5ba32c6b046bc5; exact current HEAD/dirty state requires T1.1.1.; Canonical macro task AT-017: Add a long-running local daemon as the authoritative active-job owner; evidence: GAP-007, REQ-014, REQ-015; README remaining limitation on process-local controls.; Canonical proposed files/interfaces: Create `atlas/service/daemon.py`; refactor `atlas/cli.py`, runtime/coordinator; add claim/lease tables as needed. / `AtlasDaemon`, `JobClaim`, `CommandService`, local IPC choice or database-mediated commands; unchanged public CLI verbs.",atlas/service/commands.py::CommandService [create]; atlas/status/service.py::StatusService [create]; atlas/cli.py [refactor]; atlas/__init__.py [extend],A separate CLI process can control a daemon-owned job without private runtime mutation.,A separate CLI process can control a daemon-owned job without private runtime mutation.; Equivalent CLI/Python commands produce identical persisted command and lifecycle results.; Replayed or stale commands return deterministic prior result/conflict.; Compatibility behavior and deprecation window are documented and tested.,incomplete
76,T19.1.4,E19,Long-running local runtime ownership,"Verify graceful shutdown, forced restart, and orphan containment",P1,16,"T19.1.2, T19.1.3",{OPERATIONS} {RECOVERY} {SECURITY} {RELEASE},"PREDECESSOR-PACKAGE:ATLAS_Production_TODO_Package.zip@sha256:ca960729b67579b1b08fdedea786feb4594d0649353521c9dbcaf0f2fdb2d09f; LATEST-ZIP:ATLAS_Task_Registry.json:AT-017; REQ-014,REQ-015; PDF:p.14,p.21,p.27; GAP-007; ADR-008","Evidence mode: ATTACHED-SNAPSHOT; canonical predecessor production package sha256=ca960729b67579b1b08fdedea786feb4594d0649353521c9dbcaf0f2fdb2d09f; embedded architecture package sha256=c2571cf6f6582a3e86f487e7ae817641d3b74e4425fe49e97889c9a29d9f9b97.; Public ATLAS main page retrieved 2026-08-21 shows branch `main`, 35 commits, the expected root tree, current README, and documented limitations; frozen code baseline remains Runndownn/ATLAS@efa547cafc64b58d60d19dcc1e5ba32c6b046bc5; exact current HEAD/dirty state requires T1.1.1.; Canonical macro task AT-017: Add a long-running local daemon as the authoritative active-job owner; evidence: GAP-007, REQ-014, REQ-015; README remaining limitation on process-local controls.; Canonical proposed files/interfaces: Create `atlas/service/daemon.py`; refactor `atlas/cli.py`, runtime/coordinator; add claim/lease tables as needed. / `AtlasDaemon`, `JobClaim`, `CommandService`, local IPC choice or database-mediated commands; unchanged public CLI verbs.",atlas/service/shutdown.py [create]; atlas/service/daemon.py [extend]; tests/integration/test_daemon_recovery.py [create]; docs/operations/daemon-runbook.md [create],Graceful stop leaves no new claims and records deterministic terminal/suspended/checkpoint state.,Graceful stop leaves no new claims and records deterministic terminal/suspended/checkpoint state.; Forced restart fences the old owner and produces one recovery decision per nonterminal attempt.; Orphan handling cannot terminate an unrelated process.; Runbook and tests cover foreground rollback for new jobs without stealing existing daemon-owned work.,incomplete
77,T20.1.1,E20,"Canonical status, telemetry, health, and diagnostics","Define structured logging, correlation, error catalog, and redaction",P1,12,"T8.1.4, T9.1.4, T18.1.4, T19.1.4",{OBSERVABILITY} {SECURITY} {LIFECYCLE} {COMPATIBILITY},"PREDECESSOR-PACKAGE:ATLAS_Production_TODO_Package.zip@sha256:ca960729b67579b1b08fdedea786feb4594d0649353521c9dbcaf0f2fdb2d09f; LATEST-ZIP:ATLAS_Task_Registry.json:AT-018; REQ-008,REQ-013,REQ-029; PDF:p.18-19,p.21,p.27; R-15","Evidence mode: ATTACHED-SNAPSHOT; canonical predecessor production package sha256=ca960729b67579b1b08fdedea786feb4594d0649353521c9dbcaf0f2fdb2d09f; embedded architecture package sha256=c2571cf6f6582a3e86f487e7ae817641d3b74e4425fe49e97889c9a29d9f9b97.; Public ATLAS main page retrieved 2026-08-21 shows branch `main`, 35 commits, the expected root tree, current README, and documented limitations; frozen code baseline remains Runndownn/ATLAS@efa547cafc64b58d60d19dcc1e5ba32c6b046bc5; exact current HEAD/dirty state requires T1.1.1.; Canonical macro task AT-018: Provide canonical status, telemetry, health, and diagnostic bundles; evidence: REQ-008, REQ-013, REQ-029; Sections 15 and 23.; Canonical proposed files/interfaces: Create status/telemetry modules; extend CLI, runtime, persistence queries; documentation. / `StatusService`, `JobStatus`, telemetry adapter, `DiagnosticBundle`, health/readiness result.",atlas/telemetry/logging.py [create]; atlas/telemetry/errors.py::ErrorCatalog [create]; atlas/telemetry/redaction.py [create]; atlas/core/runtime.py [extend],"Every major lifecycle, control, recovery, policy, and publication action has a stable code and correlation chain.","Every major lifecycle, control, recovery, policy, and publication action has a stable code and correlation chain.; Redaction occurs before every configured sink and diagnostic export.; Telemetry sink failure cannot change job state or result.; Golden log schema is versioned and compatibility-tested.",incomplete
78,T20.1.2,E20,"Canonical status, telemetry, health, and diagnostics",Implement bounded metrics and optional distributed tracing,P1,14,T20.1.1,{OBSERVABILITY} {PERFORMANCE} {SECURITY} {OPERATIONS},"PREDECESSOR-PACKAGE:ATLAS_Production_TODO_Package.zip@sha256:ca960729b67579b1b08fdedea786feb4594d0649353521c9dbcaf0f2fdb2d09f; LATEST-ZIP:ATLAS_Task_Registry.json:AT-018; REQ-008,REQ-013,REQ-029; PDF:p.18-19,p.21,p.27; R-15","Evidence mode: ATTACHED-SNAPSHOT; canonical predecessor production package sha256=ca960729b67579b1b08fdedea786feb4594d0649353521c9dbcaf0f2fdb2d09f; embedded architecture package sha256=c2571cf6f6582a3e86f487e7ae817641d3b74e4425fe49e97889c9a29d9f9b97.; Public ATLAS main page retrieved 2026-08-21 shows branch `main`, 35 commits, the expected root tree, current README, and documented limitations; frozen code baseline remains Runndownn/ATLAS@efa547cafc64b58d60d19dcc1e5ba32c6b046bc5; exact current HEAD/dirty state requires T1.1.1.; Canonical macro task AT-018: Provide canonical status, telemetry, health, and diagnostic bundles; evidence: REQ-008, REQ-013, REQ-029; Sections 15 and 23.; Canonical proposed files/interfaces: Create status/telemetry modules; extend CLI, runtime, persistence queries; documentation. / `StatusService`, `JobStatus`, telemetry adapter, `DiagnosticBundle`, health/readiness result.",atlas/telemetry/metrics.py::MetricsAdapter [create]; atlas/telemetry/tracing.py::TraceAdapter [create]; docs/operations/metrics-catalog.md [create]; tests/telemetry/ [create],"Metric names, units, label sets, and bounds are documented and schema-tested.","Metric names, units, label sets, and bounds are documented and schema-tested.; No mandatory lifecycle path depends on exporter success.; Load tests demonstrate bounded cardinality and memory use for representative workloads.; Trace removal/no-op mode leaves persisted semantics identical.",incomplete
79,T20.1.3,E20,"Canonical status, telemetry, health, and diagnostics",Build the canonical versioned job status projection,P1,16,T20.1.1,{OBSERVABILITY} {PERSISTENCE} {API} {COMPATIBILITY},"PREDECESSOR-PACKAGE:ATLAS_Production_TODO_Package.zip@sha256:ca960729b67579b1b08fdedea786feb4594d0649353521c9dbcaf0f2fdb2d09f; LATEST-ZIP:ATLAS_Task_Registry.json:AT-018; REQ-008,REQ-013,REQ-029; PDF:p.18-19,p.21,p.27; R-15","Evidence mode: ATTACHED-SNAPSHOT; canonical predecessor production package sha256=ca960729b67579b1b08fdedea786feb4594d0649353521c9dbcaf0f2fdb2d09f; embedded architecture package sha256=c2571cf6f6582a3e86f487e7ae817641d3b74e4425fe49e97889c9a29d9f9b97.; Public ATLAS main page retrieved 2026-08-21 shows branch `main`, 35 commits, the expected root tree, current README, and documented limitations; frozen code baseline remains Runndownn/ATLAS@efa547cafc64b58d60d19dcc1e5ba32c6b046bc5; exact current HEAD/dirty state requires T1.1.1.; Canonical macro task AT-018: Provide canonical status, telemetry, health, and diagnostic bundles; evidence: REQ-008, REQ-013, REQ-029; Sections 15 and 23.; Canonical proposed files/interfaces: Create status/telemetry modules; extend CLI, runtime, persistence queries; documentation. / `StatusService`, `JobStatus`, telemetry adapter, `DiagnosticBundle`, health/readiness result.",atlas/status/models.py::JobStatusV1 [create]; atlas/status/projection.py::StatusProjection [create]; atlas/status/service.py [extend]; atlas/cli.py [extend],"An operator can identify exact current phase, attempt, checkpoint, control, blocker, retry/recovery action, and provenance completeness without raw DB access.","An operator can identify exact current phase, attempt, checkpoint, control, blocker, retry/recovery action, and provenance completeness without raw DB access.; Status is rebuildable from authoritative state and events are supplemental only.; Legacy/partial/corrupt fields are explicit and never mistaken for complete.; Query performance and pagination are measured on representative large jobs.",incomplete
80,T20.1.4,E20,"Canonical status, telemetry, health, and diagnostics","Implement health, readiness, and sanitized diagnostic bundles",P1,14,"T20.1.2, T20.1.3",{OBSERVABILITY} {OPERATIONS} {SECURITY} {EVIDENCE},"PREDECESSOR-PACKAGE:ATLAS_Production_TODO_Package.zip@sha256:ca960729b67579b1b08fdedea786feb4594d0649353521c9dbcaf0f2fdb2d09f; LATEST-ZIP:ATLAS_Task_Registry.json:AT-018; REQ-008,REQ-013,REQ-029; PDF:p.18-19,p.21,p.27; R-15","Evidence mode: ATTACHED-SNAPSHOT; canonical predecessor production package sha256=ca960729b67579b1b08fdedea786feb4594d0649353521c9dbcaf0f2fdb2d09f; embedded architecture package sha256=c2571cf6f6582a3e86f487e7ae817641d3b74e4425fe49e97889c9a29d9f9b97.; Public ATLAS main page retrieved 2026-08-21 shows branch `main`, 35 commits, the expected root tree, current README, and documented limitations; frozen code baseline remains Runndownn/ATLAS@efa547cafc64b58d60d19dcc1e5ba32c6b046bc5; exact current HEAD/dirty state requires T1.1.1.; Canonical macro task AT-018: Provide canonical status, telemetry, health, and diagnostic bundles; evidence: REQ-008, REQ-013, REQ-029; Sections 15 and 23.; Canonical proposed files/interfaces: Create status/telemetry modules; extend CLI, runtime, persistence queries; documentation. / `StatusService`, `JobStatus`, telemetry adapter, `DiagnosticBundle`, health/readiness result.",atlas/status/health.py [create]; atlas/diagnostics/bundle.py::DiagnosticBundleBuilder [create]; atlas/cli.py [extend]; docs/operations/diagnostics.md [create],Health/readiness results are deterministic and identify each failed dependency/control.,Health/readiness results are deterministic and identify each failed dependency/control.; Diagnostic bundle verifies against its manifest and records all omissions/degraded collectors.; Synthetic secret/raw-content tests find no prohibited data.; Bundle failure cannot mutate lifecycle state or overwrite an existing file.,incomplete
81,T21.1.1,E21,Versioned external command and event adapters,"Define versioned external command, status, and error schemas",P2,14,"T8.1.4, T19.1.4, T20.1.4",{API} {COMPATIBILITY} {SECURITY} {LIFECYCLE},"PREDECESSOR-PACKAGE:ATLAS_Production_TODO_Package.zip@sha256:ca960729b67579b1b08fdedea786feb4594d0649353521c9dbcaf0f2fdb2d09f; LATEST-ZIP:ATLAS_Task_Registry.json:AT-019; REQ-024,REQ-025,REQ-030; PDF:p.18,p.19,p.21,p.27; GAP-006; ADR-004","Evidence mode: ATTACHED-SNAPSHOT; canonical predecessor production package sha256=ca960729b67579b1b08fdedea786feb4594d0649353521c9dbcaf0f2fdb2d09f; embedded architecture package sha256=c2571cf6f6582a3e86f487e7ae817641d3b74e4425fe49e97889c9a29d9f9b97.; Public ATLAS main page retrieved 2026-08-21 shows branch `main`, 35 commits, the expected root tree, current README, and documented limitations; frozen code baseline remains Runndownn/ATLAS@efa547cafc64b58d60d19dcc1e5ba32c6b046bc5; exact current HEAD/dirty state requires T1.1.1.; Canonical macro task AT-019: Implement REST, RabbitMQ, and webhook adapters over the shared command/event contracts; evidence: REQ-024, REQ-025, REQ-030; current RabbitMQ publisher-only behavior.; Canonical proposed files/interfaces: Create `atlas/api/`; complete event transport/dispatcher; optional webhook adapter; CLI/Python remain canonical clients. / REST v1, event envelope v1, webhook delivery record; no alternate phase/workflow semantics.",atlas/api/contracts.py [create]; atlas/service/commands.py [extend]; atlas/status/models.py [extend]; docs/api/contracts-v1.md [create],Equivalent local and external contracts produce identical authoritative command outcomes.,"Equivalent local and external contracts produce identical authoritative command outcomes.; No request field can directly set job/phase/attempt state, fencing, policy result, or publication success.; Replay/stale/version conflicts are deterministic and machine-readable.; Schemas and examples are generated or CI-checked against implementation.",incomplete
82,T21.1.2,E21,Versioned external command and event adapters,Implement REST v1 and generate the OpenAPI contract,P2,16,T21.1.1,{API} {SECURITY} {OBSERVABILITY} {COMPATIBILITY},"PREDECESSOR-PACKAGE:ATLAS_Production_TODO_Package.zip@sha256:ca960729b67579b1b08fdedea786feb4594d0649353521c9dbcaf0f2fdb2d09f; LATEST-ZIP:ATLAS_Task_Registry.json:AT-019; REQ-024,REQ-025,REQ-030; PDF:p.18,p.19,p.21,p.27; GAP-006; ADR-004","Evidence mode: ATTACHED-SNAPSHOT; canonical predecessor production package sha256=ca960729b67579b1b08fdedea786feb4594d0649353521c9dbcaf0f2fdb2d09f; embedded architecture package sha256=c2571cf6f6582a3e86f487e7ae817641d3b74e4425fe49e97889c9a29d9f9b97.; Public ATLAS main page retrieved 2026-08-21 shows branch `main`, 35 commits, the expected root tree, current README, and documented limitations; frozen code baseline remains Runndownn/ATLAS@efa547cafc64b58d60d19dcc1e5ba32c6b046bc5; exact current HEAD/dirty state requires T1.1.1.; Canonical macro task AT-019: Implement REST, RabbitMQ, and webhook adapters over the shared command/event contracts; evidence: REQ-024, REQ-025, REQ-030; current RabbitMQ publisher-only behavior.; Canonical proposed files/interfaces: Create `atlas/api/`; complete event transport/dispatcher; optional webhook adapter; CLI/Python remain canonical clients. / REST v1, event envelope v1, webhook delivery record; no alternate phase/workflow semantics.",atlas/api/rest.py [create]; atlas/api/dependencies.py [create]; openapi/atlas-v1.yaml [create]; tests/api/ [create],REST and CLI/Python commands converge on the same persisted result for equivalent requests.,"REST and CLI/Python commands converge on the same persisted result for equivalent requests.; OpenAPI is versioned, complete for implemented endpoints, and fails CI on drift.; Client disconnect/retry cannot duplicate authoritative effects.; Disabling/removing REST leaves core job execution and status semantics unchanged.",incomplete
83,T21.1.3,E21,Versioned external command and event adapters,Implement outbox-backed RabbitMQ event delivery,P2,16,T21.1.1,{EVENTS} {API} {RECOVERY} {SECURITY},"PREDECESSOR-PACKAGE:ATLAS_Production_TODO_Package.zip@sha256:ca960729b67579b1b08fdedea786feb4594d0649353521c9dbcaf0f2fdb2d09f; LATEST-ZIP:ATLAS_Task_Registry.json:AT-019; REQ-024,REQ-025,REQ-030; PDF:p.18,p.19,p.21,p.27; GAP-006; ADR-004","Evidence mode: ATTACHED-SNAPSHOT; canonical predecessor production package sha256=ca960729b67579b1b08fdedea786feb4594d0649353521c9dbcaf0f2fdb2d09f; embedded architecture package sha256=c2571cf6f6582a3e86f487e7ae817641d3b74e4425fe49e97889c9a29d9f9b97.; Public ATLAS main page retrieved 2026-08-21 shows branch `main`, 35 commits, the expected root tree, current README, and documented limitations; frozen code baseline remains Runndownn/ATLAS@efa547cafc64b58d60d19dcc1e5ba32c6b046bc5; exact current HEAD/dirty state requires T1.1.1.; Canonical macro task AT-019: Implement REST, RabbitMQ, and webhook adapters over the shared command/event contracts; evidence: REQ-024, REQ-025, REQ-030; current RabbitMQ publisher-only behavior.; Canonical proposed files/interfaces: Create `atlas/api/`; complete event transport/dispatcher; optional webhook adapter; CLI/Python remain canonical clients. / REST v1, event envelope v1, webhook delivery record; no alternate phase/workflow semantics.",atlas/events/rabbitmq.py [refactor]; atlas/events/dispatcher.py [extend]; atlas/events/contracts.py [extend]; tests/events/test_rabbitmq_transport.py [create],Broker outage cannot roll back or falsely fail an already committed lifecycle transition.,Broker outage cannot roll back or falsely fail an already committed lifecycle transition.; Delivery retries are bounded and duplicate event IDs/sequences support idempotent consumers.; No replayed event can mutate lifecycle state.; Legacy routing and new envelopes have a tested compatibility/deprecation path.,incomplete
84,T21.1.4,E21,Versioned external command and event adapters,Implement signed idempotent webhook notifications,P2,14,"T21.1.2, T21.1.3",{EVENTS} {SECURITY} {API} {RECOVERY},"PREDECESSOR-PACKAGE:ATLAS_Production_TODO_Package.zip@sha256:ca960729b67579b1b08fdedea786feb4594d0649353521c9dbcaf0f2fdb2d09f; LATEST-ZIP:ATLAS_Task_Registry.json:AT-019; REQ-024,REQ-025,REQ-030; PDF:p.18,p.19,p.21,p.27; GAP-006; ADR-004","Evidence mode: ATTACHED-SNAPSHOT; canonical predecessor production package sha256=ca960729b67579b1b08fdedea786feb4594d0649353521c9dbcaf0f2fdb2d09f; embedded architecture package sha256=c2571cf6f6582a3e86f487e7ae817641d3b74e4425fe49e97889c9a29d9f9b97.; Public ATLAS main page retrieved 2026-08-21 shows branch `main`, 35 commits, the expected root tree, current README, and documented limitations; frozen code baseline remains Runndownn/ATLAS@efa547cafc64b58d60d19dcc1e5ba32c6b046bc5; exact current HEAD/dirty state requires T1.1.1.; Canonical macro task AT-019: Implement REST, RabbitMQ, and webhook adapters over the shared command/event contracts; evidence: REQ-024, REQ-025, REQ-030; current RabbitMQ publisher-only behavior.; Canonical proposed files/interfaces: Create `atlas/api/`; complete event transport/dispatcher; optional webhook adapter; CLI/Python remain canonical clients. / REST v1, event envelope v1, webhook delivery record; no alternate phase/workflow semantics.",atlas/events/webhooks.py::WebhookDispatcher [create]; atlas/models/webhooks.py [create]; atlas/schema/migrations/*_webhooks.sql [create]; docs/integrations/webhooks.md [create],"Receivers can verify authenticity, schema version, event identity, and replay window.","Receivers can verify authenticity, schema version, event identity, and replay window.; Duplicate delivery is expected and safely identifiable.; Webhook failure never changes lifecycle state or loses durable event history.; SSRF/redirect/rebinding tests demonstrate deployment-policy enforcement.",incomplete
85,T22.1.1,E22,Subprocess plugin isolation and enforceable resource controls,Define the subprocess protocol and mediated artifact contract,P2,14,"T14.1.4, T15.1.4, T16.1.4, T18.1.4",{EXECUTION} {PLUGINS} {SECURITY} {COMPATIBILITY},"PREDECESSOR-PACKAGE:ATLAS_Production_TODO_Package.zip@sha256:ca960729b67579b1b08fdedea786feb4594d0649353521c9dbcaf0f2fdb2d09f; LATEST-ZIP:ATLAS_Task_Registry.json:AT-020; REQ-022; PDF:p.17,p.22,p.23,p.27; ADR-010; GAP-014","Evidence mode: ATTACHED-SNAPSHOT; canonical predecessor production package sha256=ca960729b67579b1b08fdedea786feb4594d0649353521c9dbcaf0f2fdb2d09f; embedded architecture package sha256=c2571cf6f6582a3e86f487e7ae817641d3b74e4425fe49e97889c9a29d9f9b97.; Public ATLAS main page retrieved 2026-08-21 shows branch `main`, 35 commits, the expected root tree, current README, and documented limitations; frozen code baseline remains Runndownn/ATLAS@efa547cafc64b58d60d19dcc1e5ba32c6b046bc5; exact current HEAD/dirty state requires T1.1.1.; Canonical macro task AT-020: Add subprocess execution with mediated artifacts and enforceable limits; evidence: GAP-014, REQ-022; ADR-010.; Canonical proposed files/interfaces: Create `atlas/execution/subprocess.py`; extend plugin descriptors/policy and workspace/artifact access. / Subprocess backend implementing ExecutionBackend; `CapabilityGrant`; mediated artifact token/locator.",atlas/execution/subprocess.py::SubprocessBackend [create]; atlas/execution/protocol.py [create]; atlas/execution/artifact_access.py [extend]; docs/plugins/subprocess-protocol.md [create],Subprocess cannot receive StateStore credentials or undeclared source/workspace paths through the protocol/environment.,Subprocess cannot receive StateStore credentials or undeclared source/workspace paths through the protocol/environment.; Malformed or forged protocol messages fail the attempt without lifecycle mutation.; Equivalent trusted plugin results normalize identically in in-process and subprocess backends.; Protocol compatibility and capability negotiation are versioned and tested.,incomplete
86,T22.1.2,E22,Subprocess plugin isolation and enforceable resource controls,"Implement deterministic process lifecycle, timeout, and tree termination",P2,16,T22.1.1,{EXECUTION} {RECOVERY} {SECURITY} {OPERATIONS},"PREDECESSOR-PACKAGE:ATLAS_Production_TODO_Package.zip@sha256:ca960729b67579b1b08fdedea786feb4594d0649353521c9dbcaf0f2fdb2d09f; LATEST-ZIP:ATLAS_Task_Registry.json:AT-020; REQ-022; PDF:p.17,p.22,p.23,p.27; ADR-010; GAP-014","Evidence mode: ATTACHED-SNAPSHOT; canonical predecessor production package sha256=ca960729b67579b1b08fdedea786feb4594d0649353521c9dbcaf0f2fdb2d09f; embedded architecture package sha256=c2571cf6f6582a3e86f487e7ae817641d3b74e4425fe49e97889c9a29d9f9b97.; Public ATLAS main page retrieved 2026-08-21 shows branch `main`, 35 commits, the expected root tree, current README, and documented limitations; frozen code baseline remains Runndownn/ATLAS@efa547cafc64b58d60d19dcc1e5ba32c6b046bc5; exact current HEAD/dirty state requires T1.1.1.; Canonical macro task AT-020: Add subprocess execution with mediated artifacts and enforceable limits; evidence: GAP-014, REQ-022; ADR-010.; Canonical proposed files/interfaces: Create `atlas/execution/subprocess.py`; extend plugin descriptors/policy and workspace/artifact access. / Subprocess backend implementing ExecutionBackend; `CapabilityGrant`; mediated artifact token/locator.",atlas/execution/process_supervisor.py [create]; atlas/execution/subprocess.py [extend]; atlas/recovery/reconcilers.py [extend]; tests/execution/hostile_plugins/ [create],Timeout/cancel kills and reaps the entire controlled process tree on supported platforms.,"Timeout/cancel kills and reaps the entire controlled process tree on supported platforms.; Late or stale results cannot commit after fencing/cancellation.; Unsupported containment controls are explicit in status and release evidence.; No zombie, leaked handle, or unbounded output remains after hostile fixtures.",incomplete
87,T22.1.3,E22,Subprocess plugin isolation and enforceable resource controls,"Enforce subprocess resource, network, tool, and secret policy",P2,16,T22.1.1,{EXECUTION} {SECURITY} {PERFORMANCE} {PLUGINS},"PREDECESSOR-PACKAGE:ATLAS_Production_TODO_Package.zip@sha256:ca960729b67579b1b08fdedea786feb4594d0649353521c9dbcaf0f2fdb2d09f; LATEST-ZIP:ATLAS_Task_Registry.json:AT-020; REQ-022; PDF:p.17,p.22,p.23,p.27; ADR-010; GAP-014","Evidence mode: ATTACHED-SNAPSHOT; canonical predecessor production package sha256=ca960729b67579b1b08fdedea786feb4594d0649353521c9dbcaf0f2fdb2d09f; embedded architecture package sha256=c2571cf6f6582a3e86f487e7ae817641d3b74e4425fe49e97889c9a29d9f9b97.; Public ATLAS main page retrieved 2026-08-21 shows branch `main`, 35 commits, the expected root tree, current README, and documented limitations; frozen code baseline remains Runndownn/ATLAS@efa547cafc64b58d60d19dcc1e5ba32c6b046bc5; exact current HEAD/dirty state requires T1.1.1.; Canonical macro task AT-020: Add subprocess execution with mediated artifacts and enforceable limits; evidence: GAP-014, REQ-022; ADR-010.; Canonical proposed files/interfaces: Create `atlas/execution/subprocess.py`; extend plugin descriptors/policy and workspace/artifact access. / Subprocess backend implementing ExecutionBackend; `CapabilityGrant`; mediated artifact token/locator.",atlas/execution/limits.py [create]; atlas/execution/capabilities.py::CapabilityGrant [extend]; atlas/security/plugin_policy.py [extend]; docs/security/subprocess-enforcement-matrix.md [create],"Each subprocess attempt records requested, enforced, unavailable, and exceeded controls plus measured usage.","Each subprocess attempt records requested, enforced, unavailable, and exceeded controls plus measured usage.; Network/tools/secrets are absent unless explicitly granted by deterministic policy.; Required unavailable controls block untrusted execution rather than silently weakening policy.; Tool and command-injection tests show no shell interpretation of plugin-controlled values.",incomplete
88,T22.1.4,E22,Subprocess plugin isolation and enforceable resource controls,Establish hostile-plugin and backend conformance gates,P2,16,"T22.1.2, T22.1.3",{RELEASE} {SECURITY} {EXECUTION} {EVIDENCE},"PREDECESSOR-PACKAGE:ATLAS_Production_TODO_Package.zip@sha256:ca960729b67579b1b08fdedea786feb4594d0649353521c9dbcaf0f2fdb2d09f; LATEST-ZIP:ATLAS_Task_Registry.json:AT-020; REQ-022; PDF:p.17,p.22,p.23,p.27; ADR-010; GAP-014","Evidence mode: ATTACHED-SNAPSHOT; canonical predecessor production package sha256=ca960729b67579b1b08fdedea786feb4594d0649353521c9dbcaf0f2fdb2d09f; embedded architecture package sha256=c2571cf6f6582a3e86f487e7ae817641d3b74e4425fe49e97889c9a29d9f9b97.; Public ATLAS main page retrieved 2026-08-21 shows branch `main`, 35 commits, the expected root tree, current README, and documented limitations; frozen code baseline remains Runndownn/ATLAS@efa547cafc64b58d60d19dcc1e5ba32c6b046bc5; exact current HEAD/dirty state requires T1.1.1.; Canonical macro task AT-020: Add subprocess execution with mediated artifacts and enforceable limits; evidence: GAP-014, REQ-022; ADR-010.; Canonical proposed files/interfaces: Create `atlas/execution/subprocess.py`; extend plugin descriptors/policy and workspace/artifact access. / Subprocess backend implementing ExecutionBackend; `CapabilityGrant`; mediated artifact token/locator.",tests/execution/hostile_plugins/ [extend]; tests/execution/test_backend_conformance.py [extend]; scripts/run_plugin_isolation_matrix.py [create]; .github/workflows/plugin-isolation.yml [create],Every supported platform has a current pass/fail/reduced-assurance enforcement matrix.,Every supported platform has a current pass/fail/reduced-assurance enforcement matrix.; Hostile fixtures cannot commit lifecycle state or escape mediated inputs under claimed controls.; Cleanup and resource-accounting assertions pass after every failure class.; No unsupported control is marketed as enforced and no mandatory isolation test is silently skipped.,incomplete
89,T23.1.1,E23,"Retention, compatibility, plugin SDK, and source-provider evolution",Define retention classes and implement reference-safe cleanup,P2,16,"T12.1.4, T17.1.4",{OPERATIONS} {STORAGE} {PROVENANCE} {SECURITY},"PREDECESSOR-PACKAGE:ATLAS_Production_TODO_Package.zip@sha256:ca960729b67579b1b08fdedea786feb4594d0649353521c9dbcaf0f2fdb2d09f; Earlier deep-review refinement incorporated under latest-ZIP authority; LATEST-ZIP:ATLAS_Evidence_Driven_Architecture_Blueprint.md:#8,#13,#22,#27,#29; PROMPT:Pasted markdown (2).md:Stages 3,7,8,13,15; PDF:p.17,p.18,p.24,p.26,p.28; REQ-021,REQ-023,REQ-029; ADR-012","Evidence mode: ATTACHED-SNAPSHOT; canonical predecessor production package sha256=ca960729b67579b1b08fdedea786feb4594d0649353521c9dbcaf0f2fdb2d09f; embedded architecture package sha256=c2571cf6f6582a3e86f487e7ae817641d3b74e4425fe49e97889c9a29d9f9b97.; Public ATLAS main page retrieved 2026-08-21 shows branch `main`, 35 commits, the expected root tree, current README, and documented limitations; frozen code baseline remains Runndownn/ATLAS@efa547cafc64b58d60d19dcc1e5ba32c6b046bc5; exact current HEAD/dirty state requires T1.1.1.; Latest architecture and earlier deep-review material support this refinement: LATEST-ZIP:ATLAS_Evidence_Driven_Architecture_Blueprint.md:#8,#13,#22,#27,#29; PROMPT:Pasted markdown (2).md:Stages 3,7,8,13,15; PDF:p.17,p.18,p.24,p.26,p.28.; This is a planning decomposition/new support capability, not a claim that the current repository implements it.",atlas/retention/models.py [create]; atlas/retention/service.py::RetentionManager [create]; atlas/schema/migrations/*_retention.sql [create]; docs/operations/retention.md [create],Retention periods and required preserved classes are explicitly resolved and versioned before deletion is enabled.,"Retention periods and required preserved classes are explicitly resolved and versioned before deletion is enabled.; Dry-run and execution use the same immutable plan or fail on changed preconditions.; No referenced, held, active, or unknown-ownership object is deleted.; Interrupted cleanup is idempotently reconciled with durable per-object evidence.",incomplete
90,T23.1.2,E23,"Retention, compatibility, plugin SDK, and source-provider evolution",Implement the compatibility catalog and deprecation telemetry,P2,14,"T3.1.4, T4.1.4, T8.1.4, T14.1.4, T18.1.4",{COMPATIBILITY} {ARCHITECTURE} {OBSERVABILITY} {RELEASE},"PREDECESSOR-PACKAGE:ATLAS_Production_TODO_Package.zip@sha256:ca960729b67579b1b08fdedea786feb4594d0649353521c9dbcaf0f2fdb2d09f; Earlier deep-review refinement incorporated under latest-ZIP authority; LATEST-ZIP:ATLAS_Evidence_Driven_Architecture_Blueprint.md:#8,#13,#22,#27,#29; PROMPT:Pasted markdown (2).md:Stages 3,7,8,13,15; PDF:p.17,p.18,p.24,p.26,p.28; REQ-021,REQ-023,REQ-029; ADR-012","Evidence mode: ATTACHED-SNAPSHOT; canonical predecessor production package sha256=ca960729b67579b1b08fdedea786feb4594d0649353521c9dbcaf0f2fdb2d09f; embedded architecture package sha256=c2571cf6f6582a3e86f487e7ae817641d3b74e4425fe49e97889c9a29d9f9b97.; Public ATLAS main page retrieved 2026-08-21 shows branch `main`, 35 commits, the expected root tree, current README, and documented limitations; frozen code baseline remains Runndownn/ATLAS@efa547cafc64b58d60d19dcc1e5ba32c6b046bc5; exact current HEAD/dirty state requires T1.1.1.; Latest architecture and earlier deep-review material support this refinement: LATEST-ZIP:ATLAS_Evidence_Driven_Architecture_Blueprint.md:#8,#13,#22,#27,#29; PROMPT:Pasted markdown (2).md:Stages 3,7,8,13,15; PDF:p.17,p.18,p.24,p.26,p.28.; This is a planning decomposition/new support capability, not a claim that the current repository implements it.",atlas/compat/catalog.py::CompatibilityCatalog [create]; atlas/compat/translators.py [create]; atlas/status/projection.py [extend]; docs/compatibility.md [create],Every persisted/public contract has one catalog entry and explicit read/write/deprecation policy.,Every persisted/public contract has one catalog entry and explicit read/write/deprecation policy.; Unsupported or lossy authority-bearing conversions fail closed with actionable status.; Compatibility reports identify affected records/plugins/configurations before upgrade.; Deprecation removal requires evidence that migration and rollback gates passed.,incomplete
91,T23.1.3,E23,"Retention, compatibility, plugin SDK, and source-provider evolution","Deliver the plugin SDK, fixtures, and contract-validation CLI",P2,16,"T14.1.4, T15.1.4, T22.1.4",{DX} {PLUGINS} {COMPATIBILITY} {SECURITY},"PREDECESSOR-PACKAGE:ATLAS_Production_TODO_Package.zip@sha256:ca960729b67579b1b08fdedea786feb4594d0649353521c9dbcaf0f2fdb2d09f; Earlier deep-review refinement incorporated under latest-ZIP authority; LATEST-ZIP:ATLAS_Evidence_Driven_Architecture_Blueprint.md:#8,#13,#22,#27,#29; PROMPT:Pasted markdown (2).md:Stages 3,7,8,13,15; PDF:p.17,p.18,p.24,p.26,p.28; REQ-021,REQ-023,REQ-029; ADR-012","Evidence mode: ATTACHED-SNAPSHOT; canonical predecessor production package sha256=ca960729b67579b1b08fdedea786feb4594d0649353521c9dbcaf0f2fdb2d09f; embedded architecture package sha256=c2571cf6f6582a3e86f487e7ae817641d3b74e4425fe49e97889c9a29d9f9b97.; Public ATLAS main page retrieved 2026-08-21 shows branch `main`, 35 commits, the expected root tree, current README, and documented limitations; frozen code baseline remains Runndownn/ATLAS@efa547cafc64b58d60d19dcc1e5ba32c6b046bc5; exact current HEAD/dirty state requires T1.1.1.; Latest architecture and earlier deep-review material support this refinement: LATEST-ZIP:ATLAS_Evidence_Driven_Architecture_Blueprint.md:#8,#13,#22,#27,#29; PROMPT:Pasted markdown (2).md:Stages 3,7,8,13,15; PDF:p.17,p.18,p.24,p.26,p.28.; This is a planning decomposition/new support capability, not a claim that the current repository implements it.",atlas/plugin_sdk/ [create]; atlas/cli.py [extend]; examples/plugins/ [create]; docs/plugins/sdk.md [create],A third party can implement and validate a plugin without importing private runtime/persistence APIs.,"A third party can implement and validate a plugin without importing private runtime/persistence APIs.; Contract CLI reports exact failed section, capability, compatibility, and remediation guidance.; Examples pass the same registry/backend conformance tests as built-ins.; Untrusted validation cannot mutate lifecycle state or access undeclared resources.",incomplete
92,T23.1.4,E23,"Retention, compatibility, plugin SDK, and source-provider evolution",Define the source-provider extension contract and defer unsupported providers,P2,12,"T6.1.4, T10.1.4, T14.1.4",{INTAKE} {PLUGINS} {SECURITY} {COMPATIBILITY},"PREDECESSOR-PACKAGE:ATLAS_Production_TODO_Package.zip@sha256:ca960729b67579b1b08fdedea786feb4594d0649353521c9dbcaf0f2fdb2d09f; Earlier deep-review refinement incorporated under latest-ZIP authority; LATEST-ZIP:ATLAS_Evidence_Driven_Architecture_Blueprint.md:#8,#13,#22,#27,#29; PROMPT:Pasted markdown (2).md:Stages 3,7,8,13,15; PDF:p.17,p.18,p.24,p.26,p.28; REQ-021,REQ-023,REQ-029; ADR-012","Evidence mode: ATTACHED-SNAPSHOT; canonical predecessor production package sha256=ca960729b67579b1b08fdedea786feb4594d0649353521c9dbcaf0f2fdb2d09f; embedded architecture package sha256=c2571cf6f6582a3e86f487e7ae817641d3b74e4425fe49e97889c9a29d9f9b97.; Public ATLAS main page retrieved 2026-08-21 shows branch `main`, 35 commits, the expected root tree, current README, and documented limitations; frozen code baseline remains Runndownn/ATLAS@efa547cafc64b58d60d19dcc1e5ba32c6b046bc5; exact current HEAD/dirty state requires T1.1.1.; Latest architecture and earlier deep-review material support this refinement: LATEST-ZIP:ATLAS_Evidence_Driven_Architecture_Blueprint.md:#8,#13,#22,#27,#29; PROMPT:Pasted markdown (2).md:Stages 3,7,8,13,15; PDF:p.17,p.18,p.24,p.26,p.28.; This is a planning decomposition/new support capability, not a claim that the current repository implements it.",atlas/sources/provider.py::SourceProvider [create]; atlas/sources/registry.py::SourceProviderRegistry [create]; atlas/sources/local.py [refactor]; docs/architecture/source-providers.md [create],Local provider passes the contract without changing accepted local semantics.,"Local provider passes the contract without changing accepted local semantics.; Any provider lacking stable observation/mutation semantics is rejected or explicitly reduced-assurance, not silently accepted.; Deferred providers are named as non-implemented and have measurable admission criteria.; Provider removal leaves persisted source/intake/occurrence/content records readable.",incomplete
93,T24.1.1,E24,"Continuous quality, packaging, benchmarks, and release evidence",Define the supported-platform matrix and mandatory CI policy,P1,14,T2.1.4,{RELEASE} {COMPATIBILITY} {SECURITY} {EVIDENCE},"PREDECESSOR-PACKAGE:ATLAS_Production_TODO_Package.zip@sha256:ca960729b67579b1b08fdedea786feb4594d0649353521c9dbcaf0f2fdb2d09f; LATEST-ZIP:ATLAS_Task_Registry.json:AT-024; REQ-029; PDF:p.20,p.24,p.26,p.27,p.28; R-16; ATLAS:.github/workflows/tests.yml:L1-L34 (frozen assessment citation)","Evidence mode: ATTACHED-SNAPSHOT; canonical predecessor production package sha256=ca960729b67579b1b08fdedea786feb4594d0649353521c9dbcaf0f2fdb2d09f; embedded architecture package sha256=c2571cf6f6582a3e86f487e7ae817641d3b74e4425fe49e97889c9a29d9f9b97.; Public ATLAS main page retrieved 2026-08-21 shows branch `main`, 35 commits, the expected root tree, current README, and documented limitations; frozen code baseline remains Runndownn/ATLAS@efa547cafc64b58d60d19dcc1e5ba32c6b046bc5; exact current HEAD/dirty state requires T1.1.1.; Canonical macro task AT-024: Establish continuous release-quality gates and benchmark evidence; evidence: R-16; [ATLAS:efa547cafc64b58d60d19dcc1e5ba32c6b046bc5:.github/workflows/tests.yml:L1-L34]; Sections 21, 24, and 26.; Canonical proposed files/interfaces: `.github/workflows/*`, `pyproject.toml`, packaging/release scripts, `SECURITY.md`, `CONTRIBUTING.md`, benchmark and fixture directories. / CI/release manifest, benchmark schema, compatibility matrix, SBOM/provenance artifacts.",.github/workflows/quality.yml [create]; pyproject.toml [extend]; docs/development/quality-gates.md [create]; docs/compatibility.md [extend],Supported and reduced-assurance platforms are explicitly resolved and versioned.,Supported and reduced-assurance platforms are explicitly resolved and versioned.; Every mandatory job blocks release and unapproved skips fail policy.; CI reports what is not covered and does not use blanket production-ready claims.; Clean reruns preserve deterministic configuration and evidence metadata.,incomplete
94,T24.1.2,E24,"Continuous quality, packaging, benchmarks, and release evidence","Add state-machine, migration, crash, adversarial, compatibility, and fuzz gates",P1,16,"T5.1.4, T11.1.4, T18.1.4, T22.1.4",{RELEASE} {RECOVERY} {SECURITY} {COMPATIBILITY},"PREDECESSOR-PACKAGE:ATLAS_Production_TODO_Package.zip@sha256:ca960729b67579b1b08fdedea786feb4594d0649353521c9dbcaf0f2fdb2d09f; LATEST-ZIP:ATLAS_Task_Registry.json:AT-024; REQ-029; PDF:p.20,p.24,p.26,p.27,p.28; R-16; ATLAS:.github/workflows/tests.yml:L1-L34 (frozen assessment citation)","Evidence mode: ATTACHED-SNAPSHOT; canonical predecessor production package sha256=ca960729b67579b1b08fdedea786feb4594d0649353521c9dbcaf0f2fdb2d09f; embedded architecture package sha256=c2571cf6f6582a3e86f487e7ae817641d3b74e4425fe49e97889c9a29d9f9b97.; Public ATLAS main page retrieved 2026-08-21 shows branch `main`, 35 commits, the expected root tree, current README, and documented limitations; frozen code baseline remains Runndownn/ATLAS@efa547cafc64b58d60d19dcc1e5ba32c6b046bc5; exact current HEAD/dirty state requires T1.1.1.; Canonical macro task AT-024: Establish continuous release-quality gates and benchmark evidence; evidence: R-16; [ATLAS:efa547cafc64b58d60d19dcc1e5ba32c6b046bc5:.github/workflows/tests.yml:L1-L34]; Sections 21, 24, and 26.; Canonical proposed files/interfaces: `.github/workflows/*`, `pyproject.toml`, packaging/release scripts, `SECURITY.md`, `CONTRIBUTING.md`, benchmark and fixture directories. / CI/release manifest, benchmark schema, compatibility matrix, SBOM/provenance artifacts.",.github/workflows/verification.yml [create]; tests/property/ [create]; tests/fuzz/ [create]; tests/fixtures/adversarial/ [create],Each major lifecycle/safety/recovery contract has an assigned mandatory test family and CI job.,"Each major lifecycle/safety/recovery contract has an assigned mandatory test family and CI job.; Regression fixtures are deterministic, licensed/provenanced, bounded, and sanitized.; No unapproved skip or flaky quarantine permits release.; Failures produce actionable minimized evidence without leaking sensitive input.",incomplete
95,T24.1.3,E24,"Continuous quality, packaging, benchmarks, and release evidence","Produce reproducible packages, SBOMs, provenance, and integrity manifests",P1,16,"T24.1.1, T4.1.4, T23.1.2",{RELEASE} {SECURITY} {PROVENANCE} {COMPATIBILITY},"PREDECESSOR-PACKAGE:ATLAS_Production_TODO_Package.zip@sha256:ca960729b67579b1b08fdedea786feb4594d0649353521c9dbcaf0f2fdb2d09f; LATEST-ZIP:ATLAS_Task_Registry.json:AT-024; REQ-029; PDF:p.20,p.24,p.26,p.27,p.28; R-16; ATLAS:.github/workflows/tests.yml:L1-L34 (frozen assessment citation)","Evidence mode: ATTACHED-SNAPSHOT; canonical predecessor production package sha256=ca960729b67579b1b08fdedea786feb4594d0649353521c9dbcaf0f2fdb2d09f; embedded architecture package sha256=c2571cf6f6582a3e86f487e7ae817641d3b74e4425fe49e97889c9a29d9f9b97.; Public ATLAS main page retrieved 2026-08-21 shows branch `main`, 35 commits, the expected root tree, current README, and documented limitations; frozen code baseline remains Runndownn/ATLAS@efa547cafc64b58d60d19dcc1e5ba32c6b046bc5; exact current HEAD/dirty state requires T1.1.1.; Canonical macro task AT-024: Establish continuous release-quality gates and benchmark evidence; evidence: R-16; [ATLAS:efa547cafc64b58d60d19dcc1e5ba32c6b046bc5:.github/workflows/tests.yml:L1-L34]; Sections 21, 24, and 26.; Canonical proposed files/interfaces: `.github/workflows/*`, `pyproject.toml`, packaging/release scripts, `SECURITY.md`, `CONTRIBUTING.md`, benchmark and fixture directories. / CI/release manifest, benchmark schema, compatibility matrix, SBOM/provenance artifacts.",pyproject.toml [extend]; scripts/build_release.py [create]; .github/workflows/release.yml [create]; SECURITY.md [create]; CONTRIBUTING.md [create],Clean wheel/sdist install and smoke tests pass with recorded tool/dependency versions.,"Clean wheel/sdist install and smoke tests pass with recorded tool/dependency versions.; Release bundle includes hashes, SBOM, license, provenance, security/dependency report, and coverage limitations.; Reproducibility comparison is automated and any variance is documented and bounded.; Publishing cannot proceed if integrity/provenance or mandatory tests fail.",incomplete
96,T24.1.4,E24,"Continuous quality, packaging, benchmarks, and release evidence","Build representative benchmarks, soak tests, and release rollback evidence",P1,16,"T24.1.2, T24.1.3, T23.1.1",{PERFORMANCE} {RELEASE} {RECOVERY} {OPERATIONS},"PREDECESSOR-PACKAGE:ATLAS_Production_TODO_Package.zip@sha256:ca960729b67579b1b08fdedea786feb4594d0649353521c9dbcaf0f2fdb2d09f; LATEST-ZIP:ATLAS_Task_Registry.json:AT-024; REQ-029; PDF:p.20,p.24,p.26,p.27,p.28; R-16; ATLAS:.github/workflows/tests.yml:L1-L34 (frozen assessment citation)","Evidence mode: ATTACHED-SNAPSHOT; canonical predecessor production package sha256=ca960729b67579b1b08fdedea786feb4594d0649353521c9dbcaf0f2fdb2d09f; embedded architecture package sha256=c2571cf6f6582a3e86f487e7ae817641d3b74e4425fe49e97889c9a29d9f9b97.; Public ATLAS main page retrieved 2026-08-21 shows branch `main`, 35 commits, the expected root tree, current README, and documented limitations; frozen code baseline remains Runndownn/ATLAS@efa547cafc64b58d60d19dcc1e5ba32c6b046bc5; exact current HEAD/dirty state requires T1.1.1.; Canonical macro task AT-024: Establish continuous release-quality gates and benchmark evidence; evidence: R-16; [ATLAS:efa547cafc64b58d60d19dcc1e5ba32c6b046bc5:.github/workflows/tests.yml:L1-L34]; Sections 21, 24, and 26.; Canonical proposed files/interfaces: `.github/workflows/*`, `pyproject.toml`, packaging/release scripts, `SECURITY.md`, `CONTRIBUTING.md`, benchmark and fixture directories. / CI/release manifest, benchmark schema, compatibility matrix, SBOM/provenance artifacts.",benchmarks/ [create]; tests/soak/ [create]; scripts/release_evidence.py [create]; docs/operations/release-and-rollback.md [create],"Every performance claim names workload, environment, metric, raw evidence, and confidence/limitation.","Every performance claim names workload, environment, metric, raw evidence, and confidence/limitation.; Semantic and integrity tests run alongside benchmark optimizations.; Release bundle contains mandatory test reports, benchmark raw data, migration/restore/rollback evidence, hashes, and operator notes.; A failed mandatory gate or rollback drill blocks release.",incomplete
97,T25.1.1,E25,Measured optional PostgreSQL and object-storage adapters,Define and approve quantitative scale-adapter trigger evidence,P3,12,"T4.1.4, T12.1.4, T18.1.4, T24.1.4",{SCALE} {PERFORMANCE} {EVIDENCE} {ARCHITECTURE},"PREDECESSOR-PACKAGE:ATLAS_Production_TODO_Package.zip@sha256:ca960729b67579b1b08fdedea786feb4594d0649353521c9dbcaf0f2fdb2d09f; LATEST-ZIP:ATLAS_Task_Registry.json:AT-021; REQ-026,REQ-030; PDF:p.2,p.19,p.21,p.27; ADR-003; OQ-007","Evidence mode: ATTACHED-SNAPSHOT; canonical predecessor production package sha256=ca960729b67579b1b08fdedea786feb4594d0649353521c9dbcaf0f2fdb2d09f; embedded architecture package sha256=c2571cf6f6582a3e86f487e7ae817641d3b74e4425fe49e97889c9a29d9f9b97.; Public ATLAS main page retrieved 2026-08-21 shows branch `main`, 35 commits, the expected root tree, current README, and documented limitations; frozen code baseline remains Runndownn/ATLAS@efa547cafc64b58d60d19dcc1e5ba32c6b046bc5; exact current HEAD/dirty state requires T1.1.1.; Canonical macro task AT-021: Add PostgreSQL and object-storage adapters only after measured trigger conditions; evidence: REQ-026, REQ-030; ADR-003; OQ-007.; Canonical proposed files/interfaces: Later `atlas/persistence/postgres.py`, `atlas/artifacts/object_store.py`; migration/conformance tooling. / Existing persistence/content conformance suites; provider configuration/version.",docs/decisions/scale-adapter-trigger.md [create]; benchmarks/scale_triggers/ [create]; atlas/config/scale.py [create]; ATLAS_Production_Task_Crosswalk.csv [extend],"Trigger criteria, measurement procedure, and decision authority are resolved and versioned.","Trigger criteria, measurement procedure, and decision authority are resolved and versioned.; Raw evidence demonstrates a specific local limitation and the proposed adapter addresses it.; Simpler local optimizations are tested or explicitly rejected with evidence.; A no-go result keeps adapter tasks deferred without being treated as failure.",incomplete
98,T25.1.2,E25,Measured optional PostgreSQL and object-storage adapters,Finalize backend conformance and one-authority migration contracts,P3,14,T25.1.1,{SCALE} {PERSISTENCE} {STORAGE} {RECOVERY},"PREDECESSOR-PACKAGE:ATLAS_Production_TODO_Package.zip@sha256:ca960729b67579b1b08fdedea786feb4594d0649353521c9dbcaf0f2fdb2d09f; LATEST-ZIP:ATLAS_Task_Registry.json:AT-021; REQ-026,REQ-030; PDF:p.2,p.19,p.21,p.27; ADR-003; OQ-007","Evidence mode: ATTACHED-SNAPSHOT; canonical predecessor production package sha256=ca960729b67579b1b08fdedea786feb4594d0649353521c9dbcaf0f2fdb2d09f; embedded architecture package sha256=c2571cf6f6582a3e86f487e7ae817641d3b74e4425fe49e97889c9a29d9f9b97.; Public ATLAS main page retrieved 2026-08-21 shows branch `main`, 35 commits, the expected root tree, current README, and documented limitations; frozen code baseline remains Runndownn/ATLAS@efa547cafc64b58d60d19dcc1e5ba32c6b046bc5; exact current HEAD/dirty state requires T1.1.1.; Canonical macro task AT-021: Add PostgreSQL and object-storage adapters only after measured trigger conditions; evidence: REQ-026, REQ-030; ADR-003; OQ-007.; Canonical proposed files/interfaces: Later `atlas/persistence/postgres.py`, `atlas/artifacts/object_store.py`; migration/conformance tooling. / Existing persistence/content conformance suites; provider configuration/version.",atlas/persistence/conformance.py [extend]; atlas/storage/conformance.py [extend]; atlas/migration/backend.py [create]; docs/architecture/backend-conformance.md [create],Conformance suites are backend-neutral and pass for SQLite/local content before alternate implementation.,Conformance suites are backend-neutral and pass for SQLite/local content before alternate implementation.; Migration protocol makes writable authority explicit and prevents dual writers.; Verification manifest covers all authority-bearing rows/blobs and lineage.; Rollback feasibility and cutoff are explicit before cutover.,incomplete
99,T25.1.3,E25,Measured optional PostgreSQL and object-storage adapters,Implement and validate the optional PostgreSQL StateStore,P3,16,T25.1.1,{SCALE} {PERSISTENCE} {RECOVERY} {SECURITY},"PREDECESSOR-PACKAGE:ATLAS_Production_TODO_Package.zip@sha256:ca960729b67579b1b08fdedea786feb4594d0649353521c9dbcaf0f2fdb2d09f; LATEST-ZIP:ATLAS_Task_Registry.json:AT-021; REQ-026,REQ-030; PDF:p.2,p.19,p.21,p.27; ADR-003; OQ-007","Evidence mode: ATTACHED-SNAPSHOT; canonical predecessor production package sha256=ca960729b67579b1b08fdedea786feb4594d0649353521c9dbcaf0f2fdb2d09f; embedded architecture package sha256=c2571cf6f6582a3e86f487e7ae817641d3b74e4425fe49e97889c9a29d9f9b97.; Public ATLAS main page retrieved 2026-08-21 shows branch `main`, 35 commits, the expected root tree, current README, and documented limitations; frozen code baseline remains Runndownn/ATLAS@efa547cafc64b58d60d19dcc1e5ba32c6b046bc5; exact current HEAD/dirty state requires T1.1.1.; Canonical macro task AT-021: Add PostgreSQL and object-storage adapters only after measured trigger conditions; evidence: REQ-026, REQ-030; ADR-003; OQ-007.; Canonical proposed files/interfaces: Later `atlas/persistence/postgres.py`, `atlas/artifacts/object_store.py`; migration/conformance tooling. / Existing persistence/content conformance suites; provider configuration/version.",atlas/persistence/postgres.py::PostgresStateStore [create]; atlas/schema/postgres/ [create]; atlas/config/persistence.py [extend]; tests/persistence/test_postgres_conformance.py [create],"PostgreSQL passes the same StateStore, state-machine, crash, event, claim, idempotency, migration, and status tests as SQLite.","PostgreSQL passes the same StateStore, state-machine, crash, event, claim, idempotency, migration, and status tests as SQLite.; Cutover/rollback drill preserves counts, identities, constraints, sequence, event order, and hashes.; One writable backend authority is enforced at startup and during migration.; Measured workload shows the approved benefit without changing lifecycle semantics.",incomplete
100,T25.1.4,E25,Measured optional PostgreSQL and object-storage adapters,Implement and validate the optional object-backed ContentStore,P3,16,"T25.1.2, T25.1.3",{SCALE} {STORAGE} {IDENTITY} {SECURITY},"PREDECESSOR-PACKAGE:ATLAS_Production_TODO_Package.zip@sha256:ca960729b67579b1b08fdedea786feb4594d0649353521c9dbcaf0f2fdb2d09f; LATEST-ZIP:ATLAS_Task_Registry.json:AT-021; REQ-026,REQ-030; PDF:p.2,p.19,p.21,p.27; ADR-003; OQ-007","Evidence mode: ATTACHED-SNAPSHOT; canonical predecessor production package sha256=ca960729b67579b1b08fdedea786feb4594d0649353521c9dbcaf0f2fdb2d09f; embedded architecture package sha256=c2571cf6f6582a3e86f487e7ae817641d3b74e4425fe49e97889c9a29d9f9b97.; Public ATLAS main page retrieved 2026-08-21 shows branch `main`, 35 commits, the expected root tree, current README, and documented limitations; frozen code baseline remains Runndownn/ATLAS@efa547cafc64b58d60d19dcc1e5ba32c6b046bc5; exact current HEAD/dirty state requires T1.1.1.; Canonical macro task AT-021: Add PostgreSQL and object-storage adapters only after measured trigger conditions; evidence: REQ-026, REQ-030; ADR-003; OQ-007.; Canonical proposed files/interfaces: Later `atlas/persistence/postgres.py`, `atlas/artifacts/object_store.py`; migration/conformance tooling. / Existing persistence/content conformance suites; provider configuration/version.",atlas/storage/object_store.py::ObjectContentStore [create]; atlas/config/storage.py [extend]; atlas/migration/content.py [create]; tests/storage/test_object_store_conformance.py [create],"Object backend passes immutable ContentStore, integrity, reference, retention, recovery, and replay tests.","Object backend passes immutable ContentStore, integrity, reference, retention, recovery, and replay tests.; No-replace commit and byte verification prevent canonical-key corruption.; Migration/cutover/rollback preserves all referenced content hashes and one writable authority.; Approved workload demonstrates benefit and provider consistency limitations are explicit.",incomplete
101,T26.1.1,E26,Optional remote worker execution,Define the authenticated remote worker protocol and compatibility handshake,P3,16,"T15.1.4, T18.1.4, T21.1.4, T25.1.4",{SCALE} {EXECUTION} {SECURITY} {COMPATIBILITY},"PREDECESSOR-PACKAGE:ATLAS_Production_TODO_Package.zip@sha256:ca960729b67579b1b08fdedea786feb4594d0649353521c9dbcaf0f2fdb2d09f; LATEST-ZIP:ATLAS_Task_Registry.json:AT-022; REQ-026,REQ-030; PDF:p.19,p.21,p.27,p.29; R-11,R-17; Option C deferred","Evidence mode: ATTACHED-SNAPSHOT; canonical predecessor production package sha256=ca960729b67579b1b08fdedea786feb4594d0649353521c9dbcaf0f2fdb2d09f; embedded architecture package sha256=c2571cf6f6582a3e86f487e7ae817641d3b74e4425fe49e97889c9a29d9f9b97.; Public ATLAS main page retrieved 2026-08-21 shows branch `main`, 35 commits, the expected root tree, current README, and documented limitations; frozen code baseline remains Runndownn/ATLAS@efa547cafc64b58d60d19dcc1e5ba32c6b046bc5; exact current HEAD/dirty state requires T1.1.1.; Canonical macro task AT-022: Add remote workers with leases, fencing, and the existing WorkSpec contract; evidence: REQ-026, REQ-030; Option C deferred; R-11.; Canonical proposed files/interfaces: Later `atlas/execution/remote.py`, worker service/protocol, deployment docs. / Remote ExecutionBackend, worker protocol v1, lease/heartbeat, scoped artifact tokens.",atlas/execution/remote_protocol.py [create]; atlas/execution/remote.py::RemoteExecutionBackend [create]; atlas/worker/contracts.py [create]; docs/architecture/remote-worker-protocol.md [create],Protocol is versioned and compatibility failure is explicit before work starts.,Protocol is versioned and compatibility failure is explicit before work starts.; Worker cannot mutate lifecycle state or access undeclared artifacts.; Stale/duplicate/forged results are rejected deterministically and retained as evidence.; Local and remote backends share WorkSpec/result conformance semantics.,incomplete
102,T26.1.2,E26,Optional remote worker execution,Implement the least-privileged remote worker service,P3,16,T26.1.1,{SCALE} {EXECUTION} {SECURITY} {STORAGE},"PREDECESSOR-PACKAGE:ATLAS_Production_TODO_Package.zip@sha256:ca960729b67579b1b08fdedea786feb4594d0649353521c9dbcaf0f2fdb2d09f; LATEST-ZIP:ATLAS_Task_Registry.json:AT-022; REQ-026,REQ-030; PDF:p.19,p.21,p.27,p.29; R-11,R-17; Option C deferred","Evidence mode: ATTACHED-SNAPSHOT; canonical predecessor production package sha256=ca960729b67579b1b08fdedea786feb4594d0649353521c9dbcaf0f2fdb2d09f; embedded architecture package sha256=c2571cf6f6582a3e86f487e7ae817641d3b74e4425fe49e97889c9a29d9f9b97.; Public ATLAS main page retrieved 2026-08-21 shows branch `main`, 35 commits, the expected root tree, current README, and documented limitations; frozen code baseline remains Runndownn/ATLAS@efa547cafc64b58d60d19dcc1e5ba32c6b046bc5; exact current HEAD/dirty state requires T1.1.1.; Canonical macro task AT-022: Add remote workers with leases, fencing, and the existing WorkSpec contract; evidence: REQ-026, REQ-030; Option C deferred; R-11.; Canonical proposed files/interfaces: Later `atlas/execution/remote.py`, worker service/protocol, deployment docs. / Remote ExecutionBackend, worker protocol v1, lease/heartbeat, scoped artifact tokens.",atlas/worker/service.py::AtlasWorker [create]; atlas/worker/config.py [create]; atlas/worker/artifacts.py [create]; docs/operations/worker.md [create],Worker completes only authenticated assigned WorkSpecs and cannot write lifecycle authority.,Worker completes only authenticated assigned WorkSpecs and cannot write lifecycle authority.; All input/output bytes are hash-verified and scoped to the attempt.; Lease loss/cancel/drain leads to deterministic backend stop/result handling.; Compromise/revocation can fence the worker and preserve investigation evidence.,incomplete
103,T26.1.3,E26,Optional remote worker execution,"Implement remote scheduling, result verification, cancellation, and fallback policy",P3,16,T26.1.1,{SCALE} {EXECUTION} {RECOVERY} {LIFECYCLE},"PREDECESSOR-PACKAGE:ATLAS_Production_TODO_Package.zip@sha256:ca960729b67579b1b08fdedea786feb4594d0649353521c9dbcaf0f2fdb2d09f; LATEST-ZIP:ATLAS_Task_Registry.json:AT-022; REQ-026,REQ-030; PDF:p.19,p.21,p.27,p.29; R-11,R-17; Option C deferred","Evidence mode: ATTACHED-SNAPSHOT; canonical predecessor production package sha256=ca960729b67579b1b08fdedea786feb4594d0649353521c9dbcaf0f2fdb2d09f; embedded architecture package sha256=c2571cf6f6582a3e86f487e7ae817641d3b74e4425fe49e97889c9a29d9f9b97.; Public ATLAS main page retrieved 2026-08-21 shows branch `main`, 35 commits, the expected root tree, current README, and documented limitations; frozen code baseline remains Runndownn/ATLAS@efa547cafc64b58d60d19dcc1e5ba32c6b046bc5; exact current HEAD/dirty state requires T1.1.1.; Canonical macro task AT-022: Add remote workers with leases, fencing, and the existing WorkSpec contract; evidence: REQ-026, REQ-030; Option C deferred; R-11.; Canonical proposed files/interfaces: Later `atlas/execution/remote.py`, worker service/protocol, deployment docs. / Remote ExecutionBackend, worker protocol v1, lease/heartbeat, scoped artifact tokens.",atlas/execution/remote_scheduler.py [create]; atlas/execution/remote.py [extend]; atlas/recovery/reconcilers.py [extend]; atlas/status/projection.py [extend],One valid fenced result can commit for each work attempt.,"One valid fenced result can commit for each work attempt.; Worker loss maps to deterministic wait/retry/reconcile/block behavior from operation semantics.; Fallback/reassignment is disabled for unsafe/unknown side effects and never weakens policy.; Remote execution preserves the same phase barriers, persistence, events, lineage, and status as local execution.",incomplete
104,T26.1.4,E26,Optional remote worker execution,"Gate distributed execution with chaos, security, load, and operational evidence",P3,16,"T26.1.2, T26.1.3",{SCALE} {RELEASE} {SECURITY} {PERFORMANCE},"PREDECESSOR-PACKAGE:ATLAS_Production_TODO_Package.zip@sha256:ca960729b67579b1b08fdedea786feb4594d0649353521c9dbcaf0f2fdb2d09f; LATEST-ZIP:ATLAS_Task_Registry.json:AT-022; REQ-026,REQ-030; PDF:p.19,p.21,p.27,p.29; R-11,R-17; Option C deferred","Evidence mode: ATTACHED-SNAPSHOT; canonical predecessor production package sha256=ca960729b67579b1b08fdedea786feb4594d0649353521c9dbcaf0f2fdb2d09f; embedded architecture package sha256=c2571cf6f6582a3e86f487e7ae817641d3b74e4425fe49e97889c9a29d9f9b97.; Public ATLAS main page retrieved 2026-08-21 shows branch `main`, 35 commits, the expected root tree, current README, and documented limitations; frozen code baseline remains Runndownn/ATLAS@efa547cafc64b58d60d19dcc1e5ba32c6b046bc5; exact current HEAD/dirty state requires T1.1.1.; Canonical macro task AT-022: Add remote workers with leases, fencing, and the existing WorkSpec contract; evidence: REQ-026, REQ-030; Option C deferred; R-11.; Canonical proposed files/interfaces: Later `atlas/execution/remote.py`, worker service/protocol, deployment docs. / Remote ExecutionBackend, worker protocol v1, lease/heartbeat, scoped artifact tokens.",tests/distributed/ [create]; benchmarks/remote_workers/ [create]; scripts/run_remote_chaos_matrix.py [create]; docs/operations/remote-workers-runbook.md [create],Remote backend passes all local backend/state/recovery/lineage conformance suites.,Remote backend passes all local backend/state/recovery/lineage conformance suites.; Chaos matrix demonstrates stale fencing and no duplicate authoritative effects.; Benchmark and operations evidence justify distributed complexity for a defined workload.; Drain/rollback/revocation drill handles in-flight work without alternate authority.,incomplete
105,T27.1.1,E27,Bounded MCP and operator interfaces,Expose read-only and proposal-only MCP resources and tools,P3,14,"T17.1.4, T19.1.4, T20.1.4, T21.1.4",{API} {SECURITY} {REVIEW} {PLUGINS},"PREDECESSOR-PACKAGE:ATLAS_Production_TODO_Package.zip@sha256:ca960729b67579b1b08fdedea786feb4594d0649353521c9dbcaf0f2fdb2d09f; LATEST-ZIP:ATLAS_Task_Registry.json:AT-023; REQ-025,REQ-027,REQ-030; PDF:p.18,p.21,p.22,p.23,p.27; R-18","Evidence mode: ATTACHED-SNAPSHOT; canonical predecessor production package sha256=ca960729b67579b1b08fdedea786feb4594d0649353521c9dbcaf0f2fdb2d09f; embedded architecture package sha256=c2571cf6f6582a3e86f487e7ae817641d3b74e4425fe49e97889c9a29d9f9b97.; Public ATLAS main page retrieved 2026-08-21 shows branch `main`, 35 commits, the expected root tree, current README, and documented limitations; frozen code baseline remains Runndownn/ATLAS@efa547cafc64b58d60d19dcc1e5ba32c6b046bc5; exact current HEAD/dirty state requires T1.1.1.; Canonical macro task AT-023: Expose MCP and operator UI only as bounded clients of canonical services; evidence: REQ-025, REQ-027, REQ-030; R-18.; Canonical proposed files/interfaces: Later `atlas/integrations/mcp.py`, optional UI project/adapter. / Versioned MCP tools/resources/prompts; UI API over REST/Status; bounded proposal records.",atlas/integrations/mcp.py [create]; atlas/models/proposals.py::AnalysisProposal [create]; docs/integrations/mcp.md [create]; tests/integrations/test_mcp_read_tools.py [create],"MCP read/proposal tools cannot mutate lifecycle state, safety records, evidence authority, decisions, or publications.","MCP read/proposal tools cannot mutate lifecycle state, safety records, evidence authority, decisions, or publications.; Every proposal is visibly non-authoritative and provenance-versioned.; Hostile artifact text cannot create an unrequested tool call or expand capabilities.; Removing/disabling MCP leaves core semantics and data readable.",incomplete
106,T27.1.2,E27,Bounded MCP and operator interfaces,Route consequential MCP actions through deterministic command and review gates,P3,16,T27.1.1,{API} {SECURITY} {LIFECYCLE} {REVIEW},"PREDECESSOR-PACKAGE:ATLAS_Production_TODO_Package.zip@sha256:ca960729b67579b1b08fdedea786feb4594d0649353521c9dbcaf0f2fdb2d09f; LATEST-ZIP:ATLAS_Task_Registry.json:AT-023; REQ-025,REQ-027,REQ-030; PDF:p.18,p.21,p.22,p.23,p.27; R-18","Evidence mode: ATTACHED-SNAPSHOT; canonical predecessor production package sha256=ca960729b67579b1b08fdedea786feb4594d0649353521c9dbcaf0f2fdb2d09f; embedded architecture package sha256=c2571cf6f6582a3e86f487e7ae817641d3b74e4425fe49e97889c9a29d9f9b97.; Public ATLAS main page retrieved 2026-08-21 shows branch `main`, 35 commits, the expected root tree, current README, and documented limitations; frozen code baseline remains Runndownn/ATLAS@efa547cafc64b58d60d19dcc1e5ba32c6b046bc5; exact current HEAD/dirty state requires T1.1.1.; Canonical macro task AT-023: Expose MCP and operator UI only as bounded clients of canonical services; evidence: REQ-025, REQ-027, REQ-030; R-18.; Canonical proposed files/interfaces: Later `atlas/integrations/mcp.py`, optional UI project/adapter. / Versioned MCP tools/resources/prompts; UI API over REST/Status; bounded proposal records.",atlas/integrations/mcp.py [extend]; atlas/service/commands.py [extend]; atlas/security/agent_policy.py [create]; tests/integrations/test_mcp_commands.py [create],"No MCP command bypasses CommandService, lifecycle guards, review policy, publication checks, or expected-version/idempotency.","No MCP command bypasses CommandService, lifecycle guards, review policy, publication checks, or expected-version/idempotency.; Prompt-injected artifact text cannot authorize or alter a tool action.; AI-only output cannot create an approved PromotionDecision.; Replay, stale state, revoked session, and changed confirmation return deterministic non-success outcomes.",incomplete
107,T27.1.3,E27,Bounded MCP and operator interfaces,Build an operator UI that preserves authority and uncertainty distinctions,P3,16,T27.1.1,{DX} {API} {SECURITY} {OBSERVABILITY},"PREDECESSOR-PACKAGE:ATLAS_Production_TODO_Package.zip@sha256:ca960729b67579b1b08fdedea786feb4594d0649353521c9dbcaf0f2fdb2d09f; LATEST-ZIP:ATLAS_Task_Registry.json:AT-023; REQ-025,REQ-027,REQ-030; PDF:p.18,p.21,p.22,p.23,p.27; R-18","Evidence mode: ATTACHED-SNAPSHOT; canonical predecessor production package sha256=ca960729b67579b1b08fdedea786feb4594d0649353521c9dbcaf0f2fdb2d09f; embedded architecture package sha256=c2571cf6f6582a3e86f487e7ae817641d3b74e4425fe49e97889c9a29d9f9b97.; Public ATLAS main page retrieved 2026-08-21 shows branch `main`, 35 commits, the expected root tree, current README, and documented limitations; frozen code baseline remains Runndownn/ATLAS@efa547cafc64b58d60d19dcc1e5ba32c6b046bc5; exact current HEAD/dirty state requires T1.1.1.; Canonical macro task AT-023: Expose MCP and operator UI only as bounded clients of canonical services; evidence: REQ-025, REQ-027, REQ-030; R-18.; Canonical proposed files/interfaces: Later `atlas/integrations/mcp.py`, optional UI project/adapter. / Versioned MCP tools/resources/prompts; UI API over REST/Status; bounded proposal records.",ui/ [create]; atlas/api/rest.py [extend]; docs/operations/operator-ui.md [create]; tests/ui/ [create],"UI never labels a finding/proposal as evidence, a request as decision, or an attempt as verified publication.","UI never labels a finding/proposal as evidence, a request as decision, or an attempt as verified publication.; All commands traverse canonical APIs and reject stale/replayed input.; Hostile rendered content cannot execute or create unauthorized navigation/actions.; Accessibility, large-job performance, partial outage, and compatibility behavior are tested.",incomplete
108,T27.1.4,E27,Bounded MCP and operator interfaces,"Resolve tenant, authentication, authorization, and deployment-governance scope",P3,14,"T27.1.2, T27.1.3",{SECURITY} {ARCHITECTURE} {COMPATIBILITY} {SCALE},"PREDECESSOR-PACKAGE:ATLAS_Production_TODO_Package.zip@sha256:ca960729b67579b1b08fdedea786feb4594d0649353521c9dbcaf0f2fdb2d09f; LATEST-ZIP:ATLAS_Task_Registry.json:AT-023; REQ-025,REQ-027,REQ-030; PDF:p.18,p.21,p.22,p.23,p.27; R-18","Evidence mode: ATTACHED-SNAPSHOT; canonical predecessor production package sha256=ca960729b67579b1b08fdedea786feb4594d0649353521c9dbcaf0f2fdb2d09f; embedded architecture package sha256=c2571cf6f6582a3e86f487e7ae817641d3b74e4425fe49e97889c9a29d9f9b97.; Public ATLAS main page retrieved 2026-08-21 shows branch `main`, 35 commits, the expected root tree, current README, and documented limitations; frozen code baseline remains Runndownn/ATLAS@efa547cafc64b58d60d19dcc1e5ba32c6b046bc5; exact current HEAD/dirty state requires T1.1.1.; Canonical macro task AT-023: Expose MCP and operator UI only as bounded clients of canonical services; evidence: REQ-025, REQ-027, REQ-030; R-18.; Canonical proposed files/interfaces: Later `atlas/integrations/mcp.py`, optional UI project/adapter. / Versioned MCP tools/resources/prompts; UI API over REST/Status; bounded proposal records.",docs/decisions/deployment-identity-and-tenancy.md [create]; atlas/security/interfaces.py [create]; atlas/config/security.py [create]; tests/security/test_deployment_identity_adapters.py [create],"Deployment identity/tenancy requirements, non-goals, and decision authority are evidenced and approved.","Deployment identity/tenancy requirements, non-goals, and decision authority are evidenced and approved.; Selected adapters preserve core semantics and local mode remains safe and documented.; If multi-tenancy is required, isolation is modeled across state, content, events, caches, workers, diagnostics, and publications before implementation.; Auth/policy outage, revocation, and rollback behavior are deterministic and tested.",incomplete
109,T28.1.1,E28,Hermetic test laboratory and platform emulation,Build the hermetic test-laboratory controller and environment manifest,P1,16,"T1.1.1, T24.1.1",{RELEASE} {OPERATIONS} {EVIDENCE} {SECURITY},"PREDECESSOR-PACKAGE:ATLAS_Production_TODO_Package.zip@sha256:ca960729b67579b1b08fdedea786feb4594d0649353521c9dbcaf0f2fdb2d09f; Expansion of T24.1.1/T24.1.2 and deep-review Stage 16; PROMPT:Pasted markdown (2).md:Stage 16 — Testing Architecture Upgrade; PDF:p.24,p.27,p.29,p.33","Canonical predecessor production package: ATLAS_Production_TODO_Package.zip sha256=ca960729b67579b1b08fdedea786feb4594d0649353521c9dbcaf0f2fdb2d09f; all 108 predecessor tasks remain authoritative and incomplete.; Frozen implementation baseline: Runndownn/ATLAS@efa547cafc64b58d60d19dcc1e5ba32c6b046bc5; current public main page retrieved 2026-08-21 shows `main`, 35 commits, expected root surfaces, and the same documented remaining limitations.; Current frozen CI evidence: `.github/workflows/tests.yml` is Linux/Python 3.13 test-only; README documents `python -m pytest tests/ -v` but no run was executed in this planning workflow.; Deep-review source: `Pasted markdown (2).md`, Stage 8 security review, Stage 9 performance/resource review, and Stage 16 testing architecture upgrade.",tests/lab/controller.py [create]; tests/lab/environment.schema.json [create]; tests/lab/environments/ [create]; scripts/run_test_lab.py [create]; docs/testing/test-laboratory.md [create],Every result is bound to an immutable environment manifest and disposable workspace; unknown or partial provisioning fails closed.,"Two unchanged plans and runs produce byte-identical normalized manifests and the same lane/test selection.; Every result resolves to repository ref, environment digest, fixture digest, exact command, exit status, and artifact hashes.; Missing controls, path escape, symlink roots, lock conflicts, and cleanup leaks fail closed with typed diagnostics.; No production runtime module imports the laboratory controller or lane definitions.",incomplete
110,T28.1.2,E28,Hermetic test laboratory and platform emulation,"Emulate Linux filesystem, storage, and kernel-control variants",P1,16,"T28.1.1, T10.1.4, T24.1.1",{SAFETY} {RELEASE} {OPERATIONS} {PERFORMANCE},"PREDECESSOR-PACKAGE:ATLAS_Production_TODO_Package.zip@sha256:ca960729b67579b1b08fdedea786feb4594d0649353521c9dbcaf0f2fdb2d09f; Expansion of T10.1.1-T10.1.4, T22.1.2-T22.1.4, and T24.1.1; PROMPT:Pasted markdown (2).md:Stage 16 — Testing Architecture Upgrade; PDF:p.24,p.27,p.29,p.33","Canonical predecessor production package: ATLAS_Production_TODO_Package.zip sha256=ca960729b67579b1b08fdedea786feb4594d0649353521c9dbcaf0f2fdb2d09f; all 108 predecessor tasks remain authoritative and incomplete.; Frozen implementation baseline: Runndownn/ATLAS@efa547cafc64b58d60d19dcc1e5ba32c6b046bc5; current public main page retrieved 2026-08-21 shows `main`, 35 commits, expected root surfaces, and the same documented remaining limitations.; Current frozen CI evidence: `.github/workflows/tests.yml` is Linux/Python 3.13 test-only; README documents `python -m pytest tests/ -v` but no run was executed in this planning workflow.; Deep-review source: `Pasted markdown (2).md`, Stage 8 security review, Stage 9 performance/resource review, and Stage 16 testing architecture upgrade.",tests/lab/environments/linux/ [create]; tests/platform/linux/ [create]; .github/workflows/platform-linux.yml [create]; docs/testing/linux-assurance.md [create],Filesystem and kernel-control claims are accepted only for exact native lanes; emulation cannot stand in for durability or isolation.,"Every approved lane emits a capability/assurance matrix tied to exact kernel, filesystem, mount, and runner facts.; Source access, workspace, extraction, content-store, SQLite, resource-control, and cleanup contracts pass in supported lanes.; Unsupported or emulated controls remain visible and cannot satisfy native release gates.; Privileged lanes leave no mount, process, elevated file, or source-tree modification.",incomplete
111,T28.1.3,E28,Hermetic test laboratory and platform emulation,Emulate Windows and macOS path and process semantics,P1,16,"T28.1.1, T10.1.4, T22.1.2, T24.1.1",{SAFETY} {RELEASE} {COMPATIBILITY} {SECURITY},"PREDECESSOR-PACKAGE:ATLAS_Production_TODO_Package.zip@sha256:ca960729b67579b1b08fdedea786feb4594d0649353521c9dbcaf0f2fdb2d09f; Expansion of T10.1.1, T10.1.3, T22.1.2-T22.1.4, and A3/T24.1.1; PROMPT:Pasted markdown (2).md:Stage 16 — Testing Architecture Upgrade; PDF:p.24,p.27,p.29,p.33","Canonical predecessor production package: ATLAS_Production_TODO_Package.zip sha256=ca960729b67579b1b08fdedea786feb4594d0649353521c9dbcaf0f2fdb2d09f; all 108 predecessor tasks remain authoritative and incomplete.; Frozen implementation baseline: Runndownn/ATLAS@efa547cafc64b58d60d19dcc1e5ba32c6b046bc5; current public main page retrieved 2026-08-21 shows `main`, 35 commits, expected root surfaces, and the same documented remaining limitations.; Current frozen CI evidence: `.github/workflows/tests.yml` is Linux/Python 3.13 test-only; README documents `python -m pytest tests/ -v` but no run was executed in this planning workflow.; Deep-review source: `Pasted markdown (2).md`, Stage 8 security review, Stage 9 performance/resource review, and Stage 16 testing architecture upgrade.",tests/lab/environments/windows/ [create]; tests/lab/environments/macos/ [create]; tests/platform/windows/ [create]; tests/platform/macos/ [create]; docs/testing/cross-platform-assurance.md [create],Containment and identity do not depend on string-only POSIX assumptions; platform gaps remain explicit and fail closed.,"Every claimed control has native evidence bound to exact OS, filesystem mode, privilege state, and probes.; Path corpus, mutation, extraction, workspace, SQLite locking, and process cleanup preserve expected lifecycle outcomes.; Reserved/device/ADS/reparse/Unicode/case-collision inputs fail with stable reasons and no out-of-root effect.; Reduced-assurance controls are observable and cannot satisfy stronger support claims.",incomplete
112,T28.1.4,E28,Hermetic test laboratory and platform emulation,"Build isolated process, container, and resource-control test lanes",P1,16,"T28.1.1, T22.1.3, T22.1.4",{EXECUTION} {SECURITY} {RELEASE} {OPERATIONS},"PREDECESSOR-PACKAGE:ATLAS_Production_TODO_Package.zip@sha256:ca960729b67579b1b08fdedea786feb4594d0649353521c9dbcaf0f2fdb2d09f; Expansion of T22.1.1-T22.1.4 and deep-review Plugin Security; PROMPT:Pasted markdown (2).md:Stage 16 — Testing Architecture Upgrade; PDF:p.24,p.27,p.29,p.33","Canonical predecessor production package: ATLAS_Production_TODO_Package.zip sha256=ca960729b67579b1b08fdedea786feb4594d0649353521c9dbcaf0f2fdb2d09f; all 108 predecessor tasks remain authoritative and incomplete.; Frozen implementation baseline: Runndownn/ATLAS@efa547cafc64b58d60d19dcc1e5ba32c6b046bc5; current public main page retrieved 2026-08-21 shows `main`, 35 commits, expected root surfaces, and the same documented remaining limitations.; Current frozen CI evidence: `.github/workflows/tests.yml` is Linux/Python 3.13 test-only; README documents `python -m pytest tests/ -v` but no run was executed in this planning workflow.; Deep-review source: `Pasted markdown (2).md`, Stage 8 security review, Stage 9 performance/resource review, and Stage 16 testing architecture upgrade.",tests/lab/environments/isolation/ [create]; tests/execution/isolation_conformance/ [create]; scripts/run_isolation_matrix.py [create]; docs/security/execution-isolation-assurance.md [create],"Untrusted plugins receive only declared capabilities and cannot outlive, escape, or mutate authority beyond the mediated WorkSpec.","Every backend publishes an enforced/detected/advisory/unsupported control matrix and passes valid-result conformance.; Hostile fixtures cannot reach undeclared files, secrets, networks, tools, StateStore, or surviving process authority under claimed controls.; Timeout/resource/protocol/controller failures produce deterministic results and external cleanup evidence.; Policy refuses unsupported plugin/backend combinations instead of downgrading silently.",incomplete
113,T28.1.5,E28,Hermetic test laboratory and platform emulation,Build deterministic dependency-service and transport emulators,P1,16,"T28.1.1, T4.1.4, T8.1.4, T21.1.3",{PERSISTENCE} {EVENTS} {API} {RECOVERY} {RELEASE},"PREDECESSOR-PACKAGE:ATLAS_Production_TODO_Package.zip@sha256:ca960729b67579b1b08fdedea786feb4594d0649353521c9dbcaf0f2fdb2d09f; Expansion of T4.1.4, T8.1.3-T8.1.4, T21.1.2-T21.1.4, and T25; PROMPT:Pasted markdown (2).md:Stage 16 — Testing Architecture Upgrade; PDF:p.24,p.27,p.29,p.33","Canonical predecessor production package: ATLAS_Production_TODO_Package.zip sha256=ca960729b67579b1b08fdedea786feb4594d0649353521c9dbcaf0f2fdb2d09f; all 108 predecessor tasks remain authoritative and incomplete.; Frozen implementation baseline: Runndownn/ATLAS@efa547cafc64b58d60d19dcc1e5ba32c6b046bc5; current public main page retrieved 2026-08-21 shows `main`, 35 commits, expected root surfaces, and the same documented remaining limitations.; Current frozen CI evidence: `.github/workflows/tests.yml` is Linux/Python 3.13 test-only; README documents `python -m pytest tests/ -v` but no run was executed in this planning workflow.; Deep-review source: `Pasted markdown (2).md`, Stage 8 security review, Stage 9 performance/resource review, and Stage 16 testing architecture upgrade.",tests/lab/services/ [create]; tests/doubles/ [create]; tests/integration/test_service_failure_matrix.py [create]; docs/testing/service-emulation.md [create],"Dependencies and transports never become authoritative; outage, delay, duplication, or corruption yields deterministic state and recoverable evidence.","Every supported adapter has deterministic-double tests and a pinned native integration lane before support is claimed.; Outage, timeout, duplicate, reorder, poison, malformed, and ambiguous scenarios produce specified retry/reconciliation evidence.; No emulator or service can mutate lifecycle state except through canonical contracts.; Services, credentials, ports, networks, and volumes are per-run, bounded, and verifiably removed.",incomplete
114,T28.1.6,E28,Hermetic test laboratory and platform emulation,"Implement deterministic time, disk, memory, network, and crash fault injection",P1,16,"T28.1.1, T18.1.4, T24.1.2",{RECOVERY} {RELEASE} {OPERATIONS} {SECURITY},"PREDECESSOR-PACKAGE:ATLAS_Production_TODO_Package.zip@sha256:ca960729b67579b1b08fdedea786feb4594d0649353521c9dbcaf0f2fdb2d09f; Expansion of T18.1.4, T24.1.2, and deep-review crash-point matrix; PROMPT:Pasted markdown (2).md:Stage 16 — Testing Architecture Upgrade; PDF:p.24,p.27,p.29,p.33","Canonical predecessor production package: ATLAS_Production_TODO_Package.zip sha256=ca960729b67579b1b08fdedea786feb4594d0649353521c9dbcaf0f2fdb2d09f; all 108 predecessor tasks remain authoritative and incomplete.; Frozen implementation baseline: Runndownn/ATLAS@efa547cafc64b58d60d19dcc1e5ba32c6b046bc5; current public main page retrieved 2026-08-21 shows `main`, 35 commits, expected root surfaces, and the same documented remaining limitations.; Current frozen CI evidence: `.github/workflows/tests.yml` is Linux/Python 3.13 test-only; README documents `python -m pytest tests/ -v` but no run was executed in this planning workflow.; Deep-review source: `Pasted markdown (2).md`, Stage 8 security review, Stage 9 performance/resource review, and Stage 16 testing architecture upgrade.",tests/faults/injector.py [create]; tests/faults/scenarios/ [create]; atlas/testing/fault_hooks.py [create]; scripts/run_fault_matrix.py [create]; docs/testing/fault-injection.md [create],"Each named fault point has an exact allowed durable state, duplicate-effect policy, recovery decision, and retained evidence.","Critical transaction and side-effect boundaries have named fault points or explicit host-fault rationale.; Three repeated critical runs produce equivalent normalized durable state and recovery decisions.; Fault hooks cannot be armed through production configuration, APIs, plugins, or release artifacts.; Resource/crash scenarios remain bounded and verify cleanup externally.",incomplete
115,T29.1.1,E29,Governed adversarial corpora and differential verification,Create the adversarial filesystem and source-mutation corpus,P1,16,"T28.1.2, T28.1.3, T6.1.4, T10.1.4",{SAFETY} {INTAKE} {IDENTITY} {RELEASE} {SECURITY},"PREDECESSOR-PACKAGE:ATLAS_Production_TODO_Package.zip@sha256:ca960729b67579b1b08fdedea786feb4594d0649353521c9dbcaf0f2fdb2d09f; Expansion of T6.1.2-T6.1.4, T10.1.1-T10.1.4, and deep-review Filesystem Security; PROMPT:Pasted markdown (2).md:Stage 16 — Testing Architecture Upgrade; PDF:p.24,p.27,p.29,p.33","Canonical predecessor production package: ATLAS_Production_TODO_Package.zip sha256=ca960729b67579b1b08fdedea786feb4594d0649353521c9dbcaf0f2fdb2d09f; all 108 predecessor tasks remain authoritative and incomplete.; Frozen implementation baseline: Runndownn/ATLAS@efa547cafc64b58d60d19dcc1e5ba32c6b046bc5; current public main page retrieved 2026-08-21 shows `main`, 35 commits, expected root surfaces, and the same documented remaining limitations.; Current frozen CI evidence: `.github/workflows/tests.yml` is Linux/Python 3.13 test-only; README documents `python -m pytest tests/ -v` but no run was executed in this planning workflow.; Deep-review source: `Pasted markdown (2).md`, Stage 8 security review, Stage 9 performance/resource review, and Stage 16 testing architecture upgrade.",tests/fixtures/filesystems/ [create]; tests/fixtures/source_mutation/ [create]; tests/fixtures/fixture.schema.json [create]; tests/generators/filesystem_cases.py [create]; docs/testing/filesystem-corpus.md [create],"Every fixture has known provenance, bounded generation, an exact oracle, and no ability to escape the disposable test root.","Every fixture validates against the schema and records generator, seed, bounds, native requirements, exact oracle, and provenance.; All static cases remain small; all scale cases are reproducibly generated and deleted.; Source mutations either produce verified exact-byte identity or a stable blocked/stale outcome—never silent acceptance of changed bytes.; No corpus case reads or writes outside the lab root, leaves mounts/processes behind, or contains uncontrolled sensitive data.",incomplete
116,T29.1.2,E29,Governed adversarial corpora and differential verification,Create the recursive archive and container-abuse corpus,P1,16,"T28.1.2, T28.1.3, T11.1.4, T13.1.4",{SAFETY} {PROVENANCE} {STORAGE} {RELEASE} {SECURITY},"PREDECESSOR-PACKAGE:ATLAS_Production_TODO_Package.zip@sha256:ca960729b67579b1b08fdedea786feb4594d0649353521c9dbcaf0f2fdb2d09f; Expansion of T11.1.1-T11.1.4, T13.1.1-T13.1.4, and deep-review Archive Security; PROMPT:Pasted markdown (2).md:Stage 16 — Testing Architecture Upgrade; PDF:p.24,p.27,p.29,p.33","Canonical predecessor production package: ATLAS_Production_TODO_Package.zip sha256=ca960729b67579b1b08fdedea786feb4594d0649353521c9dbcaf0f2fdb2d09f; all 108 predecessor tasks remain authoritative and incomplete.; Frozen implementation baseline: Runndownn/ATLAS@efa547cafc64b58d60d19dcc1e5ba32c6b046bc5; current public main page retrieved 2026-08-21 shows `main`, 35 commits, expected root surfaces, and the same documented remaining limitations.; Current frozen CI evidence: `.github/workflows/tests.yml` is Linux/Python 3.13 test-only; README documents `python -m pytest tests/ -v` but no run was executed in this planning workflow.; Deep-review source: `Pasted markdown (2).md`, Stage 8 security review, Stage 9 performance/resource review, and Stage 16 testing architecture upgrade.",tests/fixtures/archives/ [create]; tests/generators/archive_cases.py [create]; tests/archive/test_adversarial_corpus.py [create]; docs/testing/archive-corpus.md [create],No archive member is materialized unless it belongs to the exact accepted structural report and remains within cumulative job budgets.,"Every case has exact structural, budget, policy, and materialization oracles and remains within safe generator limits.; Traversal, links, devices, collisions, malformed metadata, and cumulative budget violations produce stable blocked results before unsafe output.; Successful materialization matches the exact structural report and persists complete output/derivation manifests.; Interrupted extraction leaves no trusted partial output and is deterministically reconcilable.",incomplete
117,T29.1.3,E29,Governed adversarial corpora and differential verification,"Create the hostile plugin, analyzer, and backend corpus",P1,16,"T28.1.4, T14.1.4, T15.1.4, T22.1.4",{PLUGINS} {EXECUTION} {SECURITY} {RELEASE} {RECOVERY},"PREDECESSOR-PACKAGE:ATLAS_Production_TODO_Package.zip@sha256:ca960729b67579b1b08fdedea786feb4594d0649353521c9dbcaf0f2fdb2d09f; Expansion of T14.1.1-T14.1.4, T15.1.1-T15.1.4, T22.1.1-T22.1.4; PROMPT:Pasted markdown (2).md:Stage 16 — Testing Architecture Upgrade; PDF:p.24,p.27,p.29,p.33","Canonical predecessor production package: ATLAS_Production_TODO_Package.zip sha256=ca960729b67579b1b08fdedea786feb4594d0649353521c9dbcaf0f2fdb2d09f; all 108 predecessor tasks remain authoritative and incomplete.; Frozen implementation baseline: Runndownn/ATLAS@efa547cafc64b58d60d19dcc1e5ba32c6b046bc5; current public main page retrieved 2026-08-21 shows `main`, 35 commits, expected root surfaces, and the same documented remaining limitations.; Current frozen CI evidence: `.github/workflows/tests.yml` is Linux/Python 3.13 test-only; README documents `python -m pytest tests/ -v` but no run was executed in this planning workflow.; Deep-review source: `Pasted markdown (2).md`, Stage 8 security review, Stage 9 performance/resource review, and Stage 16 testing architecture upgrade.",tests/fixtures/plugins/ [create]; tests/execution/hostile_plugins/ [create]; tests/execution/test_hostile_plugin_matrix.py [create]; docs/testing/hostile-plugin-corpus.md [create],"Plugins can propose typed results only; they cannot self-authorize capabilities, mutate lifecycle state, or survive beyond their attempt.","Every plugin threat and failure class has an inert bounded fixture, declared capabilities, exact expected result, and cleanup oracle.; Hostile plugins cannot access undeclared resources, forge authoritative identity, or leave surviving authority under claimed controls.; Benign plugins produce semantically equivalent normalized results across supported backends.; Unsupported enforcement causes policy denial or explicit reduced assurance, never silent unrestricted execution.",incomplete
118,T29.1.4,E29,Governed adversarial corpora and differential verification,"Create the persistence, event, control, and concurrency scenario corpus",P1,16,"T28.1.5, T28.1.6, T5.1.4, T8.1.4, T9.1.4, T19.1.4",{PERSISTENCE} {EVENTS} {LIFECYCLE} {RECOVERY} {SECURITY} {RELEASE},"PREDECESSOR-PACKAGE:ATLAS_Production_TODO_Package.zip@sha256:ca960729b67579b1b08fdedea786feb4594d0649353521c9dbcaf0f2fdb2d09f; Expansion of T5.1.1-T5.1.4, T8.1.1-T8.1.4, T9.1.1-T9.1.4, T18, and T19; PROMPT:Pasted markdown (2).md:Stage 16 — Testing Architecture Upgrade; PDF:p.24,p.27,p.29,p.33","Canonical predecessor production package: ATLAS_Production_TODO_Package.zip sha256=ca960729b67579b1b08fdedea786feb4594d0649353521c9dbcaf0f2fdb2d09f; all 108 predecessor tasks remain authoritative and incomplete.; Frozen implementation baseline: Runndownn/ATLAS@efa547cafc64b58d60d19dcc1e5ba32c6b046bc5; current public main page retrieved 2026-08-21 shows `main`, 35 commits, expected root surfaces, and the same documented remaining limitations.; Current frozen CI evidence: `.github/workflows/tests.yml` is Linux/Python 3.13 test-only; README documents `python -m pytest tests/ -v` but no run was executed in this planning workflow.; Deep-review source: `Pasted markdown (2).md`, Stage 8 security review, Stage 9 performance/resource review, and Stage 16 testing architecture upgrade.",tests/fixtures/scenarios/ [create]; tests/model/scenario.schema.json [create]; tests/integration/test_concurrency_scenarios.py [create]; docs/testing/state-event-scenario-corpus.md [create],"Concurrent or repeated operations resolve to one legal authoritative state with explicit losers, no stale authority, and complete durable evidence.","Every scenario validates against the schema and names legal outcomes, forbidden states, and exact durable evidence.; Repeated schedules never produce invalid transition, stale authority commit, missing state event, or duplicate authoritative effect.; Transport duplicates/reordering do not alter authoritative state and are visible through delivery evidence.; Failures yield deterministic reconciliation or blocked operator action rather than guessed success.",incomplete
119,T29.1.5,E29,Governed adversarial corpora and differential verification,"Build cross-platform contract, differential, and semantic-equivalence runners",P1,16,"T29.1.1, T29.1.2, T29.1.3, T29.1.4, T15.1.4, T23.1.3",{RELEASE} {COMPATIBILITY} {ARCHITECTURE} {EVIDENCE} {PERFORMANCE},"PREDECESSOR-PACKAGE:ATLAS_Production_TODO_Package.zip@sha256:ca960729b67579b1b08fdedea786feb4594d0649353521c9dbcaf0f2fdb2d09f; Expansion of T4, T10, T12, T14, T15, T23, and T24.1.2; PROMPT:Pasted markdown (2).md:Stage 16 — Testing Architecture Upgrade; PDF:p.24,p.27,p.29,p.33","Canonical predecessor production package: ATLAS_Production_TODO_Package.zip sha256=ca960729b67579b1b08fdedea786feb4594d0649353521c9dbcaf0f2fdb2d09f; all 108 predecessor tasks remain authoritative and incomplete.; Frozen implementation baseline: Runndownn/ATLAS@efa547cafc64b58d60d19dcc1e5ba32c6b046bc5; current public main page retrieved 2026-08-21 shows `main`, 35 commits, expected root surfaces, and the same documented remaining limitations.; Current frozen CI evidence: `.github/workflows/tests.yml` is Linux/Python 3.13 test-only; README documents `python -m pytest tests/ -v` but no run was executed in this planning workflow.; Deep-review source: `Pasted markdown (2).md`, Stage 8 security review, Stage 9 performance/resource review, and Stage 16 testing architecture upgrade.",tests/contracts/ [create]; tests/differential/ [create]; scripts/run_contract_matrix.py [create]; docs/testing/contract-matrix.md [create],"Any implementation advertised as conforming passes the same observable state, lineage, error, replay, and safety contracts.","Every advertised adapter/backend/plugin/platform implementation has a versioned contract result and exact environment/fixture binding.; Normalization preserves all authoritative fields and flags every unapproved semantic difference.; Normal, fault, replay, migration, cancellation, and resource cases pass before conformance is claimed.; Unsupported implementations are blocked or labeled reduced-assurance and cannot enter stronger release matrices.",incomplete
120,T29.1.6,E29,Governed adversarial corpora and differential verification,"Add mutation, property, fuzz, metamorphic, and corpus-triage automation",P1,16,"T29.1.1, T29.1.2, T29.1.3, T29.1.4, T24.1.2",{RELEASE} {SECURITY} {SAFETY} {RECOVERY} {DX},"PREDECESSOR-PACKAGE:ATLAS_Production_TODO_Package.zip@sha256:ca960729b67579b1b08fdedea786feb4594d0649353521c9dbcaf0f2fdb2d09f; Expansion of T24.1.2 and deep-review Testing Architecture Upgrade; PROMPT:Pasted markdown (2).md:Stage 16 — Testing Architecture Upgrade; PDF:p.24,p.27,p.29,p.33","Canonical predecessor production package: ATLAS_Production_TODO_Package.zip sha256=ca960729b67579b1b08fdedea786feb4594d0649353521c9dbcaf0f2fdb2d09f; all 108 predecessor tasks remain authoritative and incomplete.; Frozen implementation baseline: Runndownn/ATLAS@efa547cafc64b58d60d19dcc1e5ba32c6b046bc5; current public main page retrieved 2026-08-21 shows `main`, 35 commits, expected root surfaces, and the same documented remaining limitations.; Current frozen CI evidence: `.github/workflows/tests.yml` is Linux/Python 3.13 test-only; README documents `python -m pytest tests/ -v` but no run was executed in this planning workflow.; Deep-review source: `Pasted markdown (2).md`, Stage 8 security review, Stage 9 performance/resource review, and Stage 16 testing architecture upgrade.",tests/property/ [create]; tests/fuzz/ [create]; tests/metamorphic/ [create]; scripts/triage_test_failure.py [create]; docs/testing/fuzzing-and-triage.md [create],"Generated and mutated inputs cannot crash, escape, silently corrupt authority, or produce non-reproducible failures without retained evidence.","Each critical parser/state boundary has a bounded property, fuzz, or metamorphic harness with explicit oracle and limits.; All failures retain seed/input/environment/command and minimize to a reproducible sanitized regression or are labeled non-reproducible with evidence.; No fuzz lane can reach production resources or exceed outer quotas.; Regression corpora remain licensed/provenanced, secret-free, deduplicated, and versioned.",incomplete
121,T30.1.1,E30,Advanced invariant proofs and production qualification,"Model-check lifecycle, lease, fencing, and recovery invariants",P2,16,"T5.1.4, T9.1.4, T18.1.4, T29.1.4",{LIFECYCLE} {RECOVERY} {ARCHITECTURE} {RELEASE} {EVIDENCE},"PREDECESSOR-PACKAGE:ATLAS_Production_TODO_Package.zip@sha256:ca960729b67579b1b08fdedea786feb4594d0649353521c9dbcaf0f2fdb2d09f; Advanced proof refinement of T5.1.4, T9.1.4, T18.1.4, and the machine-logic evaluation rule; PROMPT:Pasted markdown (2).md:Stage 16 — Testing Architecture Upgrade; PDF:p.24,p.27,p.29,p.33","Canonical predecessor production package: ATLAS_Production_TODO_Package.zip sha256=ca960729b67579b1b08fdedea786feb4594d0649353521c9dbcaf0f2fdb2d09f; all 108 predecessor tasks remain authoritative and incomplete.; Frozen implementation baseline: Runndownn/ATLAS@efa547cafc64b58d60d19dcc1e5ba32c6b046bc5; current public main page retrieved 2026-08-21 shows `main`, 35 commits, expected root surfaces, and the same documented remaining limitations.; Current frozen CI evidence: `.github/workflows/tests.yml` is Linux/Python 3.13 test-only; README documents `python -m pytest tests/ -v` but no run was executed in this planning workflow.; Deep-review source: `Pasted markdown (2).md`, Stage 8 security review, Stage 9 performance/resource review, and Stage 16 testing architecture upgrade.",specs/atlas-lifecycle/ [create]; tests/model/test_model_trace_replay.py [create]; scripts/check_lifecycle_model.py [create]; docs/architecture/formal-invariants.md [create],"No modeled interleaving permits two active authorities, an illegal transition, a stale commit, or an unrecoverable ambiguous state.","The chosen model and alternatives are evaluated against complexity, defects found, execution cost, and maintainability.; All documented invariants hold within declared bounds or produce replayable counterexamples and correction tasks.; Every counterexample is minimized and replayed against executable scenarios where the abstraction permits.; Model/version drift is detected by CI and no bounded result is described as universal proof.",incomplete
122,T30.1.2,E30,Advanced invariant proofs and production qualification,Prove immutable intake and race-resistant source access under mutation,P1,16,"T6.1.4, T7.1.4, T10.1.4, T29.1.1",{INTAKE} {IDENTITY} {SAFETY} {PROVENANCE} {RELEASE},"PREDECESSOR-PACKAGE:ATLAS_Production_TODO_Package.zip@sha256:ca960729b67579b1b08fdedea786feb4594d0649353521c9dbcaf0f2fdb2d09f; Advanced proof refinement of T6.1.1-T6.1.4, T7.1.1-T7.1.4, and T10.1.1-T10.1.4; PROMPT:Pasted markdown (2).md:Stage 16 — Testing Architecture Upgrade; PDF:p.24,p.27,p.29,p.33","Canonical predecessor production package: ATLAS_Production_TODO_Package.zip sha256=ca960729b67579b1b08fdedea786feb4594d0649353521c9dbcaf0f2fdb2d09f; all 108 predecessor tasks remain authoritative and incomplete.; Frozen implementation baseline: Runndownn/ATLAS@efa547cafc64b58d60d19dcc1e5ba32c6b046bc5; current public main page retrieved 2026-08-21 shows `main`, 35 commits, expected root surfaces, and the same documented remaining limitations.; Current frozen CI evidence: `.github/workflows/tests.yml` is Linux/Python 3.13 test-only; README documents `python -m pytest tests/ -v` but no run was executed in this planning workflow.; Deep-review source: `Pasted markdown (2).md`, Stage 8 security review, Stage 9 performance/resource review, and Stage 16 testing architecture upgrade.",tests/proofs/test_intake_source_races.py [create]; tests/helpers/source_mutator.py [create]; benchmarks/source_access/ [create]; docs/verification/source-snapshot-proof.md [create],Downstream phases consume verified accepted occurrences; changed or unresolvable bytes block rather than silently changing identity.,"Every mutation scenario yields the exact original content identity, a verified new generation requirement, or a stable blocked/stale result—never silent byte substitution.; No downstream built-in phase reopens an untrusted raw path outside canonical SourceAccess.; Native platform evidence identifies supported, reduced-assurance, and blocked source semantics.; Measured safety overhead and detection cost are reported without weakening invariants.",incomplete
123,T30.1.3,E30,Advanced invariant proofs and production qualification,"Prove transaction, durable-event, and outbox crash atomicity",P1,16,"T4.1.4, T8.1.4, T18.1.4, T28.1.6",{PERSISTENCE} {EVENTS} {RECOVERY} {LIFECYCLE} {RELEASE},"PREDECESSOR-PACKAGE:ATLAS_Production_TODO_Package.zip@sha256:ca960729b67579b1b08fdedea786feb4594d0649353521c9dbcaf0f2fdb2d09f; Advanced proof refinement of T4.1.1-T4.1.4, T8.1.1-T8.1.4, and T18.1.4; PROMPT:Pasted markdown (2).md:Stage 16 — Testing Architecture Upgrade; PDF:p.24,p.27,p.29,p.33","Canonical predecessor production package: ATLAS_Production_TODO_Package.zip sha256=ca960729b67579b1b08fdedea786feb4594d0649353521c9dbcaf0f2fdb2d09f; all 108 predecessor tasks remain authoritative and incomplete.; Frozen implementation baseline: Runndownn/ATLAS@efa547cafc64b58d60d19dcc1e5ba32c6b046bc5; current public main page retrieved 2026-08-21 shows `main`, 35 commits, expected root surfaces, and the same documented remaining limitations.; Current frozen CI evidence: `.github/workflows/tests.yml` is Linux/Python 3.13 test-only; README documents `python -m pytest tests/ -v` but no run was executed in this planning workflow.; Deep-review source: `Pasted markdown (2).md`, Stage 8 security review, Stage 9 performance/resource review, and Stage 16 testing architecture upgrade.",tests/proofs/test_state_event_atomicity.py [create]; tests/proofs/test_outbox_crash_matrix.py [create]; scripts/run_atomicity_proof.py [create]; docs/verification/state-event-atomicity.md [create],"No committed authoritative transition lacks its durable event/outbox intent, and no durable event claims an uncommitted transition.","Every tested transition commits state, durable event, and outbox intent atomically or commits none.; At-least-once delivery may duplicate transport attempts but never duplicates authoritative state or idempotent consumer effects.; Startup reconciliation deterministically resolves every injected crash point with complete evidence.; Integrity, backup/restore, sequence, schema, and dead-letter checks pass after repeated hard kills.",incomplete
124,T30.1.4,E30,Advanced invariant proofs and production qualification,"Prove CAS, deterministic reuse, and derivation correctness under contention",P2,16,"T12.1.4, T16.1.3, T29.1.5",{STORAGE} {IDENTITY} {PROVENANCE} {PERFORMANCE} {RELEASE},"PREDECESSOR-PACKAGE:ATLAS_Production_TODO_Package.zip@sha256:ca960729b67579b1b08fdedea786feb4594d0649353521c9dbcaf0f2fdb2d09f; Advanced proof refinement of T12.1.1-T12.1.4, T13.1.4, and T16.1.3; PROMPT:Pasted markdown (2).md:Stage 16 — Testing Architecture Upgrade; PDF:p.24,p.27,p.29,p.33","Canonical predecessor production package: ATLAS_Production_TODO_Package.zip sha256=ca960729b67579b1b08fdedea786feb4594d0649353521c9dbcaf0f2fdb2d09f; all 108 predecessor tasks remain authoritative and incomplete.; Frozen implementation baseline: Runndownn/ATLAS@efa547cafc64b58d60d19dcc1e5ba32c6b046bc5; current public main page retrieved 2026-08-21 shows `main`, 35 commits, expected root surfaces, and the same documented remaining limitations.; Current frozen CI evidence: `.github/workflows/tests.yml` is Linux/Python 3.13 test-only; README documents `python -m pytest tests/ -v` but no run was executed in this planning workflow.; Deep-review source: `Pasted markdown (2).md`, Stage 8 security review, Stage 9 performance/resource review, and Stage 16 testing architecture upgrade.",tests/proofs/test_content_store_reuse.py [create]; tests/proofs/test_derivation_contention.py [create]; benchmarks/reuse/ [create]; docs/verification/content-reuse-proof.md [create],"Canonical SHA-256 identity, no-replace storage, exact reuse keys, and derivation lineage cannot be altered by concurrent or stale writers.","Concurrent identical writers converge on one verified immutable object; corrupt or partial objects never become trusted.; Reuse occurs only for exact compatible keys and misses on every semantically relevant version/config/policy/context change.; All reused and derived results retain exact source/content/operation/attempt lineage and replayability state.; Benchmarks report semantic-equivalence checks, storage/work savings, contention, and failure cost without arbitrary scale claims.",incomplete
125,T30.1.5,E30,Advanced invariant proofs and production qualification,Prove idempotent publication and unknown-outcome reconciliation,P2,16,"T17.1.4, T18.1.4, T21.1.4, T29.1.4",{REVIEW} {RECOVERY} {API} {PROVENANCE} {SECURITY} {RELEASE},"PREDECESSOR-PACKAGE:ATLAS_Production_TODO_Package.zip@sha256:ca960729b67579b1b08fdedea786feb4594d0649353521c9dbcaf0f2fdb2d09f; Advanced proof refinement of T17.1.3-T17.1.4, T18.1.1-T18.1.4, and T21.1.4; PROMPT:Pasted markdown (2).md:Stage 16 — Testing Architecture Upgrade; PDF:p.24,p.27,p.29,p.33","Canonical predecessor production package: ATLAS_Production_TODO_Package.zip sha256=ca960729b67579b1b08fdedea786feb4594d0649353521c9dbcaf0f2fdb2d09f; all 108 predecessor tasks remain authoritative and incomplete.; Frozen implementation baseline: Runndownn/ATLAS@efa547cafc64b58d60d19dcc1e5ba32c6b046bc5; current public main page retrieved 2026-08-21 shows `main`, 35 commits, expected root surfaces, and the same documented remaining limitations.; Current frozen CI evidence: `.github/workflows/tests.yml` is Linux/Python 3.13 test-only; README documents `python -m pytest tests/ -v` but no run was executed in this planning workflow.; Deep-review source: `Pasted markdown (2).md`, Stage 8 security review, Stage 9 performance/resource review, and Stage 16 testing architecture upgrade.",tests/proofs/test_publication_exactly_once_visible.py [create]; tests/doubles/publication_destinations.py [create]; scripts/run_publication_reconciliation.py [create]; docs/verification/publication-proof.md [create],No publication executes without a current approved decision and idempotency identity; unknown outcomes are reconciled rather than blindly repeated.,"Every destination class has explicit idempotency, verification, retry/reconcile, conflict, and unknown-outcome semantics.; Duplicate commands/retries never create a second observable effect under supported adapter contracts.; Ambiguous non-queryable outcomes become HOLD/manual-resolution with retained evidence, not success or blind retry.; Every successful publication links exact content, evidence/decision, destination effect, attempt, verification, and event history.",incomplete
126,T30.1.6,E30,Advanced invariant proofs and production qualification,"Run the production-qualification upgrade, rollback, disaster, and soak program",P1,16,"T30.1.1, T30.1.2, T30.1.3, T30.1.4, T30.1.5, T24.1.4",{RELEASE} {OPERATIONS} {RECOVERY} {PERFORMANCE} {SECURITY} {COMPATIBILITY},"PREDECESSOR-PACKAGE:ATLAS_Production_TODO_Package.zip@sha256:ca960729b67579b1b08fdedea786feb4594d0649353521c9dbcaf0f2fdb2d09f; Final qualification refinement of T24.1.1-T24.1.4 and all preceding P0/P1 work; PROMPT:Pasted markdown (2).md:Stage 16 — Testing Architecture Upgrade; PDF:p.24,p.27,p.29,p.33","Canonical predecessor production package: ATLAS_Production_TODO_Package.zip sha256=ca960729b67579b1b08fdedea786feb4594d0649353521c9dbcaf0f2fdb2d09f; all 108 predecessor tasks remain authoritative and incomplete.; Frozen implementation baseline: Runndownn/ATLAS@efa547cafc64b58d60d19dcc1e5ba32c6b046bc5; current public main page retrieved 2026-08-21 shows `main`, 35 commits, expected root surfaces, and the same documented remaining limitations.; Current frozen CI evidence: `.github/workflows/tests.yml` is Linux/Python 3.13 test-only; README documents `python -m pytest tests/ -v` but no run was executed in this planning workflow.; Deep-review source: `Pasted markdown (2).md`, Stage 8 security review, Stage 9 performance/resource review, and Stage 16 testing architecture upgrade.",tests/qualification/ [create]; scripts/run_production_qualification.py [create]; .github/workflows/production-qualification.yml [create]; docs/operations/production-qualification.md [create]; docs/operations/disaster-recovery.md [create],"A release is not described as production-qualified until mandatory native lanes, migrations, failure recovery, security, performance, diagnostics, and rollback evidence all pass.","All mandatory native support lanes complete clean-install, upgrade, workload, failure, recovery, diagnostics, and teardown gates with no unapproved skip.; Backup/restore and approved rollback or forward-fix procedures are executed from retained artifacts and meet measured recovery objectives.; Soak/benchmark results name workload/environment/raw metrics and show no unaccepted semantic, resource, backlog, or cleanup regression.; The release evidence bundle contains package/SBOM/provenance hashes, test/fault/security/compatibility/performance results, limitations, approvals, and rollback artifacts.",incomplete
