Task ID,Epic,Priority,Title,Implementation evidence,Unit/component evidence,Integration/failure/security evidence,Observability evidence,Compatibility/migration evidence,Acceptance criteria,Rollback evidence,Completion evidence,Gate class
T1.1.1,E1,P0,Freeze the active ATLAS ref and repository authority map,"Changed files/symbols, reviewed contracts, schema/config/version changes, exact commit and diff.",Inventory determinism test over two clean runs.; Path/symbol existence check against every ATLAS citation in the ZIP evidence ledger.; Repository command discovery cross-check against CI and package manifests.; Dirty-worktree preservation test in a disposable clone.; Secret-candidate scan of generated evidence.; Manual architecture-authority review by a repository maintainer.,"Required where the task crosses persistence, filesystem, plugin, process, network, migration, publication, or authority boundaries; see v2.1 test plan.",Structured status/error/event/metric/diagnostic fields named by the task and exercised under success plus failure.,"Required for existing CLI, Python API, YAML, imports, plugins, DB, events, IDs, checkpoints, or stored data touched by the task.","The baseline record contains the exact current SHA, branch, dirty-state summary, repository inventory hash, and source-package hash.; Every ZIP-cited ATLAS path/symbol is classified as present, moved, replaced, removed, or unverified.; A command matrix identifies the exact repository-native validation commands, working directory, prerequisites, and expected result class.; No production source file is modified.",Documented rollback/forward-fix and retained backup/reconciliation proof for stateful or side-effecting work.,"Exact commands/cwd/exit codes, environment/fixture digests, no unapproved skips, retained reports/artifact hashes, reviewer approval.",RELEASE BLOCKING
T1.1.2,E1,P0,Revalidate all product-direction requirements against the attached PDF,"Changed files/symbols, reviewed contracts, schema/config/version changes, exact commit and diff.","Page-by-page extraction completeness check.; Rendered visual review for pages 21, 29, and 31.; Requirement-page keyword and semantic cross-check.; Crosswalk completeness test: 30 requirements mapped exactly once or more.; Conflict check between page 16 full lineage and page 31 simplified lineage.; Independent reviewer spot-check of at least six high-impact requirements.","Required where the task crosses persistence, filesystem, plugin, process, network, migration, publication, or authority boundaries; see v2.1 test plan.",Structured status/error/event/metric/diagnostic fields named by the task and exercised under success plus failure.,"Required for existing CLI, Python API, YAML, imports, plugins, DB, events, IDs, checkpoints, or stored data touched by the task.","All 30 requirements have a verified page range, status, mapped production task IDs, and an ambiguity field.; The end-state and lifecycle diagrams are summarized without contradicting the attached visuals.; The previous `PDF not independently accessible` limitation is explicitly closed for this planning run.; No PDF statement is promoted to current implementation fact.",Documented rollback/forward-fix and retained backup/reconciliation proof for stateful or side-effecting work.,"Exact commands/cwd/exit codes, environment/fixture digests, no unapproved skips, retained reports/artifact hashes, reviewer approval.",RELEASE BLOCKING
T1.1.3,E1,P0,Restore and revalidate the Yggdrasil donor baseline and license provenance,"Changed files/symbols, reviewed contracts, schema/config/version changes, exact commit and diff.",Tree-hash and archive-integrity verification.; Dependency graph and import-boundary analysis.; License/header scan across candidate donor files.; Donor test inventory and fixture portability review.; API/data-contract diff against target ATLAS contracts.; Manual security review of source-access and release mutation patterns.,"Required where the task crosses persistence, filesystem, plugin, process, network, migration, publication, or authority boundaries; see v2.1 test plan.",Structured status/error/event/metric/diagnostic fields named by the task and exercised under success plus failure.,"Required for existing CLI, Python API, YAML, imports, plugins, DB, events, IDs, checkpoints, or stored data touched by the task.","Every donor integration row has a verified path/symbol, commit, dependency set, license note, and final disposition.; Tests worth porting are named with the ATLAS invariant they prove.; No donor mechanism is designated `REUSE` without an exact source and compatibility assessment.; Unavailable evidence remains `UNRESOLVED` and blocks code transplantation.",Documented rollback/forward-fix and retained backup/reconciliation proof for stateful or side-effecting work.,"Exact commands/cwd/exit codes, environment/fixture digests, no unapproved skips, retained reports/artifact hashes, reviewer approval.",RELEASE BLOCKING
T1.1.4,E1,P0,Publish the canonical component-ownership and scope boundary matrix,"Changed files/symbols, reviewed contracts, schema/config/version changes, exact commit and diff.",Responsibility-overlap lint over the matrix.; Architecture dependency-cycle review.; Trust-boundary walkthrough from source registration to publication.; Negative design review for direct StateStore access from plugins/adapters.; Traceability check from every proposed module to a requirement or verified gap.; Review for unnecessary abstractions and generic scheduler drift.,"Required where the task crosses persistence, filesystem, plugin, process, network, migration, publication, or authority boundaries; see v2.1 test plan.",Structured status/error/event/metric/diagnostic fields named by the task and exercised under success plus failure.,"Required for existing CLI, Python API, YAML, imports, plugins, DB, events, IDs, checkpoints, or stored data touched by the task.",Every authoritative record and transition has exactly one named owner.; All helper candidates are classified with rationale and mapped to a task or explicit rejection.; The matrix preserves fixed A-F barriers and separates mechanism from deployment policy.; The matrix is reviewed before module creation begins.,Documented rollback/forward-fix and retained backup/reconciliation proof for stateful or side-effecting work.,"Exact commands/cwd/exit codes, environment/fixture digests, no unapproved skips, retained reports/artifact hashes, reviewer approval.",RELEASE BLOCKING
T2.1.1,E2,P0,Define the versioned characterization fixture manifest,"Changed files/symbols, reviewed contracts, schema/config/version changes, exact commit and diff.",JSON schema validation tests.; Property tests for normalization idempotency.; Negative tests for path escape and unsafe cleanup declarations.; Cross-platform fixture capability tests.; Fixture provenance and secret-scan tests.; Snapshot tests for manifest canonical ordering.,"Required where the task crosses persistence, filesystem, plugin, process, network, migration, publication, or authority boundaries; see v2.1 test plan.",Structured status/error/event/metric/diagnostic fields named by the task and exercised under success plus failure.,"Required for existing CLI, Python API, YAML, imports, plugins, DB, events, IDs, checkpoints, or stored data touched by the task.","The manifest schema validates all baseline fixtures and rejects missing GAP/REQ lineage.; Every GAP-001 through GAP-015 has a fixture or an explicit investigation record.; All fixture inputs are sanitized, bounded, and self-contained.; Expectation-change policy requires linked correction task and reviewer approval.",Documented rollback/forward-fix and retained backup/reconciliation proof for stateful or side-effecting work.,"Exact commands/cwd/exit codes, environment/fixture digests, no unapproved skips, retained reports/artifact hashes, reviewer approval.",RELEASE BLOCKING
T2.1.2,E2,P0,"Characterize CLI, API, persistence, event, and filesystem outcomes","Changed files/symbols, reviewed contracts, schema/config/version changes, exact commit and diff.",Subprocess CLI integration tests.; Public Python API integration tests.; SQLite row and transition assertions.; Event-sequence assertions.; Filesystem manifest and cleanup tests.; Determinism comparison across three clean runs.,"Required where the task crosses persistence, filesystem, plugin, process, network, migration, publication, or authority boundaries; see v2.1 test plan.",Structured status/error/event/metric/diagnostic fields named by the task and exercised under success plus failure.,"Required for existing CLI, Python API, YAML, imports, plugins, DB, events, IDs, checkpoints, or stored data touched by the task.","Every selected scenario records a complete, canonical evidence bundle.; CLI and Python invocation paths are compared for equivalent authoritative outcomes.; Three clean runs yield identical normalized evidence hashes.; No production source behavior changes are included.",Documented rollback/forward-fix and retained backup/reconciliation proof for stateful or side-effecting work.,"Exact commands/cwd/exit codes, environment/fixture digests, no unapproved skips, retained reports/artifact hashes, reviewer approval.",RELEASE BLOCKING
T2.1.3,E2,P0,"Add adversarial source, archive, analyzer, and control baselines","Changed files/symbols, reviewed contracts, schema/config/version changes, exact commit and diff.",Barrier-controlled TOCTOU tests.; Adversarial archive corpus tests.; Malformed analyzer-output tests.; Second-process control integration tests.; Event-store and disk-fault injection tests.; Resource-bound and cleanup verification.,"Required where the task crosses persistence, filesystem, plugin, process, network, migration, publication, or authority boundaries; see v2.1 test plan.",Structured status/error/event/metric/diagnostic fields named by the task and exercised under success plus failure.,"Required for existing CLI, Python API, YAML, imports, plugins, DB, events, IDs, checkpoints, or stored data touched by the task.","Every high-risk path has a reproducible current-state outcome or explicit capability-limited investigation.; The >50 finding case proves whether authoritative data is truncated or only summarized.; Source mutation and second-process control behavior are recorded with exact state/effect boundaries.; All adversarial fixtures stay within declared byte, time, and file-count limits.",Documented rollback/forward-fix and retained backup/reconciliation proof for stateful or side-effecting work.,"Exact commands/cwd/exit codes, environment/fixture digests, no unapproved skips, retained reports/artifact hashes, reviewer approval.",RELEASE BLOCKING
T2.1.4,E2,P0,Integrate characterization evidence into CI and correction gates,"Changed files/symbols, reviewed contracts, schema/config/version changes, exact commit and diff.",CI workflow syntax and least-privilege tests.; Artifact-retention integration test.; Skip-policy negative tests.; Vacuous-assertion lint or review gate.; Baseline hash comparison test.; Manual dry-run of one known-defect-to-correction transition.,"Required where the task crosses persistence, filesystem, plugin, process, network, migration, publication, or authority boundaries; see v2.1 test plan.",Structured status/error/event/metric/diagnostic fields named by the task and exercised under success plus failure.,"Required for existing CLI, Python API, YAML, imports, plugins, DB, events, IDs, checkpoints, or stored data touched by the task.",Characterization jobs are mandatory for P0 changes and fail on unapproved skips.; Failure artifacts include all required evidence without secrets or unbounded payloads.; Every expectation change links to its implementation task and reviewer decision.; Three-run determinism is checked in CI or an equivalent reproducible gate.,Documented rollback/forward-fix and retained backup/reconciliation proof for stateful or side-effecting work.,"Exact commands/cwd/exit codes, environment/fixture digests, no unapproved skips, retained reports/artifact hashes, reviewer approval.",RELEASE BLOCKING
T3.1.1,E3,P0,"Define `PipelineDefinitionV1`, canonical phase slots, and one failure policy","Changed files/symbols, reviewed contracts, schema/config/version changes, exact commit and diff.",Model unit tests for every valid state.; Permutation/property tests rejecting reordering and duplicates.; Failure-policy truth-table tests.; Schema/Python differential tests.; Unknown-version and duplicate-key negative tests.; Public import compatibility tests for `PipelineConfig`.,"Required where the task crosses persistence, filesystem, plugin, process, network, migration, publication, or authority boundaries; see v2.1 test plan.",Structured status/error/event/metric/diagnostic fields named by the task and exercised under success plus failure.,"Required for existing CLI, Python API, YAML, imports, plugins, DB, events, IDs, checkpoints, or stored data touched by the task.",Every accepted definition contains A-F exactly once in canonical order.; Contradictory legacy failure flags are rejected before job creation.; Disabled phases produce an explicit policy and eventual durable `SKIPPED` reason.; The JSON schema and Python model agree on all required fields and enums.,Documented rollback/forward-fix and retained backup/reconciliation proof for stateful or side-effecting work.,"Exact commands/cwd/exit codes, environment/fixture digests, no unapproved skips, retained reports/artifact hashes, reviewer approval.",RELEASE BLOCKING
T3.1.2,E3,P0,"Implement deterministic safe loading, merge order, and canonical digests","Changed files/symbols, reviewed contracts, schema/config/version changes, exact commit and diff.","Parser unit and fuzz tests.; Duplicate-key, alias-bomb, and unsafe-tag negative tests.; Merge-precedence table tests.; Digest determinism/property tests.; Secret-redaction tests.; CLI preflight integration tests over every example file.","Required where the task crosses persistence, filesystem, plugin, process, network, migration, publication, or authority boundaries; see v2.1 test plan.",Structured status/error/event/metric/diagnostic fields named by the task and exercised under success plus failure.,"Required for existing CLI, Python API, YAML, imports, plugins, DB, events, IDs, checkpoints, or stored data touched by the task.","Equivalent normalized configurations produce identical digests across runs.; Every accepted phase key is consumed by a typed model.; Invalid configuration creates no job row, workspace, or outbox event.; Diagnostics identify source path, key, expected type, and stable error code without exposing secrets.",Documented rollback/forward-fix and retained backup/reconciliation proof for stateful or side-effecting work.,"Exact commands/cwd/exit codes, environment/fixture digests, no unapproved skips, retained reports/artifact hashes, reviewer approval.",RELEASE BLOCKING
T3.1.3,E3,P0,Create typed configuration contracts for all six built-in phases,"Changed files/symbols, reviewed contracts, schema/config/version changes, exact commit and diff.",Per-phase model unit tests.; Unknown/missing/wrong-type property tests.; Consumer coverage test proving every field is read or intentionally reserved.; Platform capability validation tests.; Round-trip and version-upgrade tests.; Phase integration tests using typed contexts.,"Required where the task crosses persistence, filesystem, plugin, process, network, migration, publication, or authority boundaries; see v2.1 test plan.",Structured status/error/event/metric/diagnostic fields named by the task and exercised under success plus failure.,"Required for existing CLI, Python API, YAML, imports, plugins, DB, events, IDs, checkpoints, or stored data touched by the task.",Every built-in phase receives only its typed configuration object.; No production phase reads raw `phase_config` dictionaries after migration.; Unsupported capability or platform combinations fail before attempt creation.; Config schema round-trips preserve semantics and digest.,Documented rollback/forward-fix and retained backup/reconciliation proof for stateful or side-effecting work.,"Exact commands/cwd/exit codes, environment/fixture digests, no unapproved skips, retained reports/artifact hashes, reviewer approval.",RELEASE BLOCKING
T3.1.4,E3,P0,"Add legacy pipeline migration, dual support, and deprecation telemetry","Changed files/symbols, reviewed contracts, schema/config/version changes, exact commit and diff.",Golden migration fixtures for every legacy example.; Behavior-equivalence integration tests.; Contradictory-flag negative tests.; CLI dry-run and exit-code tests.; Deprecation telemetry/redaction tests.; Rollback/version-skew compatibility tests.,"Required where the task crosses persistence, filesystem, plugin, process, network, migration, publication, or authority boundaries; see v2.1 test plan.",Structured status/error/event/metric/diagnostic fields named by the task and exercised under success plus failure.,"Required for existing CLI, Python API, YAML, imports, plugins, DB, events, IDs, checkpoints, or stored data touched by the task.",All existing examples either migrate to an approved digest or fail with a documented reason.; Legacy and migrated definitions produce equivalent intended lifecycle behavior for supported cases.; Deprecation telemetry reports use without logging sensitive configuration.; Removal criteria and compatibility window are documented and testable.,Documented rollback/forward-fix and retained backup/reconciliation proof for stateful or side-effecting work.,"Exact commands/cwd/exit codes, environment/fixture digests, no unapproved skips, retained reports/artifact hashes, reviewer approval.",RELEASE BLOCKING
T4.1.1,E4,P0,Define the narrow `StateStore` transaction and repository contracts,"Changed files/symbols, reviewed contracts, schema/config/version changes, exact commit and diff.",Protocol/type-check tests.; Transaction commit/rollback unit tests.; Nested-call and cancellation tests.; Parameterized-query/static checks.; Compatibility facade tests.; Backend conformance contract tests.,"Required where the task crosses persistence, filesystem, plugin, process, network, migration, publication, or authority boundaries; see v2.1 test plan.",Structured status/error/event/metric/diagnostic fields named by the task and exercised under success plus failure.,"Required for existing CLI, Python API, YAML, imports, plugins, DB, events, IDs, checkpoints, or stored data touched by the task.","No authoritative repository method commits outside a `StateStore` transaction.; `JobStore` compatibility calls delegate without changing public results.; The error taxonomy distinguishes contention, corruption, schema mismatch, constraint, cancellation, and storage exhaustion.; A backend conformance test skeleton covers transaction atomicity and rollback.",Documented rollback/forward-fix and retained backup/reconciliation proof for stateful or side-effecting work.,"Exact commands/cwd/exit codes, environment/fixture digests, no unapproved skips, retained reports/artifact hashes, reviewer approval.",RELEASE BLOCKING
T4.1.2,E4,P0,Implement the SQLite backend with explicit connection and locking policy,"Changed files/symbols, reviewed contracts, schema/config/version changes, exact commit and diff.",SQLite conformance tests.; Concurrent reader/writer contention tests.; Foreign-key and constraint negative tests.; Disk-full and permission fault tests.; WAL recovery tests.; Connection-leak and shutdown tests.,"Required where the task crosses persistence, filesystem, plugin, process, network, migration, publication, or authority boundaries; see v2.1 test plan.",Structured status/error/event/metric/diagnostic fields named by the task and exercised under success plus failure.,"Required for existing CLI, Python API, YAML, imports, plugins, DB, events, IDs, checkpoints, or stored data touched by the task.","Foreign keys and uniqueness constraints are enabled and demonstrated.; Contention yields bounded, classified behavior with lock-wait metrics.; All existing job/phase persistence tests pass through the new backend.; Startup reports actual SQLite capabilities and refuses unsafe/unsupported state.",Documented rollback/forward-fix and retained backup/reconciliation proof for stateful or side-effecting work.,"Exact commands/cwd/exit codes, environment/fixture digests, no unapproved skips, retained reports/artifact hashes, reviewer approval.",RELEASE BLOCKING
T4.1.3,E4,P0,Create immutable numbered migrations and the v0.1 upgrade path,"Changed files/symbols, reviewed contracts, schema/config/version changes, exact commit and diff.",Fresh-install migration tests.; Every-version upgrade tests.; Schema fingerprint comparison.; Checksum-drift and missing-version negative tests.; Large-row streaming migration tests.; Process-kill fault injection at each migration boundary.,"Required where the task crosses persistence, filesystem, plugin, process, network, migration, publication, or authority boundaries; see v2.1 test plan.",Structured status/error/event/metric/diagnostic fields named by the task and exercised under success plus failure.,"Required for existing CLI, Python API, YAML, imports, plugins, DB, events, IDs, checkpoints, or stored data touched by the task.",Fresh and upgraded databases have identical schema fingerprints and invariants.; Migration checksums are immutable and verified on every startup.; Newer unsupported schema and checksum drift fail with stable diagnostics.; Every migration has forward test fixtures and a documented restore-based rollback.,Documented rollback/forward-fix and retained backup/reconciliation proof for stateful or side-effecting work.,"Exact commands/cwd/exit codes, environment/fixture digests, no unapproved skips, retained reports/artifact hashes, reviewer approval.",RELEASE BLOCKING
T4.1.4,E4,P0,"Implement verified backup, restore, integrity, and migration recovery","Changed files/symbols, reviewed contracts, schema/config/version changes, exact commit and diff.",Integrity and FK check tests.; Backup hash and restore verification tests.; Corruption and truncated-backup negative tests.; Disk-full and permission fault tests.; Crash-at-swap tests.; End-to-end v0.1 migration and rollback drill.,"Required where the task crosses persistence, filesystem, plugin, process, network, migration, publication, or authority boundaries; see v2.1 test plan.",Structured status/error/event/metric/diagnostic fields named by the task and exercised under success plus failure.,"Required for existing CLI, Python API, YAML, imports, plugins, DB, events, IDs, checkpoints, or stored data touched by the task.","A verified pre-migration backup exists before any schema change.; Restore drills reproduce schema and row fingerprints in a separate location.; Migration failure leaves the original database and backup usable.; Operator diagnostics identify exact failure stage, artifact hashes, and safe next action.",Documented rollback/forward-fix and retained backup/reconciliation proof for stateful or side-effecting work.,"Exact commands/cwd/exit codes, environment/fixture digests, no unapproved skips, retained reports/artifact hashes, reviewer approval.",RELEASE BLOCKING
T5.1.1,E5,P0,"Specify exhaustive job, phase, attempt, and control state tables","Changed files/symbols, reviewed contracts, schema/config/version changes, exact commit and diff.",Transition-table completeness tests.; State enum serialization/version tests.; Truth-table tests for failure propagation.; Legacy-state mapping tests.; Terminal immutability negative tests.; Model-based review against sequence diagrams.,"Required where the task crosses persistence, filesystem, plugin, process, network, migration, publication, or authority boundaries; see v2.1 test plan.",Structured status/error/event/metric/diagnostic fields named by the task and exercised under success plus failure.,"Required for existing CLI, Python API, YAML, imports, plugins, DB, events, IDs, checkpoints, or stored data touched by the task.","Transition tables are exhaustive and machine-readable.; Every state has one owner, legal predecessors/successors, and terminal semantics.; Invalid legacy combinations have an explicit migration or blocked-state rule.; The tables map to PDF lifecycle semantics without creating DAG behavior.",Documented rollback/forward-fix and retained backup/reconciliation proof for stateful or side-effecting work.,"Exact commands/cwd/exit codes, environment/fixture digests, no unapproved skips, retained reports/artifact hashes, reviewer approval.",RELEASE BLOCKING
T5.1.2,E5,P0,Persist immutable phase runs and execution attempts,"Changed files/symbols, reviewed contracts, schema/config/version changes, exact commit and diff.",Repository unit tests.; Concurrent attempt-creation tests.; Foreign-key/uniqueness negative tests.; Legacy projection tests.; Crash after attempt creation tests.; Serialization and schema migration tests.,"Required where the task crosses persistence, filesystem, plugin, process, network, migration, publication, or authority boundaries; see v2.1 test plan.",Structured status/error/event/metric/diagnostic fields named by the task and exercised under success plus failure.,"Required for existing CLI, Python API, YAML, imports, plugins, DB, events, IDs, checkpoints, or stored data touched by the task.",Every execution is represented by exactly one immutable attempt record.; Duplicate concurrent attempt creation is rejected by transaction and uniqueness guards.; Legacy phase status remains available as a derived compatibility projection.; Attempt rows link to exact input/config/policy and later result/checkpoint evidence.,Documented rollback/forward-fix and retained backup/reconciliation proof for stateful or side-effecting work.,"Exact commands/cwd/exit codes, environment/fixture digests, no unapproved skips, retained reports/artifact hashes, reviewer approval.",RELEASE BLOCKING
T5.1.3,E5,P0,Implement guarded atomic transitions and fencing tokens,"Changed files/symbols, reviewed contracts, schema/config/version changes, exact commit and diff.",Compare-and-set unit tests.; Concurrent process race tests.; Stale fencing-result tests.; Cancellation-versus-success race tests.; Idempotent command replay tests.; Static direct-mutation guard.,"Required where the task crosses persistence, filesystem, plugin, process, network, migration, publication, or authority boundaries; see v2.1 test plan.",Structured status/error/event/metric/diagnostic fields named by the task and exercised under success plus failure.,"Required for existing CLI, Python API, YAML, imports, plugins, DB, events, IDs, checkpoints, or stored data touched by the task.",Every transition requires the expected current state/version and fails deterministically when stale.; Stale fencing tokens cannot commit result or terminal state.; Concurrent transition tests produce one winner and auditable losers.; No production code mutates lifecycle status fields outside the coordinator/repository path.,Documented rollback/forward-fix and retained backup/reconciliation proof for stateful or side-effecting work.,"Exact commands/cwd/exit codes, environment/fixture digests, no unapproved skips, retained reports/artifact hashes, reviewer approval.",RELEASE BLOCKING
T5.1.4,E5,P0,Add model-based state-machine and invalid-transition verification,"Changed files/symbols, reviewed contracts, schema/config/version changes, exact commit and diff.",Property-based transition sequence tests.; Concurrency and compare-and-set tests.; Crash/restart fault injection.; Malformed command fuzz tests.; Version-skew serialization tests.; Regression replay of minimized counterexamples.,"Required where the task crosses persistence, filesystem, plugin, process, network, migration, publication, or authority boundaries; see v2.1 test plan.",Structured status/error/event/metric/diagnostic fields named by the task and exercised under success plus failure.,"Required for existing CLI, Python API, YAML, imports, plugins, DB, events, IDs, checkpoints, or stored data touched by the task.",Model and implementation agree across the declared generated sequence budget.; Every illegal transition class has a stable error code and zero authoritative mutation.; Counterexamples are reproducible and retained.; State-machine tests run in mandatory CI without unapproved skips.,Documented rollback/forward-fix and retained backup/reconciliation proof for stateful or side-effecting work.,"Exact commands/cwd/exit codes, environment/fixture digests, no unapproved skips, retained reports/artifact hashes, reviewer approval.",RELEASE BLOCKING
T6.1.1,E6,P0,"Define `SourceRoot`, `IntakeGeneration`, and `ArtifactOccurrence` schemas","Changed files/symbols, reviewed contracts, schema/config/version changes, exact commit and diff.",Schema and serialization unit tests.; Uniqueness/FK negative tests.; Case/Unicode collision fixtures.; Provider-capability compatibility tests.; Immutability/supersession tests.; Migration round-trip tests.,"Required where the task crosses persistence, filesystem, plugin, process, network, migration, publication, or authority boundaries; see v2.1 test plan.",Structured status/error/event/metric/diagnostic fields named by the task and exercised under success plus failure.,"Required for existing CLI, Python API, YAML, imports, plugins, DB, events, IDs, checkpoints, or stored data touched by the task.",Occurrence and content concepts remain structurally distinct.; Every occurrence belongs to exactly one generation and one source root.; Accepted generation records are immutable and supersession is explicit.; Schema supports local filesystem now without claiming unsupported provider semantics.,Documented rollback/forward-fix and retained backup/reconciliation proof for stateful or side-effecting work.,"Exact commands/cwd/exit codes, environment/fixture digests, no unapproved skips, retained reports/artifact hashes, reviewer approval.",RELEASE BLOCKING
T6.1.2,E6,P0,Implement bounded deterministic intake traversal,"Changed files/symbols, reviewed contracts, schema/config/version changes, exact commit and diff.",Small/empty/deep/wide tree integration tests.; Million-entry synthetic benchmark.; Mutation-during-traversal tests.; Permission and special-file negative tests.; Budget exhaustion tests.; Deterministic ordering/property tests.,"Required where the task crosses persistence, filesystem, plugin, process, network, migration, publication, or authority boundaries; see v2.1 test plan.",Structured status/error/event/metric/diagnostic fields named by the task and exercised under success plus failure.,"Required for existing CLI, Python API, YAML, imports, plugins, DB, events, IDs, checkpoints, or stored data touched by the task.","Traversal order and accepted manifest input are deterministic for a stable source.; Every skipped/error entry has a persisted reason and no silent omission.; Budget exhaustion yields BLOCKED or FAILED, not ACCEPTED.; Memory use is bounded independently of total entry count.",Documented rollback/forward-fix and retained backup/reconciliation proof for stateful or side-effecting work.,"Exact commands/cwd/exit codes, environment/fixture digests, no unapproved skips, retained reports/artifact hashes, reviewer approval.",RELEASE BLOCKING
T6.1.3,E6,P0,"Implement generation acceptance, manifest digests, and supersession","Changed files/symbols, reviewed contracts, schema/config/version changes, exact commit and diff.",Canonical manifest golden tests.; Acceptance-guard truth-table tests.; Crash-at-acceptance fault injection.; Duplicate/idempotent acceptance tests.; Source-change boundary tests.; Supersession lineage tests.,"Required where the task crosses persistence, filesystem, plugin, process, network, migration, publication, or authority boundaries; see v2.1 test plan.",Structured status/error/event/metric/diagnostic fields named by the task and exercised under success plus failure.,"Required for existing CLI, Python API, YAML, imports, plugins, DB, events, IDs, checkpoints, or stored data touched by the task.",Only complete generations reach ACCEPTED.; Equivalent stable observations yield the same manifest digest.; Duplicate acceptance is idempotent and conflicting acceptance fails.; Supersession preserves both generations and lineage.,Documented rollback/forward-fix and retained backup/reconciliation proof for stateful or side-effecting work.,"Exact commands/cwd/exit codes, environment/fixture digests, no unapproved skips, retained reports/artifact hashes, reviewer approval.",RELEASE BLOCKING
T6.1.4,E6,P0,Make all downstream phases consume accepted occurrence IDs only,"Changed files/symbols, reviewed contracts, schema/config/version changes, exact commit and diff.",Phase input contract tests.; Static search/lint for direct traversal calls.; Source deletion/mutation integration tests.; Foreign-generation ID negative tests.; Supersession race tests.; Legacy adapter compatibility tests.,"Required where the task crosses persistence, filesystem, plugin, process, network, migration, publication, or authority boundaries; see v2.1 test plan.",Structured status/error/event/metric/diagnostic fields named by the task and exercised under success plus failure.,"Required for existing CLI, Python API, YAML, imports, plugins, DB, events, IDs, checkpoints, or stored data touched by the task.",Static/runtime guards find no unauthorized downstream source enumeration.; Fingerprinting consumes exactly the accepted occurrence set.; Deleted/mutated occurrences produce deterministic stale/missing outcomes.; Compatibility behavior is documented and time-bounded.,Documented rollback/forward-fix and retained backup/reconciliation proof for stateful or side-effecting work.,"Exact commands/cwd/exit codes, environment/fixture digests, no unapproved skips, retained reports/artifact hashes, reviewer approval.",RELEASE BLOCKING
T7.1.1,E7,P0,Define `ContentIdentity` and occurrence-to-content link contracts,"Changed files/symbols, reviewed contracts, schema/config/version changes, exact commit and diff.",Model/schema unit tests.; Many-occurrence-one-content tests.; Cross-process/restart persistence tests.; Digest parser and malformed-value fuzz tests.; Empty/sparse/large-file fixtures.; Legacy identity compatibility tests.,"Required where the task crosses persistence, filesystem, plugin, process, network, migration, publication, or authority boundaries; see v2.1 test plan.",Structured status/error/event/metric/diagnostic fields named by the task and exercised under success plus failure.,"Required for existing CLI, Python API, YAML, imports, plugins, DB, events, IDs, checkpoints, or stored data touched by the task.",Identical bytes converge on one persistent SHA-256 identity across processes.; All occurrences remain independently traceable to the shared identity.; Identity records do not falsely claim retained bytes.; Malformed or conflicting digest records fail integrity checks.,Documented rollback/forward-fix and retained backup/reconciliation proof for stateful or side-effecting work.,"Exact commands/cwd/exit codes, environment/fixture digests, no unapproved skips, retained reports/artifact hashes, reviewer approval.",RELEASE BLOCKING
T7.1.2,E7,P0,Implement race-aware streaming hashing from accepted occurrences,"Changed files/symbols, reviewed contracts, schema/config/version changes, exact commit and diff.",Known-hash golden tests.; Barrier-controlled mutation/replacement tests.; Large/sparse/short-read tests.; Platform capability fallback tests.; Partial-read and I/O fault injection.; Cross-process persistence tests.,"Required where the task crosses persistence, filesystem, plugin, process, network, migration, publication, or authority boundaries; see v2.1 test plan.",Structured status/error/event/metric/diagnostic fields named by the task and exercised under success plus failure.,"Required for existing CLI, Python API, YAML, imports, plugins, DB, events, IDs, checkpoints, or stored data touched by the task.",Stable inputs produce the expected SHA-256 and link evidence.; Mutation cannot attach the wrong identity to an occurrence.; Partial or indeterminate reads never appear successful.; Progress remains bounded and durable through the PhaseContext contract.,Documented rollback/forward-fix and retained backup/reconciliation proof for stateful or side-effecting work.,"Exact commands/cwd/exit codes, environment/fixture digests, no unapproved skips, retained reports/artifact hashes, reviewer approval.",RELEASE BLOCKING
T7.1.3,E7,P0,Add persistent cross-run duplicate lookup and processing-reuse eligibility,"Changed files/symbols, reviewed contracts, schema/config/version changes, exact commit and diff.",Cross-run duplicate integration tests.; High-cardinality occurrence query benchmark.; Missing/corrupt blob eligibility tests.; Incompatible result-key tests.; Integrity incident negative tests.; Query pagination and index-plan tests.,"Required where the task crosses persistence, filesystem, plugin, process, network, migration, publication, or authority boundaries; see v2.1 test plan.",Structured status/error/event/metric/diagnostic fields named by the task and exercised under success plus failure.,"Required for existing CLI, Python API, YAML, imports, plugins, DB, events, IDs, checkpoints, or stored data touched by the task.",A restart recognizes previously seen content without recomputing downstream identity state.; Every duplicate occurrence is persisted and queryable.; Reuse eligibility is false unless exact downstream keys and integrity requirements are satisfied.; High-occurrence queries remain bounded and indexed.,Documented rollback/forward-fix and retained backup/reconciliation proof for stateful or side-effecting work.,"Exact commands/cwd/exit codes, environment/fixture digests, no unapproved skips, retained reports/artifact hashes, reviewer approval.",RELEASE BLOCKING
T7.1.4,E7,P0,Preserve `HashStore` compatibility while removing process-local authority,"Changed files/symbols, reviewed contracts, schema/config/version changes, exact commit and diff.",Public import/API compatibility tests.; Restart and multi-runtime tests.; Cache invalidation tests.; Pre-connect and lifecycle error tests.; Documentation example tests.; Deprecation telemetry/redaction tests.,"Required where the task crosses persistence, filesystem, plugin, process, network, migration, publication, or authority boundaries; see v2.1 test plan.",Structured status/error/event/metric/diagnostic fields named by the task and exercised under success plus failure.,"Required for existing CLI, Python API, YAML, imports, plugins, DB, events, IDs, checkpoints, or stored data touched by the task.",Supported legacy calls return documented equivalent results from persistent state.; No in-memory manifest is authoritative after migration.; Deprecated semantics produce actionable warnings and migration docs.; Compatibility tests cover restart and multiple-runtime cases.,Documented rollback/forward-fix and retained backup/reconciliation proof for stateful or side-effecting work.,"Exact commands/cwd/exit codes, environment/fixture digests, no unapproved skips, retained reports/artifact hashes, reviewer approval.",RELEASE BLOCKING
T8.1.1,E8,P0,Define versioned durable event and outbox schemas,"Changed files/symbols, reviewed contracts, schema/config/version changes, exact commit and diff.",Schema and serialization tests.; Sequence/ordering tests.; Unknown-version compatibility tests.; Payload size/redaction tests.; Correlation/causation integrity tests.; Migration round-trip tests.,"Required where the task crosses persistence, filesystem, plugin, process, network, migration, publication, or authority boundaries; see v2.1 test plan.",Structured status/error/event/metric/diagnostic fields named by the task and exercised under success plus failure.,"Required for existing CLI, Python API, YAML, imports, plugins, DB, events, IDs, checkpoints, or stored data touched by the task.",Every required transition event has a stable typed schema and entity references.; Local sequence establishes deterministic within-store ordering.; Outbox state is distinct from event history and transport-specific payload.; Event evolution rules preserve old history and reject unsafe downgrade.,Documented rollback/forward-fix and retained backup/reconciliation proof for stateful or side-effecting work.,"Exact commands/cwd/exit codes, environment/fixture digests, no unapproved skips, retained reports/artifact hashes, reviewer approval.",RELEASE BLOCKING
T8.1.2,E8,P0,"Record state transitions, durable events, and outbox rows atomically","Changed files/symbols, reviewed contracts, schema/config/version changes, exact commit and diff.",Transaction unit tests.; Kill/fault injection at state/event/outbox/commit boundaries.; Duplicate command/idempotency tests.; Detailed phase-event persistence integration tests.; Outbox capacity policy tests.; Recovery query reconstruction tests.,"Required where the task crosses persistence, filesystem, plugin, process, network, migration, publication, or authority boundaries; see v2.1 test plan.",Structured status/error/event/metric/diagnostic fields named by the task and exercised under success plus failure.,"Required for existing CLI, Python API, YAML, imports, plugins, DB, events, IDs, checkpoints, or stored data touched by the task.",Fault injection at every transaction step yields all-or-nothing state/history/outbox.; Every required transition query returns its durable event.; Duplicate commands do not create duplicate lifecycle effects.; Transport outage cannot corrupt or roll back already-valid state.,Documented rollback/forward-fix and retained backup/reconciliation proof for stateful or side-effecting work.,"Exact commands/cwd/exit codes, environment/fixture digests, no unapproved skips, retained reports/artifact hashes, reviewer approval.",RELEASE BLOCKING
T8.1.3,E8,P0,Implement the idempotent outbox dispatcher and delivery backpressure,"Changed files/symbols, reviewed contracts, schema/config/version changes, exact commit and diff.",Dispatcher lease/fencing tests.; Lost-ack and duplicate-delivery tests.; Poison/dead-letter tests.; Backoff/jitter deterministic tests.; Backlog saturation/load tests.; Transport-disabled integration tests.,"Required where the task crosses persistence, filesystem, plugin, process, network, migration, publication, or authority boundaries; see v2.1 test plan.",Structured status/error/event/metric/diagnostic fields named by the task and exercised under success plus failure.,"Required for existing CLI, Python API, YAML, imports, plugins, DB, events, IDs, checkpoints, or stored data touched by the task.",Redelivery creates no duplicate lifecycle effect.; A poison event is isolated and does not starve later records.; Backlog limits produce documented block/degrade behavior and diagnostics.; Disabling all transports leaves core execution correct.,Documented rollback/forward-fix and retained backup/reconciliation proof for stateful or side-effecting work.,"Exact commands/cwd/exit codes, environment/fixture digests, no unapproved skips, retained reports/artifact hashes, reviewer approval.",RELEASE BLOCKING
T8.1.4,E8,P0,"Define progress-event sampling, retention, replay, and event diagnostics","Changed files/symbols, reviewed contracts, schema/config/version changes, exact commit and diff.",Sampling/coalescing property tests.; Required-event non-drop tests.; High-volume progress load tests.; Retention/dispatcher concurrency tests.; Replay gap and offset tests.; Redacted export tests.,"Required where the task crosses persistence, filesystem, plugin, process, network, migration, publication, or authority boundaries; see v2.1 test plan.",Structured status/error/event/metric/diagnostic fields named by the task and exercised under success plus failure.,"Required for existing CLI, Python API, YAML, imports, plugins, DB, events, IDs, checkpoints, or stored data touched by the task.","Current progress remains exact within defined update semantics even when history is sampled.; Required event classes are never sampled or pruned outside policy.; Replay/export detects gaps and schema incompatibility.; Event diagnostics identify backlog, dead letters, retention watermark, and sequence gaps.",Documented rollback/forward-fix and retained backup/reconciliation proof for stateful or side-effecting work.,"Exact commands/cwd/exit codes, environment/fixture digests, no unapproved skips, retained reports/artifact hashes, reviewer approval.",RELEASE BLOCKING
T9.1.1,E9,P0,"Define `PhaseContext`, progress, control-request, and checkpoint contracts","Changed files/symbols, reviewed contracts, schema/config/version changes, exact commit and diff.",Model/schema unit tests.; Progress monotonicity/property tests.; Control idempotency and scope tests.; Checkpoint serialization/integrity tests.; Context capability negative tests.; Version-skew compatibility tests.,"Required where the task crosses persistence, filesystem, plugin, process, network, migration, publication, or authority boundaries; see v2.1 test plan.",Structured status/error/event/metric/diagnostic fields named by the task and exercised under success plus failure.,"Required for existing CLI, Python API, YAML, imports, plugins, DB, events, IDs, checkpoints, or stored data touched by the task.","Contracts distinguish current progress, sampled history, controls, and checkpoints.; All serialized records are versioned and digestible.; PhaseContext grants no direct lifecycle authority.; Safe-point and maximum-control-latency requirements are expressible per phase.",Documented rollback/forward-fix and retained backup/reconciliation proof for stateful or side-effecting work.,"Exact commands/cwd/exit codes, environment/fixture digests, no unapproved skips, retained reports/artifact hashes, reviewer approval.",RELEASE BLOCKING
T9.1.2,E9,P0,Persist live progress and deterministic job-level projections,"Changed files/symbols, reviewed contracts, schema/config/version changes, exact commit and diff.",Progress repository unit tests.; Aggregation property tests.; Second-process status integration tests.; High-frequency load tests.; Retry/resume progress tests.; Contention and write-failure tests.,"Required where the task crosses persistence, filesystem, plugin, process, network, migration, publication, or authority boundaries; see v2.1 test plan.",Structured status/error/event/metric/diagnostic fields named by the task and exercised under success plus failure.,"Required for existing CLI, Python API, YAML, imports, plugins, DB, events, IDs, checkpoints, or stored data touched by the task.",A second process observes progress within the documented staleness bound.; Job-level progress is deterministic and never decreases except by a documented retry-generation reset.; Progress write volume remains bounded under million-entry workloads.; Terminal state and final progress are mutually consistent.,Documented rollback/forward-fix and retained backup/reconciliation proof for stateful or side-effecting work.,"Exact commands/cwd/exit codes, environment/fixture digests, no unapproved skips, retained reports/artifact hashes, reviewer approval.",RELEASE BLOCKING
T9.1.3,E9,P0,Implement durable control requests and safe-point acknowledgement,"Changed files/symbols, reviewed contracts, schema/config/version changes, exact commit and diff.",Control service unit tests.; Second-process integration tests.; Cancel-versus-success race tests.; Duplicate/idempotency tests.; Phase safe-point latency tests.; Cleanup/evidence preservation tests.,"Required where the task crosses persistence, filesystem, plugin, process, network, migration, publication, or authority boundaries; see v2.1 test plan.",Structured status/error/event/metric/diagnostic fields named by the task and exercised under success plus failure.,"Required for existing CLI, Python API, YAML, imports, plugins, DB, events, IDs, checkpoints, or stored data touched by the task.",A second process can request and observe applied/rejected control state.; `PAUSED` is reached only after durable safe-point acknowledgement.; Duplicate control requests are idempotent and conflicting payloads are rejected.; Built-in phases document and test maximum control latency.,Documented rollback/forward-fix and retained backup/reconciliation proof for stateful or side-effecting work.,"Exact commands/cwd/exit codes, environment/fixture digests, no unapproved skips, retained reports/artifact hashes, reviewer approval.",RELEASE BLOCKING
T9.1.4,E9,P0,"Implement checkpoint validation, resume decisions, and stale-checkpoint rejection","Changed files/symbols, reviewed contracts, schema/config/version changes, exact commit and diff.",Checkpoint service unit tests.; Per-phase resume integration tests.; Version/config/input mismatch negative tests.; Missing/corrupt referenced-output tests.; Crash-at-checkpoint fault injection.; Fencing and concurrent-checkpoint tests.,"Required where the task crosses persistence, filesystem, plugin, process, network, migration, publication, or authority boundaries; see v2.1 test plan.",Structured status/error/event/metric/diagnostic fields named by the task and exercised under success plus failure.,"Required for existing CLI, Python API, YAML, imports, plugins, DB, events, IDs, checkpoints, or stored data touched by the task.",Stale or incompatible checkpoints never resume execution.; Every built-in phase declares checkpoint granularity and validation inputs.; Crash tests resume or restart according to one deterministic rule.; Checkpoint rejection remains visible in status and diagnostics.,Documented rollback/forward-fix and retained backup/reconciliation proof for stateful or side-effecting work.,"Exact commands/cwd/exit codes, environment/fixture digests, no unapproved skips, retained reports/artifact hashes, reviewer approval.",RELEASE BLOCKING
T10.1.1,E10,P0,Specify source-access policy and platform capability contracts,"Changed files/symbols, reviewed contracts, schema/config/version changes, exact commit and diff.",Path normalization unit/property tests.; Platform capability probe tests.; Symlink/reparse/mount policy matrix tests.; Case/Unicode collision tests.; Unsupported/reduced-assurance startup tests.; Threat-model review.,"Required where the task crosses persistence, filesystem, plugin, process, network, migration, publication, or authority boundaries; see v2.1 test plan.",Structured status/error/event/metric/diagnostic fields named by the task and exercised under success plus failure.,"Required for existing CLI, Python API, YAML, imports, plugins, DB, events, IDs, checkpoints, or stored data touched by the task.",Policy documents exact guarantees by supported platform.; Unsafe or unsupported capability combinations fail before intake/job execution.; Source and destination path authorities remain separate.; Every normalization and policy decision has a stable error/status code.,Documented rollback/forward-fix and retained backup/reconciliation proof for stateful or side-effecting work.,"Exact commands/cwd/exit codes, environment/fixture digests, no unapproved skips, retained reports/artifact hashes, reviewer approval.",RELEASE BLOCKING
T10.1.2,E10,P0,Implement handle-relative no-follow opens and occurrence verification,"Changed files/symbols, reviewed contracts, schema/config/version changes, exact commit and diff.",Barrier-controlled symlink/reparse swap tests.; Mount/bind/junction tests on capable runners.; File-replacement and rename tests.; Descriptor leak/exhaustion tests.; Permission revocation tests.; Platform-specific conformance suite.,"Required where the task crosses persistence, filesystem, plugin, process, network, migration, publication, or authority boundaries; see v2.1 test plan.",Structured status/error/event/metric/diagnostic fields named by the task and exercised under success plus failure.,"Required for existing CLI, Python API, YAML, imports, plugins, DB, events, IDs, checkpoints, or stored data touched by the task.","Symlink/reparse swap fixtures cannot escape the registered root.; Opened object identity is compared to the occurrence before bytes are trusted.; Unsupported strong primitives are reported, never silently emulated as equivalent.; All descriptors close on success, cancellation, and failure.",Documented rollback/forward-fix and retained backup/reconciliation proof for stateful or side-effecting work.,"Exact commands/cwd/exit codes, environment/fixture digests, no unapproved skips, retained reports/artifact hashes, reviewer approval.",RELEASE BLOCKING
T10.1.3,E10,P0,Create separate safe temporary and destination path services,"Changed files/symbols, reviewed contracts, schema/config/version changes, exact commit and diff.",Temporary-file security tests.; Symlink/collision/no-replace tests.; Disk-full and cross-filesystem tests.; Crash/orphan cleanup tests.; Type/interface misuse tests.; Permission-mode tests.,"Required where the task crosses persistence, filesystem, plugin, process, network, migration, publication, or authority boundaries; see v2.1 test plan.",Structured status/error/event/metric/diagnostic fields named by the task and exercised under success plus failure.,"Required for existing CLI, Python API, YAML, imports, plugins, DB, events, IDs, checkpoints, or stored data touched by the task.","All temp/workspace files are attempt-owned, permission-restricted, and contained.; No-replace behavior is capability-tested and collision-safe.; Cleanup is idempotent and cannot escape its root.; Source and destination APIs cannot be substituted for one another by type/interface.",Documented rollback/forward-fix and retained backup/reconciliation proof for stateful or side-effecting work.,"Exact commands/cwd/exit codes, environment/fixture digests, no unapproved skips, retained reports/artifact hashes, reviewer approval.",RELEASE BLOCKING
T10.1.4,E10,P0,Route every built-in filesystem operation through canonical access services,"Changed files/symbols, reviewed contracts, schema/config/version changes, exact commit and diff.",Static architecture test.; End-to-end access-attribution tests.; Legacy bypass negative tests.; Third-party library mediation tests.; Publication/extraction containment tests.; Log/path redaction tests.,"Required where the task crosses persistence, filesystem, plugin, process, network, migration, publication, or authority boundaries; see v2.1 test plan.",Structured status/error/event/metric/diagnostic fields named by the task and exercised under success plus failure.,"Required for existing CLI, Python API, YAML, imports, plugins, DB, events, IDs, checkpoints, or stored data touched by the task.",Static analysis finds no unapproved direct filesystem authority in built-in phases.; Every source read is attributable to SourceRoot/Generation/Occurrence.; Every write is attributable to job/phase/attempt/workspace or publication attempt.; Bypass attempts fail deterministic security tests.,Documented rollback/forward-fix and retained backup/reconciliation proof for stateful or side-effecting work.,"Exact commands/cwd/exit codes, environment/fixture digests, no unapproved skips, retained reports/artifact hashes, reviewer approval.",RELEASE BLOCKING
T11.1.1,E11,P0,Implement attempt-owned quarantine workspace lifecycle,"Changed files/symbols, reviewed contracts, schema/config/version changes, exact commit and diff.",Workspace lifecycle unit tests.; Overlap/symlink/reparse containment tests.; Disk-full/quota tests.; Crash-point reconciliation tests.; Permission/ACL tests.; Concurrent allocation collision tests.,"Required where the task crosses persistence, filesystem, plugin, process, network, migration, publication, or authority boundaries; see v2.1 test plan.",Structured status/error/event/metric/diagnostic fields named by the task and exercised under success plus failure.,"Required for existing CLI, Python API, YAML, imports, plugins, DB, events, IDs, checkpoints, or stored data touched by the task.","No Phase-D or analyzer write occurs under any registered source root.; Every workspace is attributable to one attempt and has deterministic status/recovery.; Quotas and actual usage are persisted and enforced.; Cleanup is idempotent, contained, and preserves evidence when ownership is uncertain.",Documented rollback/forward-fix and retained backup/reconciliation proof for stateful or side-effecting work.,"Exact commands/cwd/exit codes, environment/fixture digests, no unapproved skips, retained reports/artifact hashes, reviewer approval.",RELEASE BLOCKING
T11.1.2,E11,P0,Implement recursive structural inspection under cumulative archive budgets,"Changed files/symbols, reviewed contracts, schema/config/version changes, exact commit and diff.",Adversarial archive corpus tests.; Depth/member/byte/ratio boundary property tests.; Malformed/truncated/fuzz tests.; Encrypted/unsupported-format tests.; Nested content-type verification tests.; Resource/time termination tests.,"Required where the task crosses persistence, filesystem, plugin, process, network, migration, publication, or authority boundaries; see v2.1 test plan.",Structured status/error/event/metric/diagnostic fields named by the task and exercised under success plus failure.,"Required for existing CLI, Python API, YAML, imports, plugins, DB, events, IDs, checkpoints, or stored data touched by the task.",All adversarial containers terminate within configured CPU/time/byte/member/depth bounds.; Nested limits are cumulative and recursively enforced.; Every member decision is recorded with stable reason and parent linkage.; Unknown or partial inspection cannot authorize extraction.,Documented rollback/forward-fix and retained backup/reconciliation proof for stateful or side-effecting work.,"Exact commands/cwd/exit codes, environment/fixture digests, no unapproved skips, retained reports/artifact hashes, reviewer approval.",RELEASE BLOCKING
T11.1.3,E11,P0,Implement exact-report-bound `MaterializationService`,"Changed files/symbols, reviewed contracts, schema/config/version changes, exact commit and diff.",Traversal/collision/link negative tests.; Report-binding mismatch tests.; Disk-full/fsync/short-write fault tests.; Cancellation and partial extraction tests.; No-overwrite/concurrent attempt tests.; Output hash and workspace containment tests.,"Required where the task crosses persistence, filesystem, plugin, process, network, migration, publication, or authority boundaries; see v2.1 test plan.",Structured status/error/event/metric/diagnostic fields named by the task and exercised under success plus failure.,"Required for existing CLI, Python API, YAML, imports, plugins, DB, events, IDs, checkpoints, or stored data touched by the task.","Phase D rejects every report/content/config/policy mismatch before writing.; No output escapes the attempt workspace or overwrites an existing file.; Actual written bytes and file counts remain within cumulative budgets.; Partial/cancelled attempts retain deterministic status, evidence, and cleanup ownership.",Documented rollback/forward-fix and retained backup/reconciliation proof for stateful or side-effecting work.,"Exact commands/cwd/exit codes, environment/fixture digests, no unapproved skips, retained reports/artifact hashes, reviewer approval.",RELEASE BLOCKING
T11.1.4,E11,P0,Persist derivation edges and adversarial materialization evidence,"Changed files/symbols, reviewed contracts, schema/config/version changes, exact commit and diff.",Derivation repository unit tests.; Parent-to-child and child-to-parent query tests.; Transaction failure/orphan reconciliation tests.; Duplicate-content lineage tests.; Adversarial corpus regression tests.; Archive parser fuzzing with bounded minimization.,"Required where the task crosses persistence, filesystem, plugin, process, network, migration, publication, or authority boundaries; see v2.1 test plan.",Structured status/error/event/metric/diagnostic fields named by the task and exercised under success plus failure.,"Required for existing CLI, Python API, YAML, imports, plugins, DB, events, IDs, checkpoints, or stored data touched by the task.",Every downstream extracted identity has at least one valid derivation edge.; No derivation is committed before child hash verification.; Bidirectional lineage queries detect and reject orphan records.; Adversarial corpus tests complete within declared resource ceilings on supported platforms.,Documented rollback/forward-fix and retained backup/reconciliation proof for stateful or side-effecting work.,"Exact commands/cwd/exit codes, environment/fixture digests, no unapproved skips, retained reports/artifact hashes, reviewer approval.",RELEASE BLOCKING
T12.1.1,E12,P1,Define `ContentStore` contracts and retention-mode semantics,"Changed files/symbols, reviewed contracts, schema/config/version changes, exact commit and diff.",Protocol/model unit tests.; Retention-mode truth-table tests.; Provider conformance skeleton.; Replayability status tests.; Quota/fallback negative tests.; Version/compatibility tests.,"Required where the task crosses persistence, filesystem, plugin, process, network, migration, publication, or authority boundaries; see v2.1 test plan.",Structured status/error/event/metric/diagnostic fields named by the task and exercised under success plus failure.,"Required for existing CLI, Python API, YAML, imports, plugins, DB, events, IDs, checkpoints, or stored data touched by the task.","Retention mode has one documented effect on job state and replayability.; Provider contract distinguishes absent, corrupt, unknown, and verified blobs.; Default mode and compatibility policy are approved and recorded.; No API equates `ContentIdentity` existence with managed-byte availability.",Documented rollback/forward-fix and retained backup/reconciliation proof for stateful or side-effecting work.,"Exact commands/cwd/exit codes, environment/fixture digests, no unapproved skips, retained reports/artifact hashes, reviewer approval.",RELEASE BLOCKING
T12.1.2,E12,P1,"Implement staged, verified, no-replace local CAS writes","Changed files/symbols, reviewed contracts, schema/config/version changes, exact commit and diff.",Known-hash put/open/verify tests.; Concurrent same/different content tests.; Crash-point fault injection.; Existing-corrupt-target tests.; Fsync/no-replace capability tests.; Disk-full and permission tests.,"Required where the task crosses persistence, filesystem, plugin, process, network, migration, publication, or authority boundaries; see v2.1 test plan.",Structured status/error/event/metric/diagnostic fields named by the task and exercised under success plus failure.,"Required for existing CLI, Python API, YAML, imports, plugins, DB, events, IDs, checkpoints, or stored data touched by the task.","Repeated identical bytes consume one verified blob payload.; Concurrent writes yield one commit and safe verified reuse.; Existing mismatch is blocked and surfaced as integrity incident.; Crash points leave valid blob, detectable orphan, or no blob—never false commit.",Documented rollback/forward-fix and retained backup/reconciliation proof for stateful or side-effecting work.,"Exact commands/cwd/exit codes, environment/fixture digests, no unapproved skips, retained reports/artifact hashes, reviewer approval.",RELEASE BLOCKING
T12.1.3,E12,P1,"Persist blob provenance, references, quotas, and replayability status","Changed files/symbols, reviewed contracts, schema/config/version changes, exact commit and diff.",Repository/model tests.; One-pass hash/capture integration tests.; Quota race/reservation tests.; DB/file split-brain fault tests.; Restart replayability tests.; Status redaction tests.,"Required where the task crosses persistence, filesystem, plugin, process, network, migration, publication, or authority boundaries; see v2.1 test plan.",Structured status/error/event/metric/diagnostic fields named by the task and exercised under success plus failure.,"Required for existing CLI, Python API, YAML, imports, plugins, DB, events, IDs, checkpoints, or stored data touched by the task.","Every committed blob has verifiable identity, provider, provenance, and retention status.; Replayability is accurate after restart and missing/corrupt file detection.; Quota use and reservations reconcile deterministically.; Identity-only and captured modes remain distinguishable in APIs/events.",Documented rollback/forward-fix and retained backup/reconciliation proof for stateful or side-effecting work.,"Exact commands/cwd/exit codes, environment/fixture digests, no unapproved skips, retained reports/artifact hashes, reviewer approval.",RELEASE BLOCKING
T12.1.4,E12,P1,Implement CAS integrity scans and orphan reconciliation hooks,"Changed files/symbols, reviewed contracts, schema/config/version changes, exact commit and diff.",Synthetic divergence matrix tests.; Concurrent capture/reconcile tests.; Large-store scan benchmark.; Provider outage/partial listing tests.; Interrupted verification/resume tests.; Deletion-safety negative tests.,"Required where the task crosses persistence, filesystem, plugin, process, network, migration, publication, or authority boundaries; see v2.1 test plan.",Structured status/error/event/metric/diagnostic fields named by the task and exercised under success plus failure.,"Required for existing CLI, Python API, YAML, imports, plugins, DB, events, IDs, checkpoints, or stored data touched by the task.",Reconciliation classifies every observed divergence with deterministic next action.; Safe repairs are idempotent and uncertain objects remain preserved/quarantined.; Scans are resumable/bounded and expose progress.; Integrity incidents disable replay/reuse until resolved.,Documented rollback/forward-fix and retained backup/reconciliation proof for stateful or side-effecting work.,"Exact commands/cwd/exit codes, environment/fixture digests, no unapproved skips, retained reports/artifact hashes, reviewer approval.",RELEASE BLOCKING
T13.1.1,E13,P1,Define and persist versioned `StructuralReport` records,"Changed files/symbols, reviewed contracts, schema/config/version changes, exact commit and diff.",Model/repository unit tests.; Inspector attribution/version tests.; Partial/unknown state tests.; Large manifest pagination tests.; Canonical digest/reuse-key tests.; Schema migration tests.,"Required where the task crosses persistence, filesystem, plugin, process, network, migration, publication, or authority boundaries; see v2.1 test plan.",Structured status/error/event/metric/diagnostic fields named by the task and exercised under success plus failure.,"Required for existing CLI, Python API, YAML, imports, plugins, DB, events, IDs, checkpoints, or stored data touched by the task.","Every report binds to exact parent bytes, inspector, config, policy, and schema versions.; Partial and unknown outcomes are visibly non-success.; Member manifests are deterministic and queryable without unbounded loads.; Reports are immutable and supersession preserves history.",Documented rollback/forward-fix and retained backup/reconciliation proof for stateful or side-effecting work.,"Exact commands/cwd/exit codes, environment/fixture digests, no unapproved skips, retained reports/artifact hashes, reviewer approval.",RELEASE BLOCKING
T13.1.2,E13,P1,Define and persist `ExtractionRecord` and output manifests,"Changed files/symbols, reviewed contracts, schema/config/version changes, exact commit and diff.",Repository/model tests.; Zero/large-output tests.; Cancellation/crash boundary tests.; Duplicate-content derivation tests.; Workspace-record consistency tests.; Manifest digest tests.,"Required where the task crosses persistence, filesystem, plugin, process, network, migration, publication, or authority boundaries; see v2.1 test plan.",Structured status/error/event/metric/diagnostic fields named by the task and exercised under success plus failure.,"Required for existing CLI, Python API, YAML, imports, plugins, DB, events, IDs, checkpoints, or stored data touched by the task.",Every extraction attempt has one immutable record and output manifest.; Successful records reference only verified child identities and derivations.; Partial/failure cleanup state remains explicit.; Output manifest supports deterministic bidirectional lineage queries.,Documented rollback/forward-fix and retained backup/reconciliation proof for stateful or side-effecting work.,"Exact commands/cwd/exit codes, environment/fixture digests, no unapproved skips, retained reports/artifact hashes, reviewer approval.",RELEASE BLOCKING
T13.1.3,E13,P1,"Enforce exact content, configuration, policy, and report binding before extraction","Changed files/symbols, reviewed contracts, schema/config/version changes, exact commit and diff.",Report/content mismatch tests.; Config/policy/version mismatch tests.; Cross-job/report authorization tests.; Missing blob/source fallback tests.; No-side-effect assertion tests.; Canonical equality property tests.,"Required where the task crosses persistence, filesystem, plugin, process, network, migration, publication, or authority boundaries; see v2.1 test plan.",Structured status/error/event/metric/diagnostic fields named by the task and exercised under success plus failure.,"Required for existing CLI, Python API, YAML, imports, plugins, DB, events, IDs, checkpoints, or stored data touched by the task.","All mismatches are detected before workspace creation or output writes.; Exact-key equality is based on canonical normalized values.; A valid report/material pair proceeds through one controlled path.; Blocked reasons are visible in state, event history, and status.",Documented rollback/forward-fix and retained backup/reconciliation proof for stateful or side-effecting work.,"Exact commands/cwd/exit codes, environment/fixture digests, no unapproved skips, retained reports/artifact hashes, reviewer approval.",RELEASE BLOCKING
T13.1.4,E13,P1,Add deterministic structure reuse and end-to-end lineage invariants,"Changed files/symbols, reviewed contracts, schema/config/version changes, exact commit and diff.",Reuse-key unit/property tests.; Deterministic/non-deterministic inspector tests.; Bidirectional lineage integration tests.; Graph corruption negative tests.; High-fanout pagination tests.; Version-attribution regression tests.,"Required where the task crosses persistence, filesystem, plugin, process, network, migration, publication, or authority boundaries; see v2.1 test plan.",Structured status/error/event/metric/diagnostic fields named by the task and exercised under success plus failure.,"Required for existing CLI, Python API, YAML, imports, plugins, DB, events, IDs, checkpoints, or stored data touched by the task.",Reuse occurs only on exact key equality and records current use provenance.; Every derived content identity traces to at least one valid parent/report/extraction/attempt.; Every publication-ready lineage can traverse back to SourceRoot and exact bytes.; Graph invariant checks detect all injected orphan/cross-job/cycle cases.,Documented rollback/forward-fix and retained backup/reconciliation proof for stateful or side-effecting work.,"Exact commands/cwd/exit codes, environment/fixture digests, no unapproved skips, retained reports/artifact hashes, reviewer approval.",RELEASE BLOCKING
T14.1.1,E14,P1,"Define `PluginDescriptor`, `AnalysisContext`, and `AnalysisFinding` schemas","Changed files/symbols, reviewed contracts, schema/config/version changes, exact commit and diff.",Schema/model unit tests.; Malformed/oversized finding fuzz tests.; Context capability negative tests.; Large-result persistence tests.; Version/API compatibility tests.; AI attribution and untrusted-text tests.,"Required where the task crosses persistence, filesystem, plugin, process, network, migration, publication, or authority boundaries; see v2.1 test plan.",Structured status/error/event/metric/diagnostic fields named by the task and exercised under success plus failure.,"Required for existing CLI, Python API, YAML, imports, plugins, DB, events, IDs, checkpoints, or stored data touched by the task.",No arbitrary dictionary reaches durable findings.; Descriptors express every required capability/resource and fail validation when incomplete.; AnalysisContext exposes no lifecycle or raw persistence authority.; Finding schema preserves complete attributed result sets beyond prior 50-item summaries.,Documented rollback/forward-fix and retained backup/reconciliation proof for stateful or side-effecting work.,"Exact commands/cwd/exit codes, environment/fixture digests, no unapproved skips, retained reports/artifact hashes, reviewer approval.",RELEASE BLOCKING
T14.1.2,E14,P1,Implement deterministic plugin discovery and registry snapshots,"Changed files/symbols, reviewed contracts, schema/config/version changes, exact commit and diff.",Deterministic snapshot tests.; Duplicate/conflict negative tests.; Import timeout/side-effect isolation tests.; Missing tool/backend tests.; Registry change/version-skew tests.; Packaging entry-point integration tests.,"Required where the task crosses persistence, filesystem, plugin, process, network, migration, publication, or authority boundaries; see v2.1 test plan.",Structured status/error/event/metric/diagnostic fields named by the task and exercised under success plus failure.,"Required for existing CLI, Python API, YAML, imports, plugins, DB, events, IDs, checkpoints, or stored data touched by the task.",Two clean registry builds produce identical order and digest.; Duplicate/incompatible plugins fail before job creation.; Jobs retain the exact registry snapshot/version used.; Unavailable plugin states are distinct from disabled policy.,Documented rollback/forward-fix and retained backup/reconciliation proof for stateful or side-effecting work.,"Exact commands/cwd/exit codes, environment/fixture digests, no unapproved skips, retained reports/artifact hashes, reviewer approval.",RELEASE BLOCKING
T14.1.3,E14,P1,Implement plugin capability and trust-tier policy,"Changed files/symbols, reviewed contracts, schema/config/version changes, exact commit and diff.",Policy truth-table tests.; Package provenance/version change tests.; Backend availability tests.; Denied network/process/filesystem abuse tests.; Queued-job policy drift tests.; AI authority negative tests.,"Required where the task crosses persistence, filesystem, plugin, process, network, migration, publication, or authority boundaries; see v2.1 test plan.",Structured status/error/event/metric/diagnostic fields named by the task and exercised under success plus failure.,"Required for existing CLI, Python API, YAML, imports, plugins, DB, events, IDs, checkpoints, or stored data touched by the task.",Every enabled plugin has one effective capability set and required backend.; Untrusted/high-risk plugins cannot run in process.; Policy/config/version changes invalidate stale WorkSpecs and reuse keys.; Denied capability attempts are observable and tested.,Documented rollback/forward-fix and retained backup/reconciliation proof for stateful or side-effecting work.,"Exact commands/cwd/exit codes, environment/fixture digests, no unapproved skips, retained reports/artifact hashes, reviewer approval.",RELEASE BLOCKING
T14.1.4,E14,P1,Add the legacy `AnalyzerPlugin` adapter and lossless finding migration,"Changed files/symbols, reviewed contracts, schema/config/version changes, exact commit and diff.",Legacy plugin golden tests.; Large-result/no-truncation tests.; Malformed/non-serializable output tests.; Direct path/network authority negative tests.; Deprecation telemetry tests.; Plugin author migration example tests.,"Required where the task crosses persistence, filesystem, plugin, process, network, migration, publication, or authority boundaries; see v2.1 test plan.",Structured status/error/event/metric/diagnostic fields named by the task and exercised under success plus failure.,"Required for existing CLI, Python API, YAML, imports, plugins, DB, events, IDs, checkpoints, or stored data touched by the task.",Supported legacy plugins produce equivalent normalized findings through the adapter.; All findings persist losslessly within declared limits.; Unsupported authority assumptions fail with migration guidance.; Metadata summary is explicitly derived and never authoritative.,Documented rollback/forward-fix and retained backup/reconciliation proof for stateful or side-effecting work.,"Exact commands/cwd/exit codes, environment/fixture digests, no unapproved skips, retained reports/artifact hashes, reviewer approval.",RELEASE BLOCKING
T15.1.1,E15,P1,"Define immutable `WorkSpec`, `WorkResult`, and backend protocols","Changed files/symbols, reviewed contracts, schema/config/version changes, exact commit and diff.",Schema/serialization tests.; Digest determinism tests.; Malformed result fuzz tests.; Capability/version negotiation tests.; No-StateStore architecture tests.; Idempotency/fencing field integrity tests.,"Required where the task crosses persistence, filesystem, plugin, process, network, migration, publication, or authority boundaries; see v2.1 test plan.",Structured status/error/event/metric/diagnostic fields named by the task and exercised under success plus failure.,"Required for existing CLI, Python API, YAML, imports, plugins, DB, events, IDs, checkpoints, or stored data touched by the task.","Contracts are versioned, deterministic, and backend-neutral.; Backend code cannot obtain StateStore or transition authority through the interface.; Malformed/stale/foreign results are representable as validation failures.; Contract supports in-process, subprocess, and later remote backends without changing lifecycle semantics.",Documented rollback/forward-fix and retained backup/reconciliation proof for stateful or side-effecting work.,"Exact commands/cwd/exit codes, environment/fixture digests, no unapproved skips, retained reports/artifact hashes, reviewer approval.",RELEASE BLOCKING
T15.1.2,E15,P1,Implement the trusted `InProcessBackend`,"Changed files/symbols, reviewed contracts, schema/config/version changes, exact commit and diff.",Backend unit tests.; Trusted analyzer integration tests.; Cancellation/deadline tests.; Blocking/exception diagnostics tests.; Registry freeze/version tests.; Architecture tests for forbidden dependencies.,"Required where the task crosses persistence, filesystem, plugin, process, network, migration, publication, or authority boundaries; see v2.1 test plan.",Structured status/error/event/metric/diagnostic fields named by the task and exercised under success plus failure.,"Required for existing CLI, Python API, YAML, imports, plugins, DB, events, IDs, checkpoints, or stored data touched by the task.",A bundled analyzer produces identical normalized findings through WorkSpec/WorkResult.; Backend has no direct persistence/lifecycle mutation capability.; Timeout/cancel outcomes are explicit and later recovery-classifiable.; Registry and policy versions used are echoed and validated.,Documented rollback/forward-fix and retained backup/reconciliation proof for stateful or side-effecting work.,"Exact commands/cwd/exit codes, environment/fixture digests, no unapproved skips, retained reports/artifact hashes, reviewer approval.",RELEASE BLOCKING
T15.1.3,E15,P1,Implement coordinator-side result validation and commit,"Changed files/symbols, reviewed contracts, schema/config/version changes, exact commit and diff.",Validation unit/property tests.; Duplicate/conflicting result tests.; Stale fencing/cancel tests.; Output manifest corruption tests.; Budget overrun tests.; Transaction/event atomicity integration tests.,"Required where the task crosses persistence, filesystem, plugin, process, network, migration, publication, or authority boundaries; see v2.1 test plan.",Structured status/error/event/metric/diagnostic fields named by the task and exercised under success plus failure.,"Required for existing CLI, Python API, YAML, imports, plugins, DB, events, IDs, checkpoints, or stored data touched by the task.",Only fully validated current results can change attempt/phase state.; Duplicate identical results have one authoritative effect.; Stale/malformed/conflicting results are retained and rejected with stable codes.; Output integrity and budgets are verified before downstream use.,Documented rollback/forward-fix and retained backup/reconciliation proof for stateful or side-effecting work.,"Exact commands/cwd/exit codes, environment/fixture digests, no unapproved skips, retained reports/artifact hashes, reviewer approval.",RELEASE BLOCKING
T15.1.4,E15,P1,Create the reusable backend conformance and fault suite,"Changed files/symbols, reviewed contracts, schema/config/version changes, exact commit and diff.",Backend conformance matrix.; Deterministic cross-backend result comparison.; Crash/loss/cancel fault tests.; Stale/duplicate submission tests.; Isolation/output mediation tests.; Platform capability reporting tests.,"Required where the task crosses persistence, filesystem, plugin, process, network, migration, publication, or authority boundaries; see v2.1 test plan.",Structured status/error/event/metric/diagnostic fields named by the task and exercised under success plus failure.,"Required for existing CLI, Python API, YAML, imports, plugins, DB, events, IDs, checkpoints, or stored data touched by the task.",InProcessBackend passes every applicable mandatory case.; The suite can be reused unchanged by subprocess and remote backends.; Unsupported controls are reported and block claims that they are enforced.; Fault cases produce deterministic coordinator outcomes.,Documented rollback/forward-fix and retained backup/reconciliation proof for stateful or side-effecting work.,"Exact commands/cwd/exit codes, environment/fixture digests, no unapproved skips, retained reports/artifact hashes, reviewer approval.",RELEASE BLOCKING
T16.1.1,E16,P1,Define durable `WorkItem` and phase-barrier semantics,"Changed files/symbols, reviewed contracts, schema/config/version changes, exact commit and diff.",Model/schema tests.; Deterministic planning property tests.; Cycle/cross-phase negative tests.; Zero/large workset tests.; Dynamic expansion bound tests.; Barrier truth-table tests.,"Required where the task crosses persistence, filesystem, plugin, process, network, migration, publication, or authority boundaries; see v2.1 test plan.",Structured status/error/event/metric/diagnostic fields named by the task and exercised under success plus failure.,"Required for existing CLI, Python API, YAML, imports, plugins, DB, events, IDs, checkpoints, or stored data touched by the task.",The model supports bounded parallelism while A-F order remains immutable.; Work-item IDs/order are deterministic for identical phase inputs.; Cross-phase dependencies and cycles are structurally impossible or rejected.; Barrier closure requires all declared invariants and aggregate validation.,Documented rollback/forward-fix and retained backup/reconciliation proof for stateful or side-effecting work.,"Exact commands/cwd/exit codes, environment/fixture digests, no unapproved skips, retained reports/artifact hashes, reviewer approval.",RELEASE BLOCKING
T16.1.2,E16,P1,Implement the bounded local work-item scheduler and aggregation path,"Changed files/symbols, reviewed contracts, schema/config/version changes, exact commit and diff.",Scheduler unit tests.; Concurrency/fairness tests.; Million-item planning/streaming benchmark.; Crash-after-claim recovery tests.; Cancellation/late-result tests.; Aggregate partial/conflict tests.,"Required where the task crosses persistence, filesystem, plugin, process, network, migration, publication, or authority boundaries; see v2.1 test plan.",Structured status/error/event/metric/diagnostic fields named by the task and exercised under success plus failure.,"Required for existing CLI, Python API, YAML, imports, plugins, DB, events, IDs, checkpoints, or stored data touched by the task.",Concurrency never exceeds configured/effective budgets.; Ready sets and aggregation remain bounded under large worksets.; Crash/restart does not duplicate accepted work effects.; Phase barrier closes only after deterministic aggregate validation.,Documented rollback/forward-fix and retained backup/reconciliation proof for stateful or side-effecting work.,"Exact commands/cwd/exit codes, environment/fixture digests, no unapproved skips, retained reports/artifact hashes, reviewer approval.",RELEASE BLOCKING
T16.1.3,E16,P1,Implement exact-key deterministic result reuse,"Changed files/symbols, reviewed contracts, schema/config/version changes, exact commit and diff.",Exact-key unit/property tests.; Omitted-key-component mutation tests.; Missing/corrupt output tests.; Package/model/prompt version tests.; Concurrent index lookup/commit tests.; Performance benchmark for duplicate-heavy runs.,"Required where the task crosses persistence, filesystem, plugin, process, network, migration, publication, or authority boundaries; see v2.1 test plan.",Structured status/error/event/metric/diagnostic fields named by the task and exercised under success plus failure.,"Required for existing CLI, Python API, YAML, imports, plugins, DB, events, IDs, checkpoints, or stored data touched by the task.",Reuse occurs only under exact canonical key and verified outputs.; Every reuse is attributable to original result and current decision.; Stale/missing/corrupt/non-deterministic results are not reused.; Metrics quantify hit rate and avoided work without losing occurrence provenance.,Documented rollback/forward-fix and retained backup/reconciliation proof for stateful or side-effecting work.,"Exact commands/cwd/exit codes, environment/fixture digests, no unapproved skips, retained reports/artifact hashes, reviewer approval.",RELEASE BLOCKING
T16.1.4,E16,P1,Implement a unified hierarchical `ResourceBudgetManager`,"Changed files/symbols, reviewed contracts, schema/config/version changes, exact commit and diff.",Budget hierarchy unit/property tests.; Concurrent reservation tests.; Crash/orphan reservation reconciliation tests.; Cross-subsystem shared quota tests.; Unsupported-control reporting tests.; Resource-exhaustion integration/soak tests.,"Required where the task crosses persistence, filesystem, plugin, process, network, migration, publication, or authority boundaries; see v2.1 test plan.",Structured status/error/event/metric/diagnostic fields named by the task and exercised under success plus failure.,"Required for existing CLI, Python API, YAML, imports, plugins, DB, events, IDs, checkpoints, or stored data touched by the task.","All core resource-consuming operations use scoped budget handles.; Concurrent reservations cannot exceed hard shared limits.; Restart reconciliation clears or transfers abandoned reservations deterministically.; Status and diagnostics distinguish requested, reserved, used, exceeded, and unenforceable.",Documented rollback/forward-fix and retained backup/reconciliation proof for stateful or side-effecting work.,"Exact commands/cwd/exit codes, environment/fixture digests, no unapproved skips, retained reports/artifact hashes, reviewer approval.",RELEASE BLOCKING
T17.1.1,E17,P1,Persist normalized analysis findings and typed relationships,"Changed files/symbols, reviewed contracts, schema/config/version changes, exact commit and diff.",Schema and repository unit tests.; Analyzer-contract integration tests.; Malformed/oversized output negative tests.; Duplicate/conflict property tests.; Legacy compatibility fixture tests.; Transaction/event atomicity tests.,"Required where the task crosses persistence, filesystem, plugin, process, network, migration, publication, or authority boundaries; see v2.1 test plan.",Structured status/error/event/metric/diagnostic fields named by the task and exercised under success plus failure.,"Required for existing CLI, Python API, YAML, imports, plugins, DB, events, IDs, checkpoints, or stored data touched by the task.","Every persisted finding identifies exact input content, analyzer/plugin version, configuration digest, phase attempt, and schema version.; Finding persistence cannot create evidence, a promotion decision, or a publication.; Duplicate policy and supersession behavior are deterministic and documented.; Legacy findings remain readable without being misrepresented as approved knowledge.",Documented rollback/forward-fix and retained backup/reconciliation proof for stateful or side-effecting work.,"Exact commands/cwd/exit codes, environment/fixture digests, no unapproved skips, retained reports/artifact hashes, reviewer approval.",RELEASE BLOCKING
T17.1.2,E17,P1,Define and persist evidence records with explicit provenance and confidence,"Changed files/symbols, reviewed contracts, schema/config/version changes, exact commit and diff.",Canonical digest golden tests.; Citation integrity and foreign-key tests.; Conflicting/superseded evidence tests.; Missing/mutable citation negative tests.; Verifier transaction/failure tests.; Lineage-query integration tests.,"Required where the task crosses persistence, filesystem, plugin, process, network, migration, publication, or authority boundaries; see v2.1 test plan.",Structured status/error/event/metric/diagnostic fields named by the task and exercised under success plus failure.,"Required for existing CLI, Python API, YAML, imports, plugins, DB, events, IDs, checkpoints, or stored data touched by the task.",Evidence-set digests are stable under deterministic canonical ordering and change when any cited record changes.; Every evidence record resolves to immutable source observations or explicitly labeled external authority.; Unverified findings cannot silently become deterministic evidence.; Superseded evidence remains queryable and cannot satisfy a current-decision policy unless allowed explicitly.,Documented rollback/forward-fix and retained backup/reconciliation proof for stateful or side-effecting work.,"Exact commands/cwd/exit codes, environment/fixture digests, no unapproved skips, retained reports/artifact hashes, reviewer approval.",RELEASE BLOCKING
T17.1.3,E17,P1,Implement evidence-bound promotion decisions and review policy,"Changed files/symbols, reviewed contracts, schema/config/version changes, exact commit and diff.",State/transition table tests.; Concurrent review and stale-version tests.; Policy adapter conformance tests.; AI/plugin authority negative tests.; Legacy candidate migration tests.; Audit and status projection tests.,"Required where the task crosses persistence, filesystem, plugin, process, network, migration, publication, or authority boundaries; see v2.1 test plan.",Structured status/error/event/metric/diagnostic fields named by the task and exercised under success plus failure.,"Required for existing CLI, Python API, YAML, imports, plugins, DB, events, IDs, checkpoints, or stored data touched by the task.",Only one current decision is authoritative for a subject/policy scope.; `REJECT` and `HOLD` structurally block publication.; A stale or replayed review command cannot overwrite a newer decision.; The deployment-specific rule for interactive versus automatic review is resolved and documented before publication is enabled.,Documented rollback/forward-fix and retained backup/reconciliation proof for stateful or side-effecting work.,"Exact commands/cwd/exit codes, environment/fixture digests, no unapproved skips, retained reports/artifact hashes, reviewer approval.",RELEASE BLOCKING
T17.1.4,E17,P1,Implement staged idempotent publication and bidirectional lineage,"Changed files/symbols, reviewed contracts, schema/config/version changes, exact commit and diff.",Approve/reject/hold end-to-end tests.; Idempotency and duplicate-request tests.; Partial/timeout/unknown-outcome fault injection.; No-replace and expected-replace tests.; Unauthorized/path/command-injection negative tests.; Bidirectional lineage and legacy compatibility tests.,"Required where the task crosses persistence, filesystem, plugin, process, network, migration, publication, or authority boundaries; see v2.1 test plan.",Structured status/error/event/metric/diagnostic fields named by the task and exercised under success plus failure.,"Required for existing CLI, Python API, YAML, imports, plugins, DB, events, IDs, checkpoints, or stored data touched by the task.","No publication begins without a current authorized `APPROVE` decision bound to the exact evidence set.; Duplicate requests converge on one verified destination effect or a deterministic conflict.; Unknown outcome is reconciled rather than blindly repeated.; Every verified publication resolves bidirectionally to source root, intake generation, occurrence, exact content, derivations, findings, evidence, decision, actor, policy, and attempt.",Documented rollback/forward-fix and retained backup/reconciliation proof for stateful or side-effecting work.,"Exact commands/cwd/exit codes, environment/fixture digests, no unapproved skips, retained reports/artifact hashes, reviewer approval.",RELEASE BLOCKING
T18.1.1,E18,P1,Define the error taxonomy and operation-semantics registry,"Changed files/symbols, reviewed contracts, schema/config/version changes, exact commit and diff.",Registry completeness tests.; Error serialization/golden tests.; Legacy exception mapping tests.; Plugin overclaim negative tests.; Semantics-version compatibility tests.; Secret-redaction tests.,"Required where the task crosses persistence, filesystem, plugin, process, network, migration, publication, or authority boundaries; see v2.1 test plan.",Structured status/error/event/metric/diagnostic fields named by the task and exercised under success plus failure.,"Required for existing CLI, Python API, YAML, imports, plugins, DB, events, IDs, checkpoints, or stored data touched by the task.","Every built-in operation has exactly one current, versioned semantics classification.; Unknown/unregistered semantics block automatic retry.; Error codes are stable, serializable, and safe for API/event/log projection.; Policy can prove why an outcome is retryable, blocked, terminal, or requires reconciliation.",Documented rollback/forward-fix and retained backup/reconciliation proof for stateful or side-effecting work.,"Exact commands/cwd/exit codes, environment/fixture digests, no unapproved skips, retained reports/artifact hashes, reviewer approval.",RELEASE BLOCKING
T18.1.2,E18,P1,"Implement retry, deadline, timeout, and idempotency policy","Changed files/symbols, reviewed contracts, schema/config/version changes, exact commit and diff.",Retry policy truth-table tests.; Backoff/jitter bounded property tests.; Concurrent idempotency reservation tests.; Timeout-versus-commit race tests.; Restart-during-backoff tests.; Cancellation/pause precedence tests.,"Required where the task crosses persistence, filesystem, plugin, process, network, migration, publication, or authority boundaries; see v2.1 test plan.",Structured status/error/event/metric/diagnostic fields named by the task and exercised under success plus failure.,"Required for existing CLI, Python API, YAML, imports, plugins, DB, events, IDs, checkpoints, or stored data touched by the task.",Retry decisions are deterministic for the same durable state and policy version.; No unsafe or unknown-outcome operation is automatically retried.; Duplicate idempotency identity returns the prior canonical result or conflict rather than repeating an effect.; Attempt/deadline/backoff state survives process restart.,Documented rollback/forward-fix and retained backup/reconciliation proof for stateful or side-effecting work.,"Exact commands/cwd/exit codes, environment/fixture digests, no unapproved skips, retained reports/artifact hashes, reviewer approval.",RELEASE BLOCKING
T18.1.3,E18,P1,Implement startup reconciliation and deterministic recovery decisions,"Changed files/symbols, reviewed contracts, schema/config/version changes, exact commit and diff.",Recovery decision table tests.; Repeated-start idempotency tests.; Stale checkpoint/source/plugin tests.; External outage/unknown publication tests.; Legacy job conservative migration tests.; Corrupt-state and partial-migration tests.,"Required where the task crosses persistence, filesystem, plugin, process, network, migration, publication, or authority boundaries; see v2.1 test plan.",Structured status/error/event/metric/diagnostic fields named by the task and exercised under success plus failure.,"Required for existing CLI, Python API, YAML, imports, plugins, DB, events, IDs, checkpoints, or stored data touched by the task.","Each nonterminal attempt maps to one persisted recovery disposition.; Unsafe or insufficient evidence becomes `BLOCKED/RECONCILIATION_REQUIRED`, never guessed success.; Repeated startup converges without duplicating the selected action.; Recovery summary identifies exact job/phase/attempt/checkpoint/effect boundary and next operator action.",Documented rollback/forward-fix and retained backup/reconciliation proof for stateful or side-effecting work.,"Exact commands/cwd/exit codes, environment/fixture digests, no unapproved skips, retained reports/artifact hashes, reviewer approval.",RELEASE BLOCKING
T18.1.4,E18,P1,Build the phase-by-phase crash and replay verification matrix,"Changed files/symbols, reviewed contracts, schema/config/version changes, exact commit and diff.",Fault-injection unit tests.; Multi-process crash/restart integration tests.; Replay/idempotency property tests.; Disk/lock/dependency fault tests.; Stale fencing/forged result security tests.; Evidence determinism and secret-scan tests.,"Required where the task crosses persistence, filesystem, plugin, process, network, migration, publication, or authority boundaries; see v2.1 test plan.",Structured status/error/event/metric/diagnostic fields named by the task and exercised under success plus failure.,"Required for existing CLI, Python API, YAML, imports, plugins, DB, events, IDs, checkpoints, or stored data touched by the task.",The matrix covers all built-in phases and every declared operation-semantics class.; Each fault point produces exactly the documented recovery disposition across repeated clean runs.; No unsafe side effect is repeated and no unknown outcome is reported as success.; CI publishes machine-readable crash/replay evidence and blocks regressions for mandatory platforms.,Documented rollback/forward-fix and retained backup/reconciliation proof for stateful or side-effecting work.,"Exact commands/cwd/exit codes, environment/fixture digests, no unapproved skips, retained reports/artifact hashes, reviewer approval.",RELEASE BLOCKING
T19.1.1,E19,P1,"Define the daemon lifecycle, configuration, and ownership contract","Changed files/symbols, reviewed contracts, schema/config/version changes, exact commit and diff.",Daemon state-machine unit tests.; Competing-start integration tests.; Startup migration/recovery failure tests.; Permission/symlink negative tests.; Drain/shutdown signal tests.; Embedded/daemon semantic conformance tests.,"Required where the task crosses persistence, filesystem, plugin, process, network, migration, publication, or authority boundaries; see v2.1 test plan.",Structured status/error/event/metric/diagnostic fields named by the task and exercised under success plus failure.,"Required for existing CLI, Python API, YAML, imports, plugins, DB, events, IDs, checkpoints, or stored data touched by the task.","Readiness is false until store, migration, recovery, and ownership checks succeed.; Only one valid local owner can advance an attempt.; Drain stops new claims while allowing documented safe completion/cancellation behavior.; Embedded and daemon modes use identical lifecycle/state/policy services.",Documented rollback/forward-fix and retained backup/reconciliation proof for stateful or side-effecting work.,"Exact commands/cwd/exit codes, environment/fixture digests, no unapproved skips, retained reports/artifact hashes, reviewer approval.",RELEASE BLOCKING
T19.1.2,E19,P1,"Implement durable claims, leases, heartbeats, and fenced execution","Changed files/symbols, reviewed contracts, schema/config/version changes, exact commit and diff.",Claim transaction/concurrency tests.; Lease expiry/renewal tests.; Stale/forged token negative tests.; Clock/long-call tests.; Late-result fencing tests.; Recovery-after-expiry tests.,"Required where the task crosses persistence, filesystem, plugin, process, network, migration, publication, or authority boundaries; see v2.1 test plan.",Structured status/error/event/metric/diagnostic fields named by the task and exercised under success plus failure.,"Required for existing CLI, Python API, YAML, imports, plugins, DB, events, IDs, checkpoints, or stored data touched by the task.",Two daemons cannot validly own or commit the same attempt.; A lost lease immediately removes authority at the next guarded boundary.; Stale results are rejected and retained as diagnostic evidence.; Claim recovery follows operation semantics and never blindly re-executes an unknown effect.,Documented rollback/forward-fix and retained backup/reconciliation proof for stateful or side-effecting work.,"Exact commands/cwd/exit codes, environment/fixture digests, no unapproved skips, retained reports/artifact hashes, reviewer approval.",RELEASE BLOCKING
T19.1.3,E19,P1,Route CLI and Python controls through canonical command and status services,"Changed files/symbols, reviewed contracts, schema/config/version changes, exact commit and diff.",Command schema/unit tests.; CLI/Python equivalence tests.; Cross-process pause/resume/cancel tests.; Replay/stale-version negative tests.; Daemon-offline/draining tests.; Legacy CLI compatibility tests.,"Required where the task crosses persistence, filesystem, plugin, process, network, migration, publication, or authority boundaries; see v2.1 test plan.",Structured status/error/event/metric/diagnostic fields named by the task and exercised under success plus failure.,"Required for existing CLI, Python API, YAML, imports, plugins, DB, events, IDs, checkpoints, or stored data touched by the task.",A separate CLI process can control a daemon-owned job without private runtime mutation.; Equivalent CLI/Python commands produce identical persisted command and lifecycle results.; Replayed or stale commands return deterministic prior result/conflict.; Compatibility behavior and deprecation window are documented and tested.,Documented rollback/forward-fix and retained backup/reconciliation proof for stateful or side-effecting work.,"Exact commands/cwd/exit codes, environment/fixture digests, no unapproved skips, retained reports/artifact hashes, reviewer approval.",RELEASE BLOCKING
T19.1.4,E19,P1,"Verify graceful shutdown, forced restart, and orphan containment","Changed files/symbols, reviewed contracts, schema/config/version changes, exact commit and diff.",Signal/drain unit tests.; Kill/restart integration tests.; Orphan identity negative tests.; Database outage during shutdown tests.; Version-change recovery tests.; Runbook command smoke tests where repository-supported.,"Required where the task crosses persistence, filesystem, plugin, process, network, migration, publication, or authority boundaries; see v2.1 test plan.",Structured status/error/event/metric/diagnostic fields named by the task and exercised under success plus failure.,"Required for existing CLI, Python API, YAML, imports, plugins, DB, events, IDs, checkpoints, or stored data touched by the task.",Graceful stop leaves no new claims and records deterministic terminal/suspended/checkpoint state.; Forced restart fences the old owner and produces one recovery decision per nonterminal attempt.; Orphan handling cannot terminate an unrelated process.; Runbook and tests cover foreground rollback for new jobs without stealing existing daemon-owned work.,Documented rollback/forward-fix and retained backup/reconciliation proof for stateful or side-effecting work.,"Exact commands/cwd/exit codes, environment/fixture digests, no unapproved skips, retained reports/artifact hashes, reviewer approval.",RELEASE BLOCKING
T20.1.1,E20,P1,"Define structured logging, correlation, error catalog, and redaction","Changed files/symbols, reviewed contracts, schema/config/version changes, exact commit and diff.",Envelope/schema golden tests.; Async/subprocess context propagation tests.; Injection/redaction/secret fixture tests.; Sink failure/backpressure tests.; High-cardinality bounding tests.; Error catalog completeness tests.,"Required where the task crosses persistence, filesystem, plugin, process, network, migration, publication, or authority boundaries; see v2.1 test plan.",Structured status/error/event/metric/diagnostic fields named by the task and exercised under success plus failure.,"Required for existing CLI, Python API, YAML, imports, plugins, DB, events, IDs, checkpoints, or stored data touched by the task.","Every major lifecycle, control, recovery, policy, and publication action has a stable code and correlation chain.; Redaction occurs before every configured sink and diagnostic export.; Telemetry sink failure cannot change job state or result.; Golden log schema is versioned and compatibility-tested.",Documented rollback/forward-fix and retained backup/reconciliation proof for stateful or side-effecting work.,"Exact commands/cwd/exit codes, environment/fixture digests, no unapproved skips, retained reports/artifact hashes, reviewer approval.",RELEASE BLOCKING
T20.1.2,E20,P1,Implement bounded metrics and optional distributed tracing,"Changed files/symbols, reviewed contracts, schema/config/version changes, exact commit and diff.",Metric catalog/schema tests.; No-op/exporter conformance tests.; Exporter outage/slow sink tests.; Cardinality/load tests.; Trace context validation tests.; Semantic equivalence tests with telemetry disabled.,"Required where the task crosses persistence, filesystem, plugin, process, network, migration, publication, or authority boundaries; see v2.1 test plan.",Structured status/error/event/metric/diagnostic fields named by the task and exercised under success plus failure.,"Required for existing CLI, Python API, YAML, imports, plugins, DB, events, IDs, checkpoints, or stored data touched by the task.","Metric names, units, label sets, and bounds are documented and schema-tested.; No mandatory lifecycle path depends on exporter success.; Load tests demonstrate bounded cardinality and memory use for representative workloads.; Trace removal/no-op mode leaves persisted semantics identical.",Documented rollback/forward-fix and retained backup/reconciliation proof for stateful or side-effecting work.,"Exact commands/cwd/exit codes, environment/fixture digests, no unapproved skips, retained reports/artifact hashes, reviewer approval.",RELEASE BLOCKING
T20.1.3,E20,P1,Build the canonical versioned job status projection,"Changed files/symbols, reviewed contracts, schema/config/version changes, exact commit and diff.",Projection golden tests.; Consistent-snapshot concurrency tests.; Legacy/degraded/corrupt record tests.; Authorization/redaction adapter tests.; Large-job query benchmarks.; CLI/JSON/API schema compatibility tests.,"Required where the task crosses persistence, filesystem, plugin, process, network, migration, publication, or authority boundaries; see v2.1 test plan.",Structured status/error/event/metric/diagnostic fields named by the task and exercised under success plus failure.,"Required for existing CLI, Python API, YAML, imports, plugins, DB, events, IDs, checkpoints, or stored data touched by the task.","An operator can identify exact current phase, attempt, checkpoint, control, blocker, retry/recovery action, and provenance completeness without raw DB access.; Status is rebuildable from authoritative state and events are supplemental only.; Legacy/partial/corrupt fields are explicit and never mistaken for complete.; Query performance and pagination are measured on representative large jobs.",Documented rollback/forward-fix and retained backup/reconciliation proof for stateful or side-effecting work.,"Exact commands/cwd/exit codes, environment/fixture digests, no unapproved skips, retained reports/artifact hashes, reviewer approval.",RELEASE BLOCKING
T20.1.4,E20,P1,"Implement health, readiness, and sanitized diagnostic bundles","Changed files/symbols, reviewed contracts, schema/config/version changes, exact commit and diff.",Health truth-table tests.; Dependency outage tests.; Diagnostic reproducibility/hash tests.; Secret/redaction scan tests.; Path/symlink/no-replace tests.; Partial/disk-full/collector-timeout tests.,"Required where the task crosses persistence, filesystem, plugin, process, network, migration, publication, or authority boundaries; see v2.1 test plan.",Structured status/error/event/metric/diagnostic fields named by the task and exercised under success plus failure.,"Required for existing CLI, Python API, YAML, imports, plugins, DB, events, IDs, checkpoints, or stored data touched by the task.",Health/readiness results are deterministic and identify each failed dependency/control.; Diagnostic bundle verifies against its manifest and records all omissions/degraded collectors.; Synthetic secret/raw-content tests find no prohibited data.; Bundle failure cannot mutate lifecycle state or overwrite an existing file.,Documented rollback/forward-fix and retained backup/reconciliation proof for stateful or side-effecting work.,"Exact commands/cwd/exit codes, environment/fixture digests, no unapproved skips, retained reports/artifact hashes, reviewer approval.",RELEASE BLOCKING
T21.1.1,E21,P2,"Define versioned external command, status, and error schemas","Changed files/symbols, reviewed contracts, schema/config/version changes, exact commit and diff.",Contract serialization/golden tests.; Duplicate-key/malformed/size fuzz tests.; CLI/Python/external equivalence tests.; Replay/stale-version tests.; Mass-assignment and lifecycle-bypass negative tests.; Schema compatibility tests.,"Required where the task crosses persistence, filesystem, plugin, process, network, migration, publication, or authority boundaries; see v2.1 test plan.",Structured status/error/event/metric/diagnostic fields named by the task and exercised under success plus failure.,"Required for existing CLI, Python API, YAML, imports, plugins, DB, events, IDs, checkpoints, or stored data touched by the task.","Equivalent local and external contracts produce identical authoritative command outcomes.; No request field can directly set job/phase/attempt state, fencing, policy result, or publication success.; Replay/stale/version conflicts are deterministic and machine-readable.; Schemas and examples are generated or CI-checked against implementation.",Documented rollback/forward-fix and retained backup/reconciliation proof for stateful or side-effecting work.,"Exact commands/cwd/exit codes, environment/fixture digests, no unapproved skips, retained reports/artifact hashes, reviewer approval.",CAPABILITY BLOCKING
T21.1.2,E21,P2,Implement REST v1 and generate the OpenAPI contract,"Changed files/symbols, reviewed contracts, schema/config/version changes, exact commit and diff.",OpenAPI/schema conformance tests.; End-to-end REST/CLI equivalence tests.; Proxy retry/client disconnect tests.; Auth/rate-limit/TLS adapter tests where configured.; Injection/CSRF/CORS/size negative tests.; Pagination/load and API restart tests.,"Required where the task crosses persistence, filesystem, plugin, process, network, migration, publication, or authority boundaries; see v2.1 test plan.",Structured status/error/event/metric/diagnostic fields named by the task and exercised under success plus failure.,"Required for existing CLI, Python API, YAML, imports, plugins, DB, events, IDs, checkpoints, or stored data touched by the task.","REST and CLI/Python commands converge on the same persisted result for equivalent requests.; OpenAPI is versioned, complete for implemented endpoints, and fails CI on drift.; Client disconnect/retry cannot duplicate authoritative effects.; Disabling/removing REST leaves core job execution and status semantics unchanged.",Documented rollback/forward-fix and retained backup/reconciliation proof for stateful or side-effecting work.,"Exact commands/cwd/exit codes, environment/fixture digests, no unapproved skips, retained reports/artifact hashes, reviewer approval.",CAPABILITY BLOCKING
T21.1.3,E21,P2,Implement outbox-backed RabbitMQ event delivery,"Changed files/symbols, reviewed contracts, schema/config/version changes, exact commit and diff.",Transport conformance tests with test broker.; Outage/confirm-loss/redelivery tests.; Backlog/capacity/backpressure tests.; Schema/routing injection negative tests.; Legacy routing compatibility tests.; Consumer replay/idempotency reference tests.,"Required where the task crosses persistence, filesystem, plugin, process, network, migration, publication, or authority boundaries; see v2.1 test plan.",Structured status/error/event/metric/diagnostic fields named by the task and exercised under success plus failure.,"Required for existing CLI, Python API, YAML, imports, plugins, DB, events, IDs, checkpoints, or stored data touched by the task.",Broker outage cannot roll back or falsely fail an already committed lifecycle transition.; Delivery retries are bounded and duplicate event IDs/sequences support idempotent consumers.; No replayed event can mutate lifecycle state.; Legacy routing and new envelopes have a tested compatibility/deprecation path.,Documented rollback/forward-fix and retained backup/reconciliation proof for stateful or side-effecting work.,"Exact commands/cwd/exit codes, environment/fixture digests, no unapproved skips, retained reports/artifact hashes, reviewer approval.",CAPABILITY BLOCKING
T21.1.4,E21,P2,Implement signed idempotent webhook notifications,"Changed files/symbols, reviewed contracts, schema/config/version changes, exact commit and diff.",Signature golden/rotation tests.; Duplicate/replay receiver tests.; SSRF/DNS-rebinding/redirect negative tests.; Timeout/partial-response/retry tests.; Backpressure/concurrency tests.; Disable/reenable and audit tests.,"Required where the task crosses persistence, filesystem, plugin, process, network, migration, publication, or authority boundaries; see v2.1 test plan.",Structured status/error/event/metric/diagnostic fields named by the task and exercised under success plus failure.,"Required for existing CLI, Python API, YAML, imports, plugins, DB, events, IDs, checkpoints, or stored data touched by the task.","Receivers can verify authenticity, schema version, event identity, and replay window.; Duplicate delivery is expected and safely identifiable.; Webhook failure never changes lifecycle state or loses durable event history.; SSRF/redirect/rebinding tests demonstrate deployment-policy enforcement.",Documented rollback/forward-fix and retained backup/reconciliation proof for stateful or side-effecting work.,"Exact commands/cwd/exit codes, environment/fixture digests, no unapproved skips, retained reports/artifact hashes, reviewer approval.",CAPABILITY BLOCKING
T22.1.1,E22,P2,Define the subprocess protocol and mediated artifact contract,"Changed files/symbols, reviewed contracts, schema/config/version changes, exact commit and diff.",Protocol codec/golden tests.; Malformed/truncated/fuzz tests.; Environment/fd/secret leakage tests.; Forged identity/grant negative tests.; In-process/subprocess conformance tests.; Large output/input-handle expiry tests.,"Required where the task crosses persistence, filesystem, plugin, process, network, migration, publication, or authority boundaries; see v2.1 test plan.",Structured status/error/event/metric/diagnostic fields named by the task and exercised under success plus failure.,"Required for existing CLI, Python API, YAML, imports, plugins, DB, events, IDs, checkpoints, or stored data touched by the task.",Subprocess cannot receive StateStore credentials or undeclared source/workspace paths through the protocol/environment.; Malformed or forged protocol messages fail the attempt without lifecycle mutation.; Equivalent trusted plugin results normalize identically in in-process and subprocess backends.; Protocol compatibility and capability negotiation are versioned and tested.,Documented rollback/forward-fix and retained backup/reconciliation proof for stateful or side-effecting work.,"Exact commands/cwd/exit codes, environment/fixture digests, no unapproved skips, retained reports/artifact hashes, reviewer approval.",CAPABILITY BLOCKING
T22.1.2,E22,P2,"Implement deterministic process lifecycle, timeout, and tree termination","Changed files/symbols, reviewed contracts, schema/config/version changes, exact commit and diff.",Lifecycle state-machine tests.; Hang/fork/output-flood hostile tests.; Cancel/result race tests.; PID reuse/orphan restart tests.; Resource leak/reaping tests.; Platform-specific conformance tests.,"Required where the task crosses persistence, filesystem, plugin, process, network, migration, publication, or authority boundaries; see v2.1 test plan.",Structured status/error/event/metric/diagnostic fields named by the task and exercised under success plus failure.,"Required for existing CLI, Python API, YAML, imports, plugins, DB, events, IDs, checkpoints, or stored data touched by the task.","Timeout/cancel kills and reaps the entire controlled process tree on supported platforms.; Late or stale results cannot commit after fencing/cancellation.; Unsupported containment controls are explicit in status and release evidence.; No zombie, leaked handle, or unbounded output remains after hostile fixtures.",Documented rollback/forward-fix and retained backup/reconciliation proof for stateful or side-effecting work.,"Exact commands/cwd/exit codes, environment/fixture digests, no unapproved skips, retained reports/artifact hashes, reviewer approval.",CAPABILITY BLOCKING
T22.1.3,E22,P2,"Enforce subprocess resource, network, tool, and secret policy","Changed files/symbols, reviewed contracts, schema/config/version changes, exact commit and diff.",CPU/memory/process/temp/output exhaustion tests.; Network deny/allow tests.; Tool replacement/argument injection tests.; Secret leakage/expiry tests.; Reduced-assurance policy tests.; Platform enforcement matrix verification.,"Required where the task crosses persistence, filesystem, plugin, process, network, migration, publication, or authority boundaries; see v2.1 test plan.",Structured status/error/event/metric/diagnostic fields named by the task and exercised under success plus failure.,"Required for existing CLI, Python API, YAML, imports, plugins, DB, events, IDs, checkpoints, or stored data touched by the task.","Each subprocess attempt records requested, enforced, unavailable, and exceeded controls plus measured usage.; Network/tools/secrets are absent unless explicitly granted by deterministic policy.; Required unavailable controls block untrusted execution rather than silently weakening policy.; Tool and command-injection tests show no shell interpretation of plugin-controlled values.",Documented rollback/forward-fix and retained backup/reconciliation proof for stateful or side-effecting work.,"Exact commands/cwd/exit codes, environment/fixture digests, no unapproved skips, retained reports/artifact hashes, reviewer approval.",CAPABILITY BLOCKING
T22.1.4,E22,P2,Establish hostile-plugin and backend conformance gates,"Changed files/symbols, reviewed contracts, schema/config/version changes, exact commit and diff.",Backend conformance suite.; Hostile corpus integration tests.; Runner resource/cleanup assertions.; Secret/path escape scans.; Skip/exception policy tests.; Repeated/soak hostile-plugin tests.,"Required where the task crosses persistence, filesystem, plugin, process, network, migration, publication, or authority boundaries; see v2.1 test plan.",Structured status/error/event/metric/diagnostic fields named by the task and exercised under success plus failure.,"Required for existing CLI, Python API, YAML, imports, plugins, DB, events, IDs, checkpoints, or stored data touched by the task.",Every supported platform has a current pass/fail/reduced-assurance enforcement matrix.; Hostile fixtures cannot commit lifecycle state or escape mediated inputs under claimed controls.; Cleanup and resource-accounting assertions pass after every failure class.; No unsupported control is marketed as enforced and no mandatory isolation test is silently skipped.,Documented rollback/forward-fix and retained backup/reconciliation proof for stateful or side-effecting work.,"Exact commands/cwd/exit codes, environment/fixture digests, no unapproved skips, retained reports/artifact hashes, reviewer approval.",CAPABILITY BLOCKING
T23.1.1,E23,P2,Define retention classes and implement reference-safe cleanup,"Changed files/symbols, reviewed contracts, schema/config/version changes, exact commit and diff.",Eligibility/reference graph tests.; Symlink/path escape negative tests.; Concurrent hold/reference race tests.; Partial deletion/transaction fault tests.; Large-batch/quota performance tests.; Backup/restore and audit evidence tests.,"Required where the task crosses persistence, filesystem, plugin, process, network, migration, publication, or authority boundaries; see v2.1 test plan.",Structured status/error/event/metric/diagnostic fields named by the task and exercised under success plus failure.,"Required for existing CLI, Python API, YAML, imports, plugins, DB, events, IDs, checkpoints, or stored data touched by the task.","Retention periods and required preserved classes are explicitly resolved and versioned before deletion is enabled.; Dry-run and execution use the same immutable plan or fail on changed preconditions.; No referenced, held, active, or unknown-ownership object is deleted.; Interrupted cleanup is idempotently reconciled with durable per-object evidence.",Documented rollback/forward-fix and retained backup/reconciliation proof for stateful or side-effecting work.,"Exact commands/cwd/exit codes, environment/fixture digests, no unapproved skips, retained reports/artifact hashes, reviewer approval.",CAPABILITY BLOCKING
T23.1.2,E23,P2,Implement the compatibility catalog and deprecation telemetry,"Changed files/symbols, reviewed contracts, schema/config/version changes, exact commit and diff.",Catalog completeness tests.; Translator golden/property tests.; Unknown/newer/downgrade negative tests.; Plugin/protocol negotiation tests.; Deprecation telemetry cardinality tests.; Upgrade/rollback compatibility tests.,"Required where the task crosses persistence, filesystem, plugin, process, network, migration, publication, or authority boundaries; see v2.1 test plan.",Structured status/error/event/metric/diagnostic fields named by the task and exercised under success plus failure.,"Required for existing CLI, Python API, YAML, imports, plugins, DB, events, IDs, checkpoints, or stored data touched by the task.",Every persisted/public contract has one catalog entry and explicit read/write/deprecation policy.; Unsupported or lossy authority-bearing conversions fail closed with actionable status.; Compatibility reports identify affected records/plugins/configurations before upgrade.; Deprecation removal requires evidence that migration and rollback gates passed.,Documented rollback/forward-fix and retained backup/reconciliation proof for stateful or side-effecting work.,"Exact commands/cwd/exit codes, environment/fixture digests, no unapproved skips, retained reports/artifact hashes, reviewer approval.",CAPABILITY BLOCKING
T23.1.3,E23,P2,"Deliver the plugin SDK, fixtures, and contract-validation CLI","Changed files/symbols, reviewed contracts, schema/config/version changes, exact commit and diff.",SDK public-surface tests.; Example plugin end-to-end tests.; Descriptor/runtime mismatch tests.; Static/subprocess validation tests.; Compatibility matrix tests.; Documentation example execution tests.,"Required where the task crosses persistence, filesystem, plugin, process, network, migration, publication, or authority boundaries; see v2.1 test plan.",Structured status/error/event/metric/diagnostic fields named by the task and exercised under success plus failure.,"Required for existing CLI, Python API, YAML, imports, plugins, DB, events, IDs, checkpoints, or stored data touched by the task.","A third party can implement and validate a plugin without importing private runtime/persistence APIs.; Contract CLI reports exact failed section, capability, compatibility, and remediation guidance.; Examples pass the same registry/backend conformance tests as built-ins.; Untrusted validation cannot mutate lifecycle state or access undeclared resources.",Documented rollback/forward-fix and retained backup/reconciliation proof for stateful or side-effecting work.,"Exact commands/cwd/exit codes, environment/fixture digests, no unapproved skips, retained reports/artifact hashes, reviewer approval.",CAPABILITY BLOCKING
T23.1.4,E23,P2,Define the source-provider extension contract and defer unsupported providers,"Changed files/symbols, reviewed contracts, schema/config/version changes, exact commit and diff.",Local provider conformance tests.; Mutation/pagination/duplicate occurrence property tests.; Credential/redirect/size negative tests with synthetic adapters.; Registry determinism/compatibility tests.; Reduced-assurance rejection tests.; Persistence readability after provider removal tests.,"Required where the task crosses persistence, filesystem, plugin, process, network, migration, publication, or authority boundaries; see v2.1 test plan.",Structured status/error/event/metric/diagnostic fields named by the task and exercised under success plus failure.,"Required for existing CLI, Python API, YAML, imports, plugins, DB, events, IDs, checkpoints, or stored data touched by the task.","Local provider passes the contract without changing accepted local semantics.; Any provider lacking stable observation/mutation semantics is rejected or explicitly reduced-assurance, not silently accepted.; Deferred providers are named as non-implemented and have measurable admission criteria.; Provider removal leaves persisted source/intake/occurrence/content records readable.",Documented rollback/forward-fix and retained backup/reconciliation proof for stateful or side-effecting work.,"Exact commands/cwd/exit codes, environment/fixture digests, no unapproved skips, retained reports/artifact hashes, reviewer approval.",CAPABILITY BLOCKING
T24.1.1,E24,P1,Define the supported-platform matrix and mandatory CI policy,"Changed files/symbols, reviewed contracts, schema/config/version changes, exact commit and diff.",Workflow syntax/policy tests.; Matrix expansion tests.; Skip-expiry/approval tests.; Pinned-action and permission checks.; Secret/dependency/license scan test fixtures.; Clean-run reproducibility checks.,"Required where the task crosses persistence, filesystem, plugin, process, network, migration, publication, or authority boundaries; see v2.1 test plan.",Structured status/error/event/metric/diagnostic fields named by the task and exercised under success plus failure.,"Required for existing CLI, Python API, YAML, imports, plugins, DB, events, IDs, checkpoints, or stored data touched by the task.",Supported and reduced-assurance platforms are explicitly resolved and versioned.; Every mandatory job blocks release and unapproved skips fail policy.; CI reports what is not covered and does not use blanket production-ready claims.; Clean reruns preserve deterministic configuration and evidence metadata.,Documented rollback/forward-fix and retained backup/reconciliation proof for stateful or side-effecting work.,"Exact commands/cwd/exit codes, environment/fixture digests, no unapproved skips, retained reports/artifact hashes, reviewer approval.",RELEASE BLOCKING
T24.1.2,E24,P1,"Add state-machine, migration, crash, adversarial, compatibility, and fuzz gates","Changed files/symbols, reviewed contracts, schema/config/version changes, exact commit and diff.",CI self-tests and marker selection tests.; Fault/crash/replay suite integration.; Fuzz harness smoke and corpus regression tests.; Fixture provenance/secret scans.; Resource-bound/quarantine tests.; Coverage mapping validation.,"Required where the task crosses persistence, filesystem, plugin, process, network, migration, publication, or authority boundaries; see v2.1 test plan.",Structured status/error/event/metric/diagnostic fields named by the task and exercised under success plus failure.,"Required for existing CLI, Python API, YAML, imports, plugins, DB, events, IDs, checkpoints, or stored data touched by the task.","Each major lifecycle/safety/recovery contract has an assigned mandatory test family and CI job.; Regression fixtures are deterministic, licensed/provenanced, bounded, and sanitized.; No unapproved skip or flaky quarantine permits release.; Failures produce actionable minimized evidence without leaking sensitive input.",Documented rollback/forward-fix and retained backup/reconciliation proof for stateful or side-effecting work.,"Exact commands/cwd/exit codes, environment/fixture digests, no unapproved skips, retained reports/artifact hashes, reviewer approval.",RELEASE BLOCKING
T24.1.3,E24,P1,"Produce reproducible packages, SBOMs, provenance, and integrity manifests","Changed files/symbols, reviewed contracts, schema/config/version changes, exact commit and diff.",Build twice/hash comparison tests.; Clean install/entry-point smoke tests.; Package-content allowlist tests.; SBOM/license/advisory validation.; Secret scan tests.; Protected release dry-run and rollback artifact tests.,"Required where the task crosses persistence, filesystem, plugin, process, network, migration, publication, or authority boundaries; see v2.1 test plan.",Structured status/error/event/metric/diagnostic fields named by the task and exercised under success plus failure.,"Required for existing CLI, Python API, YAML, imports, plugins, DB, events, IDs, checkpoints, or stored data touched by the task.","Clean wheel/sdist install and smoke tests pass with recorded tool/dependency versions.; Release bundle includes hashes, SBOM, license, provenance, security/dependency report, and coverage limitations.; Reproducibility comparison is automated and any variance is documented and bounded.; Publishing cannot proceed if integrity/provenance or mandatory tests fail.",Documented rollback/forward-fix and retained backup/reconciliation proof for stateful or side-effecting work.,"Exact commands/cwd/exit codes, environment/fixture digests, no unapproved skips, retained reports/artifact hashes, reviewer approval.",RELEASE BLOCKING
T24.1.4,E24,P1,"Build representative benchmarks, soak tests, and release rollback evidence","Changed files/symbols, reviewed contracts, schema/config/version changes, exact commit and diff.",Benchmark determinism/schema tests.; Representative workload smoke/regression tests.; Soak/leak/backlog tests.; Semantic equivalence during optimization tests.; Backup/restore/rollback drill tests.; Release evidence manifest/hash verification.,"Required where the task crosses persistence, filesystem, plugin, process, network, migration, publication, or authority boundaries; see v2.1 test plan.",Structured status/error/event/metric/diagnostic fields named by the task and exercised under success plus failure.,"Required for existing CLI, Python API, YAML, imports, plugins, DB, events, IDs, checkpoints, or stored data touched by the task.","Every performance claim names workload, environment, metric, raw evidence, and confidence/limitation.; Semantic and integrity tests run alongside benchmark optimizations.; Release bundle contains mandatory test reports, benchmark raw data, migration/restore/rollback evidence, hashes, and operator notes.; A failed mandatory gate or rollback drill blocks release.",Documented rollback/forward-fix and retained backup/reconciliation proof for stateful or side-effecting work.,"Exact commands/cwd/exit codes, environment/fixture digests, no unapproved skips, retained reports/artifact hashes, reviewer approval.",RELEASE BLOCKING
T25.1.1,E25,P3,Define and approve quantitative scale-adapter trigger evidence,"Changed files/symbols, reviewed contracts, schema/config/version changes, exact commit and diff.",Benchmark repeatability tests.; Bottleneck attribution experiments.; Semantic equivalence checks under local optimizations.; Decision-record completeness validation.; Secret/provenance scans.; Independent review/reproduction.,"Required where the task crosses persistence, filesystem, plugin, process, network, migration, publication, or authority boundaries; see v2.1 test plan.",Structured status/error/event/metric/diagnostic fields named by the task and exercised under success plus failure.,"Required for existing CLI, Python API, YAML, imports, plugins, DB, events, IDs, checkpoints, or stored data touched by the task.","Trigger criteria, measurement procedure, and decision authority are resolved and versioned.; Raw evidence demonstrates a specific local limitation and the proposed adapter addresses it.; Simpler local optimizations are tested or explicitly rejected with evidence.; A no-go result keeps adapter tasks deferred without being treated as failure.",Documented rollback/forward-fix and retained backup/reconciliation proof for stateful or side-effecting work.,"Exact commands/cwd/exit codes, environment/fixture digests, no unapproved skips, retained reports/artifact hashes, reviewer approval.",OPTIONAL / ADOPTION GATED
T25.1.2,E25,P3,Finalize backend conformance and one-authority migration contracts,"Changed files/symbols, reviewed contracts, schema/config/version changes, exact commit and diff.",Reference-backend conformance tests.; Authority-marker/split-brain negative tests.; Partial copy/write-race fault tests.; Consistency/order/transaction tests.; Verification manifest tests.; Rollback cutoff compatibility tests.,"Required where the task crosses persistence, filesystem, plugin, process, network, migration, publication, or authority boundaries; see v2.1 test plan.",Structured status/error/event/metric/diagnostic fields named by the task and exercised under success plus failure.,"Required for existing CLI, Python API, YAML, imports, plugins, DB, events, IDs, checkpoints, or stored data touched by the task.",Conformance suites are backend-neutral and pass for SQLite/local content before alternate implementation.; Migration protocol makes writable authority explicit and prevents dual writers.; Verification manifest covers all authority-bearing rows/blobs and lineage.; Rollback feasibility and cutoff are explicit before cutover.,Documented rollback/forward-fix and retained backup/reconciliation proof for stateful or side-effecting work.,"Exact commands/cwd/exit codes, environment/fixture digests, no unapproved skips, retained reports/artifact hashes, reviewer approval.",OPTIONAL / ADOPTION GATED
T25.1.3,E25,P3,Implement and validate the optional PostgreSQL StateStore,"Changed files/symbols, reviewed contracts, schema/config/version changes, exact commit and diff.",StateStore conformance suite.; Network/failover/deadlock fault tests.; Pool/contention/load tests.; Migration/cutover/rollback tests.; SQL injection/credential-redaction tests.; SQLite/PostgreSQL semantic differential tests.,"Required where the task crosses persistence, filesystem, plugin, process, network, migration, publication, or authority boundaries; see v2.1 test plan.",Structured status/error/event/metric/diagnostic fields named by the task and exercised under success plus failure.,"Required for existing CLI, Python API, YAML, imports, plugins, DB, events, IDs, checkpoints, or stored data touched by the task.","PostgreSQL passes the same StateStore, state-machine, crash, event, claim, idempotency, migration, and status tests as SQLite.; Cutover/rollback drill preserves counts, identities, constraints, sequence, event order, and hashes.; One writable backend authority is enforced at startup and during migration.; Measured workload shows the approved benefit without changing lifecycle semantics.",Documented rollback/forward-fix and retained backup/reconciliation proof for stateful or side-effecting work.,"Exact commands/cwd/exit codes, environment/fixture digests, no unapproved skips, retained reports/artifact hashes, reviewer approval.",OPTIONAL / ADOPTION GATED
T25.1.4,E25,P3,Implement and validate the optional object-backed ContentStore,"Changed files/symbols, reviewed contracts, schema/config/version changes, exact commit and diff.",ContentStore conformance suite.; Timeout/unknown upload/reconciliation tests.; Consistency visibility tests.; Wrong-byte/key/prefix injection negative tests.; Migration/resume/cutover/rollback tests.; Credential/URL redaction and least-privilege tests.,"Required where the task crosses persistence, filesystem, plugin, process, network, migration, publication, or authority boundaries; see v2.1 test plan.",Structured status/error/event/metric/diagnostic fields named by the task and exercised under success plus failure.,"Required for existing CLI, Python API, YAML, imports, plugins, DB, events, IDs, checkpoints, or stored data touched by the task.","Object backend passes immutable ContentStore, integrity, reference, retention, recovery, and replay tests.; No-replace commit and byte verification prevent canonical-key corruption.; Migration/cutover/rollback preserves all referenced content hashes and one writable authority.; Approved workload demonstrates benefit and provider consistency limitations are explicit.",Documented rollback/forward-fix and retained backup/reconciliation proof for stateful or side-effecting work.,"Exact commands/cwd/exit codes, environment/fixture digests, no unapproved skips, retained reports/artifact hashes, reviewer approval.",OPTIONAL / ADOPTION GATED
T26.1.1,E26,P3,Define the authenticated remote worker protocol and compatibility handshake,"Changed files/symbols, reviewed contracts, schema/config/version changes, exact commit and diff.",Protocol codec/golden/fuzz tests.; Compatibility negotiation tests.; Identity/forgery/replay negative tests.; Lease/heartbeat/clock tests.; Local/remote contract differential tests.; Credential scope/revocation tests.,"Required where the task crosses persistence, filesystem, plugin, process, network, migration, publication, or authority boundaries; see v2.1 test plan.",Structured status/error/event/metric/diagnostic fields named by the task and exercised under success plus failure.,"Required for existing CLI, Python API, YAML, imports, plugins, DB, events, IDs, checkpoints, or stored data touched by the task.",Protocol is versioned and compatibility failure is explicit before work starts.; Worker cannot mutate lifecycle state or access undeclared artifacts.; Stale/duplicate/forged results are rejected deterministically and retained as evidence.; Local and remote backends share WorkSpec/result conformance semantics.,Documented rollback/forward-fix and retained backup/reconciliation proof for stateful or side-effecting work.,"Exact commands/cwd/exit codes, environment/fixture digests, no unapproved skips, retained reports/artifact hashes, reviewer approval.",OPTIONAL / ADOPTION GATED
T26.1.2,E26,P3,Implement the least-privileged remote worker service,"Changed files/symbols, reviewed contracts, schema/config/version changes, exact commit and diff.",Worker service lifecycle tests.; Scoped artifact token/expiry tests.; Transfer corruption/interruption tests.; Lease-loss/cancel/drain tests.; Cache integrity/retention tests.; Identity revocation/compromise tabletop tests.,"Required where the task crosses persistence, filesystem, plugin, process, network, migration, publication, or authority boundaries; see v2.1 test plan.",Structured status/error/event/metric/diagnostic fields named by the task and exercised under success plus failure.,"Required for existing CLI, Python API, YAML, imports, plugins, DB, events, IDs, checkpoints, or stored data touched by the task.",Worker completes only authenticated assigned WorkSpecs and cannot write lifecycle authority.; All input/output bytes are hash-verified and scoped to the attempt.; Lease loss/cancel/drain leads to deterministic backend stop/result handling.; Compromise/revocation can fence the worker and preserve investigation evidence.,Documented rollback/forward-fix and retained backup/reconciliation proof for stateful or side-effecting work.,"Exact commands/cwd/exit codes, environment/fixture digests, no unapproved skips, retained reports/artifact hashes, reviewer approval.",OPTIONAL / ADOPTION GATED
T26.1.3,E26,P3,"Implement remote scheduling, result verification, cancellation, and fallback policy","Changed files/symbols, reviewed contracts, schema/config/version changes, exact commit and diff.",Scheduling determinism/compatibility tests.; Partition/duplicate/stale result tests.; Cancel-loss/successor race tests.; Malicious capacity/capability negative tests.; Local/remote semantic differential tests.; High-volume assignment/backpressure tests.,"Required where the task crosses persistence, filesystem, plugin, process, network, migration, publication, or authority boundaries; see v2.1 test plan.",Structured status/error/event/metric/diagnostic fields named by the task and exercised under success plus failure.,"Required for existing CLI, Python API, YAML, imports, plugins, DB, events, IDs, checkpoints, or stored data touched by the task.","One valid fenced result can commit for each work attempt.; Worker loss maps to deterministic wait/retry/reconcile/block behavior from operation semantics.; Fallback/reassignment is disabled for unsafe/unknown side effects and never weakens policy.; Remote execution preserves the same phase barriers, persistence, events, lineage, and status as local execution.",Documented rollback/forward-fix and retained backup/reconciliation proof for stateful or side-effecting work.,"Exact commands/cwd/exit codes, environment/fixture digests, no unapproved skips, retained reports/artifact hashes, reviewer approval.",OPTIONAL / ADOPTION GATED
T26.1.4,E26,P3,"Gate distributed execution with chaos, security, load, and operational evidence","Changed files/symbols, reviewed contracts, schema/config/version changes, exact commit and diff.",Network chaos/fault tests.; Malicious worker security tests.; Mixed-version/upgrade tests.; Load/soak/transfer benchmarks.; Canary/drain/rollback drills.; Evidence manifest and independent review.,"Required where the task crosses persistence, filesystem, plugin, process, network, migration, publication, or authority boundaries; see v2.1 test plan.",Structured status/error/event/metric/diagnostic fields named by the task and exercised under success plus failure.,"Required for existing CLI, Python API, YAML, imports, plugins, DB, events, IDs, checkpoints, or stored data touched by the task.",Remote backend passes all local backend/state/recovery/lineage conformance suites.; Chaos matrix demonstrates stale fencing and no duplicate authoritative effects.; Benchmark and operations evidence justify distributed complexity for a defined workload.; Drain/rollback/revocation drill handles in-flight work without alternate authority.,Documented rollback/forward-fix and retained backup/reconciliation proof for stateful or side-effecting work.,"Exact commands/cwd/exit codes, environment/fixture digests, no unapproved skips, retained reports/artifact hashes, reviewer approval.",OPTIONAL / ADOPTION GATED
T27.1.1,E27,P3,Expose read-only and proposal-only MCP resources and tools,"Changed files/symbols, reviewed contracts, schema/config/version changes, exact commit and diff.",Tool/resource schema tests.; Prompt-injection and confused-deputy negative tests.; Hallucinated/stale ID tests.; Output encoding/redaction/size tests.; Model outage/timeout tests.; Core-without-MCP conformance tests.,"Required where the task crosses persistence, filesystem, plugin, process, network, migration, publication, or authority boundaries; see v2.1 test plan.",Structured status/error/event/metric/diagnostic fields named by the task and exercised under success plus failure.,"Required for existing CLI, Python API, YAML, imports, plugins, DB, events, IDs, checkpoints, or stored data touched by the task.","MCP read/proposal tools cannot mutate lifecycle state, safety records, evidence authority, decisions, or publications.; Every proposal is visibly non-authoritative and provenance-versioned.; Hostile artifact text cannot create an unrequested tool call or expand capabilities.; Removing/disabling MCP leaves core semantics and data readable.",Documented rollback/forward-fix and retained backup/reconciliation proof for stateful or side-effecting work.,"Exact commands/cwd/exit codes, environment/fixture digests, no unapproved skips, retained reports/artifact hashes, reviewer approval.",OPTIONAL / ADOPTION GATED
T27.1.2,E27,P3,Route consequential MCP actions through deterministic command and review gates,"Changed files/symbols, reviewed contracts, schema/config/version changes, exact commit and diff.",Authority-path integration tests.; Stored/indirect prompt-injection tests.; Replay/stale/confirmation race tests.; Cross-job/tenant confused-deputy tests.; Revocation/rate/cost-limit tests.; AI final-authority negative tests.,"Required where the task crosses persistence, filesystem, plugin, process, network, migration, publication, or authority boundaries; see v2.1 test plan.",Structured status/error/event/metric/diagnostic fields named by the task and exercised under success plus failure.,"Required for existing CLI, Python API, YAML, imports, plugins, DB, events, IDs, checkpoints, or stored data touched by the task.","No MCP command bypasses CommandService, lifecycle guards, review policy, publication checks, or expected-version/idempotency.; Prompt-injected artifact text cannot authorize or alter a tool action.; AI-only output cannot create an approved PromotionDecision.; Replay, stale state, revoked session, and changed confirmation return deterministic non-success outcomes.",Documented rollback/forward-fix and retained backup/reconciliation proof for stateful or side-effecting work.,"Exact commands/cwd/exit codes, environment/fixture digests, no unapproved skips, retained reports/artifact hashes, reviewer approval.",OPTIONAL / ADOPTION GATED
T27.1.3,E27,P3,Build an operator UI that preserves authority and uncertainty distinctions,"Changed files/symbols, reviewed contracts, schema/config/version changes, exact commit and diff.",Authority-label golden tests.; XSS/URL/content rendering tests.; Stale/replay command E2E tests.; Accessibility automated/manual checks.; Large-job pagination/performance tests.; API mismatch/partial outage tests.,"Required where the task crosses persistence, filesystem, plugin, process, network, migration, publication, or authority boundaries; see v2.1 test plan.",Structured status/error/event/metric/diagnostic fields named by the task and exercised under success plus failure.,"Required for existing CLI, Python API, YAML, imports, plugins, DB, events, IDs, checkpoints, or stored data touched by the task.","UI never labels a finding/proposal as evidence, a request as decision, or an attempt as verified publication.; All commands traverse canonical APIs and reject stale/replayed input.; Hostile rendered content cannot execute or create unauthorized navigation/actions.; Accessibility, large-job performance, partial outage, and compatibility behavior are tested.",Documented rollback/forward-fix and retained backup/reconciliation proof for stateful or side-effecting work.,"Exact commands/cwd/exit codes, environment/fixture digests, no unapproved skips, retained reports/artifact hashes, reviewer approval.",OPTIONAL / ADOPTION GATED
T27.1.4,E27,P3,"Resolve tenant, authentication, authorization, and deployment-governance scope","Changed files/symbols, reviewed contracts, schema/config/version changes, exact commit and diff.",Threat-model and requirement review.; Local no-adapter behavior tests.; Selected auth/policy adapter conformance tests.; Cross-scope/tenant negative tests if applicable.; Revocation/outage/stale-policy tests.; Migration/rollback decision drill.,"Required where the task crosses persistence, filesystem, plugin, process, network, migration, publication, or authority boundaries; see v2.1 test plan.",Structured status/error/event/metric/diagnostic fields named by the task and exercised under success plus failure.,"Required for existing CLI, Python API, YAML, imports, plugins, DB, events, IDs, checkpoints, or stored data touched by the task.","Deployment identity/tenancy requirements, non-goals, and decision authority are evidenced and approved.; Selected adapters preserve core semantics and local mode remains safe and documented.; If multi-tenancy is required, isolation is modeled across state, content, events, caches, workers, diagnostics, and publications before implementation.; Auth/policy outage, revocation, and rollback behavior are deterministic and tested.",Documented rollback/forward-fix and retained backup/reconciliation proof for stateful or side-effecting work.,"Exact commands/cwd/exit codes, environment/fixture digests, no unapproved skips, retained reports/artifact hashes, reviewer approval.",OPTIONAL / ADOPTION GATED
T28.1.1,E28,P1,Build the hermetic test-laboratory controller and environment manifest,"Changed files/symbols, reviewed contracts, schema/config/version changes, exact commit and diff.","Environment-schema validation and compatibility tests.; Dry-run determinism and lane-selection property tests.; Path containment, symlink, mount, and concurrent-lock negative tests.; Partial-provision and controller-crash cleanup tests.; Synthetic-secret redaction and evidence-integrity tests.; Local/CI adapter conformance tests.; One approved native-lane smoke run after T24.1.1 resolves support.","Required where the task crosses persistence, filesystem, plugin, process, network, migration, publication, or authority boundaries; see v2.1 test plan.",Structured status/error/event/metric/diagnostic fields named by the task and exercised under success plus failure.,"Required for existing CLI, Python API, YAML, imports, plugins, DB, events, IDs, checkpoints, or stored data touched by the task.","Two unchanged plans and runs produce byte-identical normalized manifests and the same lane/test selection.; Every result resolves to repository ref, environment digest, fixture digest, exact command, exit status, and artifact hashes.; Missing controls, path escape, symlink roots, lock conflicts, and cleanup leaks fail closed with typed diagnostics.; No production runtime module imports the laboratory controller or lane definitions.",Documented rollback/forward-fix and retained backup/reconciliation proof for stateful or side-effecting work.,"Exact commands/cwd/exit codes, environment/fixture digests, no unapproved skips, retained reports/artifact hashes, reviewer approval.",RELEASE BLOCKING
T28.1.2,E28,P1,"Emulate Linux filesystem, storage, and kernel-control variants","Changed files/symbols, reviewed contracts, schema/config/version changes, exact commit and diff.","Capability-probe unit tests.; Symlink, hard-link, bind-mount, root-replacement, inode-reuse, and special-file tests.; Atomic rename/no-replace/fsync crash tests.; Low-byte, low-inode, read-only, cross-device, and permission-failure tests.; cgroup CPU/memory/PID and process-tree termination tests.; Overlay/tmpfs/native differential tests.; Teardown and evidence-integrity tests.","Required where the task crosses persistence, filesystem, plugin, process, network, migration, publication, or authority boundaries; see v2.1 test plan.",Structured status/error/event/metric/diagnostic fields named by the task and exercised under success plus failure.,"Required for existing CLI, Python API, YAML, imports, plugins, DB, events, IDs, checkpoints, or stored data touched by the task.","Every approved lane emits a capability/assurance matrix tied to exact kernel, filesystem, mount, and runner facts.; Source access, workspace, extraction, content-store, SQLite, resource-control, and cleanup contracts pass in supported lanes.; Unsupported or emulated controls remain visible and cannot satisfy native release gates.; Privileged lanes leave no mount, process, elevated file, or source-tree modification.",Documented rollback/forward-fix and retained backup/reconciliation proof for stateful or side-effecting work.,"Exact commands/cwd/exit codes, environment/fixture digests, no unapproved skips, retained reports/artifact hashes, reviewer approval.",RELEASE BLOCKING
T28.1.3,E28,P1,Emulate Windows and macOS path and process semantics,"Changed files/symbols, reviewed contracts, schema/config/version changes, exact commit and diff.","Canonical path-vector unit/property tests.; Native junction/reparse/symlink/root-swap tests.; Case-folding and Unicode-normalization collision tests.; UNC/long-path/reserved-name/ADS negative tests.; File-sharing, locking, rename, temp-permission, and cleanup tests.; Job Object/process-group timeout and descendant termination tests.; Cross-platform normalized-result differential tests.","Required where the task crosses persistence, filesystem, plugin, process, network, migration, publication, or authority boundaries; see v2.1 test plan.",Structured status/error/event/metric/diagnostic fields named by the task and exercised under success plus failure.,"Required for existing CLI, Python API, YAML, imports, plugins, DB, events, IDs, checkpoints, or stored data touched by the task.","Every claimed control has native evidence bound to exact OS, filesystem mode, privilege state, and probes.; Path corpus, mutation, extraction, workspace, SQLite locking, and process cleanup preserve expected lifecycle outcomes.; Reserved/device/ADS/reparse/Unicode/case-collision inputs fail with stable reasons and no out-of-root effect.; Reduced-assurance controls are observable and cannot satisfy stronger support claims.",Documented rollback/forward-fix and retained backup/reconciliation proof for stateful or side-effecting work.,"Exact commands/cwd/exit codes, environment/fixture digests, no unapproved skips, retained reports/artifact hashes, reviewer approval.",RELEASE BLOCKING
T28.1.4,E28,P1,"Build isolated process, container, and resource-control test lanes","Changed files/symbols, reviewed contracts, schema/config/version changes, exact commit and diff.",Capability-probe and policy-decision tests.; Benign backend semantic conformance tests.; Filesystem/network/environment/secret negative tests.; CPU/memory/PID/file/output/time exhaustion tests.; Process-group escape and descendant-survival tests.; Controller/runner crash reconciliation tests.; Cross-platform reduced-assurance policy tests.,"Required where the task crosses persistence, filesystem, plugin, process, network, migration, publication, or authority boundaries; see v2.1 test plan.",Structured status/error/event/metric/diagnostic fields named by the task and exercised under success plus failure.,"Required for existing CLI, Python API, YAML, imports, plugins, DB, events, IDs, checkpoints, or stored data touched by the task.","Every backend publishes an enforced/detected/advisory/unsupported control matrix and passes valid-result conformance.; Hostile fixtures cannot reach undeclared files, secrets, networks, tools, StateStore, or surviving process authority under claimed controls.; Timeout/resource/protocol/controller failures produce deterministic results and external cleanup evidence.; Policy refuses unsupported plugin/backend combinations instead of downgrading silently.",Documented rollback/forward-fix and retained backup/reconciliation proof for stateful or side-effecting work.,"Exact commands/cwd/exit codes, environment/fixture digests, no unapproved skips, retained reports/artifact hashes, reviewer approval.",RELEASE BLOCKING
T28.1.5,E28,P1,Build deterministic dependency-service and transport emulators,"Changed files/symbols, reviewed contracts, schema/config/version changes, exact commit and diff.","Scenario parser and deterministic sequencing tests.; Double/native differential tests.; Outage, delay, reset, restart, duplicate, reorder, poison, and DLQ tests.; Malformed-response and event-injection tests.; Ambiguous-effect reconciliation tests.; Credential redaction and network-containment tests.; Teardown and volume-cleanup tests.","Required where the task crosses persistence, filesystem, plugin, process, network, migration, publication, or authority boundaries; see v2.1 test plan.",Structured status/error/event/metric/diagnostic fields named by the task and exercised under success plus failure.,"Required for existing CLI, Python API, YAML, imports, plugins, DB, events, IDs, checkpoints, or stored data touched by the task.","Every supported adapter has deterministic-double tests and a pinned native integration lane before support is claimed.; Outage, timeout, duplicate, reorder, poison, malformed, and ambiguous scenarios produce specified retry/reconciliation evidence.; No emulator or service can mutate lifecycle state except through canonical contracts.; Services, credentials, ports, networks, and volumes are per-run, bounded, and verifiably removed.",Documented rollback/forward-fix and retained backup/reconciliation proof for stateful or side-effecting work.,"Exact commands/cwd/exit codes, environment/fixture digests, no unapproved skips, retained reports/artifact hashes, reviewer approval.",RELEASE BLOCKING
T28.1.6,E28,P1,"Implement deterministic time, disk, memory, network, and crash fault injection","Changed files/symbols, reviewed contracts, schema/config/version changes, exact commit and diff.","Hook enable/disable and production-inaccessibility tests.; Scenario parser, barrier, seed, and repeatability tests.; Clock/deadline/lease tests.; Disk/inode/permission/SQLite lock tests.; Memory/PID/output/time-limit tests.; Network partition/reset/delay tests.; SIGTERM/SIGKILL/controller-loss recovery tests.","Required where the task crosses persistence, filesystem, plugin, process, network, migration, publication, or authority boundaries; see v2.1 test plan.",Structured status/error/event/metric/diagnostic fields named by the task and exercised under success plus failure.,"Required for existing CLI, Python API, YAML, imports, plugins, DB, events, IDs, checkpoints, or stored data touched by the task.","Critical transaction and side-effect boundaries have named fault points or explicit host-fault rationale.; Three repeated critical runs produce equivalent normalized durable state and recovery decisions.; Fault hooks cannot be armed through production configuration, APIs, plugins, or release artifacts.; Resource/crash scenarios remain bounded and verify cleanup externally.",Documented rollback/forward-fix and retained backup/reconciliation proof for stateful or side-effecting work.,"Exact commands/cwd/exit codes, environment/fixture digests, no unapproved skips, retained reports/artifact hashes, reviewer approval.",RELEASE BLOCKING
T29.1.1,E29,P1,Create the adversarial filesystem and source-mutation corpus,"Changed files/symbols, reviewed contracts, schema/config/version changes, exact commit and diff.",Fixture-schema and provenance validation tests.; Generator determinism and bound-enforcement tests.; Symlink/hard-link/junction/mount/special-file adversarial tests.; Case/Unicode/long/reserved-name platform tests.; Barrier-driven mutation and occurrence/content-identity tests.; Large-tree progress/checkpoint/resource tests.; Cleanup and secret/path-leak scans.,"Required where the task crosses persistence, filesystem, plugin, process, network, migration, publication, or authority boundaries; see v2.1 test plan.",Structured status/error/event/metric/diagnostic fields named by the task and exercised under success plus failure.,"Required for existing CLI, Python API, YAML, imports, plugins, DB, events, IDs, checkpoints, or stored data touched by the task.","Every fixture validates against the schema and records generator, seed, bounds, native requirements, exact oracle, and provenance.; All static cases remain small; all scale cases are reproducibly generated and deleted.; Source mutations either produce verified exact-byte identity or a stable blocked/stale outcome—never silent acceptance of changed bytes.; No corpus case reads or writes outside the lab root, leaves mounts/processes behind, or contains uncontrolled sensitive data.",Documented rollback/forward-fix and retained backup/reconciliation proof for stateful or side-effecting work.,"Exact commands/cwd/exit codes, environment/fixture digests, no unapproved skips, retained reports/artifact hashes, reviewer approval.",RELEASE BLOCKING
T29.1.2,E29,P1,Create the recursive archive and container-abuse corpus,"Changed files/symbols, reviewed contracts, schema/config/version changes, exact commit and diff.","Fixture-schema and generator-bound tests.; ZIP/TAR traversal and absolute-path tests.; Link/device/FIFO/special-member tests.; Malformed/truncated/duplicate/collision parser tests.; Nested depth/member/ratio/byte/time budget tests.; Stale-report and exact-allowlist binding tests.; Partial extraction, disk-full, crash, cleanup, and lineage tests.","Required where the task crosses persistence, filesystem, plugin, process, network, migration, publication, or authority boundaries; see v2.1 test plan.",Structured status/error/event/metric/diagnostic fields named by the task and exercised under success plus failure.,"Required for existing CLI, Python API, YAML, imports, plugins, DB, events, IDs, checkpoints, or stored data touched by the task.","Every case has exact structural, budget, policy, and materialization oracles and remains within safe generator limits.; Traversal, links, devices, collisions, malformed metadata, and cumulative budget violations produce stable blocked results before unsafe output.; Successful materialization matches the exact structural report and persists complete output/derivation manifests.; Interrupted extraction leaves no trusted partial output and is deterministically reconcilable.",Documented rollback/forward-fix and retained backup/reconciliation proof for stateful or side-effecting work.,"Exact commands/cwd/exit codes, environment/fixture digests, no unapproved skips, retained reports/artifact hashes, reviewer approval.",RELEASE BLOCKING
T29.1.3,E29,P1,"Create the hostile plugin, analyzer, and backend corpus","Changed files/symbols, reviewed contracts, schema/config/version changes, exact commit and diff.",Descriptor/schema/version compatibility tests.; Capability request/grant/denial tests.; Crash/hang/cancel/timeout/descendant tests.; Output/protocol/result forgery and size-limit tests.; Filesystem/network/environment/secret/tool access tests.; Backend semantic differential and resource-accounting tests.; External cleanup and runner-quarantine tests.,"Required where the task crosses persistence, filesystem, plugin, process, network, migration, publication, or authority boundaries; see v2.1 test plan.",Structured status/error/event/metric/diagnostic fields named by the task and exercised under success plus failure.,"Required for existing CLI, Python API, YAML, imports, plugins, DB, events, IDs, checkpoints, or stored data touched by the task.","Every plugin threat and failure class has an inert bounded fixture, declared capabilities, exact expected result, and cleanup oracle.; Hostile plugins cannot access undeclared resources, forge authoritative identity, or leave surviving authority under claimed controls.; Benign plugins produce semantically equivalent normalized results across supported backends.; Unsupported enforcement causes policy denial or explicit reduced assurance, never silent unrestricted execution.",Documented rollback/forward-fix and retained backup/reconciliation proof for stateful or side-effecting work.,"Exact commands/cwd/exit codes, environment/fixture digests, no unapproved skips, retained reports/artifact hashes, reviewer approval.",RELEASE BLOCKING
T29.1.4,E29,P1,"Create the persistence, event, control, and concurrency scenario corpus","Changed files/symbols, reviewed contracts, schema/config/version changes, exact commit and diff.","Scenario-schema and schedule-determinism tests.; Transition/control race and idempotency tests.; Lease/fence/stale-result tests.; Checkpoint/retry/restart tests.; Outbox duplicate/reorder/poison/backpressure tests.; SQLite contention/migration/clock-skew tests.; Trace normalization, minimization, and diagnostic-sanitization tests.","Required where the task crosses persistence, filesystem, plugin, process, network, migration, publication, or authority boundaries; see v2.1 test plan.",Structured status/error/event/metric/diagnostic fields named by the task and exercised under success plus failure.,"Required for existing CLI, Python API, YAML, imports, plugins, DB, events, IDs, checkpoints, or stored data touched by the task.","Every scenario validates against the schema and names legal outcomes, forbidden states, and exact durable evidence.; Repeated schedules never produce invalid transition, stale authority commit, missing state event, or duplicate authoritative effect.; Transport duplicates/reordering do not alter authoritative state and are visible through delivery evidence.; Failures yield deterministic reconciliation or blocked operator action rather than guessed success.",Documented rollback/forward-fix and retained backup/reconciliation proof for stateful or side-effecting work.,"Exact commands/cwd/exit codes, environment/fixture digests, no unapproved skips, retained reports/artifact hashes, reviewer approval.",RELEASE BLOCKING
T29.1.5,E29,P1,"Build cross-platform contract, differential, and semantic-equivalence runners","Changed files/symbols, reviewed contracts, schema/config/version changes, exact commit and diff.",Contract-suite self-tests and negative reference implementations.; Normalization schema and forbidden-field-drop tests.; Reference/candidate normal-operation differentials.; Fault/replay/cancellation/migration differentials.; Cross-platform error-taxonomy tests.; Version/translator compatibility tests.; Evidence-manifest and skip/exception policy tests.,"Required where the task crosses persistence, filesystem, plugin, process, network, migration, publication, or authority boundaries; see v2.1 test plan.",Structured status/error/event/metric/diagnostic fields named by the task and exercised under success plus failure.,"Required for existing CLI, Python API, YAML, imports, plugins, DB, events, IDs, checkpoints, or stored data touched by the task.","Every advertised adapter/backend/plugin/platform implementation has a versioned contract result and exact environment/fixture binding.; Normalization preserves all authoritative fields and flags every unapproved semantic difference.; Normal, fault, replay, migration, cancellation, and resource cases pass before conformance is claimed.; Unsupported implementations are blocked or labeled reduced-assurance and cannot enter stronger release matrices.",Documented rollback/forward-fix and retained backup/reconciliation proof for stateful or side-effecting work.,"Exact commands/cwd/exit codes, environment/fixture digests, no unapproved skips, retained reports/artifact hashes, reviewer approval.",RELEASE BLOCKING
T29.1.6,E29,P1,"Add mutation, property, fuzz, metamorphic, and corpus-triage automation","Changed files/symbols, reviewed contracts, schema/config/version changes, exact commit and diff.",Property-oracle and deliberate-mutant tests.; Fuzz harness smoke and seed-replay tests.; Limit/timeout/OOM/output containment tests.; Metamorphic relation positive/negative tests.; Minimization and cross-environment reproduction tests.; Secret/path/license/provenance scans.; Corpus deduplication and regression-promotion tests.,"Required where the task crosses persistence, filesystem, plugin, process, network, migration, publication, or authority boundaries; see v2.1 test plan.",Structured status/error/event/metric/diagnostic fields named by the task and exercised under success plus failure.,"Required for existing CLI, Python API, YAML, imports, plugins, DB, events, IDs, checkpoints, or stored data touched by the task.","Each critical parser/state boundary has a bounded property, fuzz, or metamorphic harness with explicit oracle and limits.; All failures retain seed/input/environment/command and minimize to a reproducible sanitized regression or are labeled non-reproducible with evidence.; No fuzz lane can reach production resources or exceed outer quotas.; Regression corpora remain licensed/provenanced, secret-free, deduplicated, and versioned.",Documented rollback/forward-fix and retained backup/reconciliation proof for stateful or side-effecting work.,"Exact commands/cwd/exit codes, environment/fixture digests, no unapproved skips, retained reports/artifact hashes, reviewer approval.",RELEASE BLOCKING
T30.1.1,E30,P2,"Model-check lifecycle, lease, fencing, and recovery invariants","Changed files/symbols, reviewed contracts, schema/config/version changes, exact commit and diff.",Model syntax/type and invariant self-tests.; Deliberately broken model tests that must produce counterexamples.; State-space bound and timeout tests.; Counterexample export/minimization tests.; Executable trace-replay tests.; Schema/state-version drift tests.; Deterministic result-manifest tests.,"Required where the task crosses persistence, filesystem, plugin, process, network, migration, publication, or authority boundaries; see v2.1 test plan.",Structured status/error/event/metric/diagnostic fields named by the task and exercised under success plus failure.,"Required for existing CLI, Python API, YAML, imports, plugins, DB, events, IDs, checkpoints, or stored data touched by the task.","The chosen model and alternatives are evaluated against complexity, defects found, execution cost, and maintainability.; All documented invariants hold within declared bounds or produce replayable counterexamples and correction tasks.; Every counterexample is minimized and replayed against executable scenarios where the abstraction permits.; Model/version drift is detected by CI and no bounded result is described as universal proof.",Documented rollback/forward-fix and retained backup/reconciliation proof for stateful or side-effecting work.,"Exact commands/cwd/exit codes, environment/fixture digests, no unapproved skips, retained reports/artifact hashes, reviewer approval.",CAPABILITY BLOCKING
T30.1.2,E30,P1,Prove immutable intake and race-resistant source access under mutation,"Changed files/symbols, reviewed contracts, schema/config/version changes, exact commit and diff.",Barrier and source-mutator determinism tests.; Content/path/link/root/mount/inode mutation tests.; Cross-platform handle/object-identity tests.; Checkpoint/resume and generation-supersession tests.; Downstream raw-path rejection tests.; Legacy-versus-safe differential tests.; Performance/resource and cleanup tests.,"Required where the task crosses persistence, filesystem, plugin, process, network, migration, publication, or authority boundaries; see v2.1 test plan.",Structured status/error/event/metric/diagnostic fields named by the task and exercised under success plus failure.,"Required for existing CLI, Python API, YAML, imports, plugins, DB, events, IDs, checkpoints, or stored data touched by the task.","Every mutation scenario yields the exact original content identity, a verified new generation requirement, or a stable blocked/stale result—never silent byte substitution.; No downstream built-in phase reopens an untrusted raw path outside canonical SourceAccess.; Native platform evidence identifies supported, reduced-assurance, and blocked source semantics.; Measured safety overhead and detection cost are reported without weakening invariants.",Documented rollback/forward-fix and retained backup/reconciliation proof for stateful or side-effecting work.,"Exact commands/cwd/exit codes, environment/fixture digests, no unapproved skips, retained reports/artifact hashes, reviewer approval.",RELEASE BLOCKING
T30.1.3,E30,P1,"Prove transaction, durable-event, and outbox crash atomicity","Changed files/symbols, reviewed contracts, schema/config/version changes, exact commit and diff.",Transactional rollback/commit boundary tests.; External SIGKILL crash matrix.; Outbox lease/fence and stale-dispatcher tests.; Duplicate/ack-ambiguity/consumer-crash tests.; Broker outage/restart/poison/backpressure tests.; Event identity/sequence/schema injection tests.; Database integrity/backup/restore post-crash tests.,"Required where the task crosses persistence, filesystem, plugin, process, network, migration, publication, or authority boundaries; see v2.1 test plan.",Structured status/error/event/metric/diagnostic fields named by the task and exercised under success plus failure.,"Required for existing CLI, Python API, YAML, imports, plugins, DB, events, IDs, checkpoints, or stored data touched by the task.","Every tested transition commits state, durable event, and outbox intent atomically or commits none.; At-least-once delivery may duplicate transport attempts but never duplicates authoritative state or idempotent consumer effects.; Startup reconciliation deterministically resolves every injected crash point with complete evidence.; Integrity, backup/restore, sequence, schema, and dead-letter checks pass after repeated hard kills.",Documented rollback/forward-fix and retained backup/reconciliation proof for stateful or side-effecting work.,"Exact commands/cwd/exit codes, environment/fixture digests, no unapproved skips, retained reports/artifact hashes, reviewer approval.",RELEASE BLOCKING
T30.1.4,E30,P2,"Prove CAS, deterministic reuse, and derivation correctness under contention","Changed files/symbols, reviewed contracts, schema/config/version changes, exact commit and diff.",Concurrent staged/no-replace write tests.; Partial/corrupt/pre-existing object and collision-path tests.; Reuse-key hit/miss/invalidation property tests.; Derivation/reference/hold/retention race tests.; Crash/quota/cross-device reconciliation tests.; Semantic-equivalence tests for reused versus recomputed results.; Duplicate-heavy performance/resource benchmarks.,"Required where the task crosses persistence, filesystem, plugin, process, network, migration, publication, or authority boundaries; see v2.1 test plan.",Structured status/error/event/metric/diagnostic fields named by the task and exercised under success plus failure.,"Required for existing CLI, Python API, YAML, imports, plugins, DB, events, IDs, checkpoints, or stored data touched by the task.","Concurrent identical writers converge on one verified immutable object; corrupt or partial objects never become trusted.; Reuse occurs only for exact compatible keys and misses on every semantically relevant version/config/policy/context change.; All reused and derived results retain exact source/content/operation/attempt lineage and replayability state.; Benchmarks report semantic-equivalence checks, storage/work savings, contention, and failure cost without arbitrary scale claims.",Documented rollback/forward-fix and retained backup/reconciliation proof for stateful or side-effecting work.,"Exact commands/cwd/exit codes, environment/fixture digests, no unapproved skips, retained reports/artifact hashes, reviewer approval.",CAPABILITY BLOCKING
T30.1.5,E30,P2,Prove idempotent publication and unknown-outcome reconciliation,"Changed files/symbols, reviewed contracts, schema/config/version changes, exact commit and diff.",Decision/evidence/content binding tests.; Duplicate command/idempotency reservation tests.; Timeout-after-mutation and unknown-outcome reconciliation tests.; Conflict/no-replace/stale-decision tests.; Queryable versus non-queryable destination tests.; Callback/webhook replay and forged-identity tests.; Compensation/rollback failure and diagnostic-evidence tests.,"Required where the task crosses persistence, filesystem, plugin, process, network, migration, publication, or authority boundaries; see v2.1 test plan.",Structured status/error/event/metric/diagnostic fields named by the task and exercised under success plus failure.,"Required for existing CLI, Python API, YAML, imports, plugins, DB, events, IDs, checkpoints, or stored data touched by the task.","Every destination class has explicit idempotency, verification, retry/reconcile, conflict, and unknown-outcome semantics.; Duplicate commands/retries never create a second observable effect under supported adapter contracts.; Ambiguous non-queryable outcomes become HOLD/manual-resolution with retained evidence, not success or blind retry.; Every successful publication links exact content, evidence/decision, destination effect, attempt, verification, and event history.",Documented rollback/forward-fix and retained backup/reconciliation proof for stateful or side-effecting work.,"Exact commands/cwd/exit codes, environment/fixture digests, no unapproved skips, retained reports/artifact hashes, reviewer approval.",CAPABILITY BLOCKING
T30.1.6,E30,P1,"Run the production-qualification upgrade, rollback, disaster, and soak program","Changed files/symbols, reviewed contracts, schema/config/version changes, exact commit and diff.","Clean package install and entry-point smoke tests.; Predecessor upgrade/migration/mixed-version/rollback tests.; Backup/restore/corruption/failback disaster drills.; Sustained concurrent workload and leak/backlog soak tests.; Process/host/disk/service/source/plugin/event/publication fault tests.; Security, secret, dependency, license, artifact-integrity, and hostile-input gates.; Health/status/diagnostic/operator-procedure tests.; Release evidence manifest and independent revalidation.","Required where the task crosses persistence, filesystem, plugin, process, network, migration, publication, or authority boundaries; see v2.1 test plan.",Structured status/error/event/metric/diagnostic fields named by the task and exercised under success plus failure.,"Required for existing CLI, Python API, YAML, imports, plugins, DB, events, IDs, checkpoints, or stored data touched by the task.","All mandatory native support lanes complete clean-install, upgrade, workload, failure, recovery, diagnostics, and teardown gates with no unapproved skip.; Backup/restore and approved rollback or forward-fix procedures are executed from retained artifacts and meet measured recovery objectives.; Soak/benchmark results name workload/environment/raw metrics and show no unaccepted semantic, resource, backlog, or cleanup regression.; The release evidence bundle contains package/SBOM/provenance hashes, test/fault/security/compatibility/performance results, limitations, approvals, and rollback artifacts.",Documented rollback/forward-fix and retained backup/reconciliation proof for stateful or side-effecting work.,"Exact commands/cwd/exit codes, environment/fixture digests, no unapproved skips, retained reports/artifact hashes, reviewer approval.",RELEASE BLOCKING
