Path / Symbol,Dispositions,Task IDs,Epics,Priorities,Responsibilities / Reasons,Evidence classification,Compatibility / migration note,Required validation
.github/workflows/platform-linux.yml,create,T28.1.2,E28 Hermetic test laboratory and platform emulation,P1,Run approved shared and self-hosted Linux lanes.,PROPOSED PATH UNDER EXISTING REPOSITORY AREA,Preserve public imports/config/CLI/data through introduce → dual-support → migrate → verify → deprecate → remove where applicable.,"Capability-probe unit tests.; Symlink, hard-link, bind-mount, root-replacement, inode-reuse, and special-file tests.; Atomic rename/no-replace/fsync crash tests."
.github/workflows/plugin-isolation.yml,create,T22.1.4,E22 Subprocess plugin isolation and enforceable resource controls,P2,Gate supported platform claims and retain reports.,PROPOSED PATH UNDER EXISTING REPOSITORY AREA,Preserve public imports/config/CLI/data through introduce → dual-support → migrate → verify → deprecate → remove where applicable.,Backend conformance suite.; Hostile corpus integration tests.; Runner resource/cleanup assertions.
.github/workflows/production-qualification.yml,create,T30.1.6,E30 Advanced invariant proofs and production qualification,P1,Run gated scheduled/release-candidate qualification jobs.,PROPOSED PATH UNDER EXISTING REPOSITORY AREA,Preserve public imports/config/CLI/data through introduce → dual-support → migrate → verify → deprecate → remove where applicable.,Clean package install and entry-point smoke tests.; Predecessor upgrade/migration/mixed-version/rollback tests.; Backup/restore/corruption/failback disaster drills.
.github/workflows/quality.yml,create,T24.1.1,"E24 Continuous quality, packaging, benchmarks, and release evidence",P1,"Run format, lint, type, unit, integration, schema, docs, and packaging gates.",PROPOSED PATH UNDER EXISTING REPOSITORY AREA,Preserve public imports/config/CLI/data through introduce → dual-support → migrate → verify → deprecate → remove where applicable.,Workflow syntax/policy tests.; Matrix expansion tests.; Skip-expiry/approval tests.
.github/workflows/release.yml,create,T24.1.3,"E24 Continuous quality, packaging, benchmarks, and release evidence",P1,"Run protected build, attest, sign if policy chooses, and stage artifacts.",PROPOSED PATH UNDER EXISTING REPOSITORY AREA,Preserve public imports/config/CLI/data through introduce → dual-support → migrate → verify → deprecate → remove where applicable.,Build twice/hash comparison tests.; Clean install/entry-point smoke tests.; Package-content allowlist tests.
.github/workflows/tests.yml,extend,T2.1.4,E2 Deterministic current-behavior characterization,P0,Run characterization and retain failure artifacts.,EXISTING FROZEN PATH,Preserve public imports/config/CLI/data through introduce → dual-support → migrate → verify → deprecate → remove where applicable.,CI workflow syntax and least-privilege tests.; Artifact-retention integration test.; Skip-policy negative tests.
.github/workflows/verification.yml,create,T24.1.2,"E24 Continuous quality, packaging, benchmarks, and release evidence",P1,"Run advanced deterministic, fault, adversarial, and compatibility suites.",PROPOSED PATH UNDER EXISTING REPOSITORY AREA,Preserve public imports/config/CLI/data through introduce → dual-support → migrate → verify → deprecate → remove where applicable.,CI self-tests and marker selection tests.; Fault/crash/replay suite integration.; Fuzz harness smoke and corpus regression tests.
"AGENTS.md, CONTRIBUTING*, SECURITY*, ADRs, CI and plan templates",reuse,T1.1.1,"E1 Evidence, baseline, and authority reconciliation",P0,Discover repository-native rules and commands instead of inventing them.,EVIDENCE / AUTHORITY SURFACE,Preserve public imports/config/CLI/data through introduce → dual-support → migrate → verify → deprecate → remove where applicable.,Inventory determinism test over two clean runs.; Path/symbol existence check against every ATLAS citation in the ZIP evidence ledger.; Repository command discovery cross-check against CI and package manifests.
ATLAS donor integration map,migrate,T1.1.3,"E1 Evidence, baseline, and authority reconciliation",P0,Promote each donor row from unresolved evidence to verified ADAPT/REIMPLEMENT/DEFER/REJECT.,PROPOSED NEW SURFACE OR SYMBOL,Preserve public imports/config/CLI/data through introduce → dual-support → migrate → verify → deprecate → remove where applicable.,Tree-hash and archive-integrity verification.; Dependency graph and import-boundary analysis.; License/header scan across candidate donor files.
ATLAS.pdf,reuse,T1.1.2,"E1 Evidence, baseline, and authority reconciliation",P0,"Treat the attached document as the desired-direction authority, not implementation proof.",EVIDENCE / AUTHORITY SURFACE,Preserve public imports/config/CLI/data through introduce → dual-support → migrate → verify → deprecate → remove where applicable.,"Page-by-page extraction completeness check.; Rendered visual review for pages 21, 29, and 31.; Requirement-page keyword and semantic cross-check."
ATLAS_Evidence_Driven_Architecture_Blueprint.md sections 8-17,reuse,T1.1.4,"E1 Evidence, baseline, and authority reconciliation",P0,Use the latest target architecture as the decision authority.,EVIDENCE / AUTHORITY SURFACE,Preserve public imports/config/CLI/data through introduce → dual-support → migrate → verify → deprecate → remove where applicable.,Responsibility-overlap lint over the matrix.; Architecture dependency-cycle review.; Trust-boundary walkthrough from source registration to publication.
ATLAS_Production_Task_Crosswalk.csv,extend,T25.1.1,E25 Measured optional PostgreSQL and object-storage adapters,P3,Link trigger evidence to deferred adapter tasks and original AT-021.,EVIDENCE / AUTHORITY SURFACE,Preserve public imports/config/CLI/data through introduce → dual-support → migrate → verify → deprecate → remove where applicable.,Benchmark repeatability tests.; Bottleneck attribution experiments.; Semantic equivalence checks under local optimizations.
ATLAS_Requirements_Register.csv,migrate,T1.1.2,"E1 Evidence, baseline, and authority reconciliation",P0,Replace pending revalidation status with page-verified results and ambiguity notes.,EVIDENCE / AUTHORITY SURFACE,Preserve public imports/config/CLI/data through introduce → dual-support → migrate → verify → deprecate → remove where applicable.,"Page-by-page extraction completeness check.; Rendered visual review for pages 21, 29, and 31.; Requirement-page keyword and semantic cross-check."
CONTRIBUTING.md,create,T24.1.3,"E24 Continuous quality, packaging, benchmarks, and release evidence",P1,"Document deterministic development, testing, and change evidence.",PROPOSED NEW SURFACE OR SYMBOL,Preserve public imports/config/CLI/data through introduce → dual-support → migrate → verify → deprecate → remove where applicable.,Build twice/hash comparison tests.; Clean install/entry-point smoke tests.; Package-content allowlist tests.
Pasted markdown (2).md Stages 1-5,reuse,T1.1.4,"E1 Evidence, baseline, and authority reconciliation",P0,"Use helper candidates as questions, not as implementation facts.",EVIDENCE / AUTHORITY SURFACE,Preserve public imports/config/CLI/data through introduce → dual-support → migrate → verify → deprecate → remove where applicable.,Responsibility-overlap lint over the matrix.; Architecture dependency-cycle review.; Trust-boundary walkthrough from source registration to publication.
Runndownn/Yggdrasil@2b0c51b6132c2a16e63fc2e2de2d2b4598b5fe40,reuse,T1.1.3,"E1 Evidence, baseline, and authority reconciliation",P0,Use the frozen donor commit only after it is restored and hash-verified.,EVIDENCE / AUTHORITY SURFACE,Preserve public imports/config/CLI/data through introduce → dual-support → migrate → verify → deprecate → remove where applicable.,Tree-hash and archive-integrity verification.; Dependency graph and import-boundary analysis.; License/header scan across candidate donor files.
SECURITY.md,create,T24.1.3,"E24 Continuous quality, packaging, benchmarks, and release evidence",P1,"Document supported versions, reporting, dependency response, and artifact verification.",PROPOSED NEW SURFACE OR SYMBOL,Preserve public imports/config/CLI/data through introduce → dual-support → migrate → verify → deprecate → remove where applicable.,Build twice/hash comparison tests.; Clean install/entry-point smoke tests.; Package-content allowlist tests.
analysis/structure work planners,extend,T16.1.3,"E16 Phase-internal work items, deterministic reuse, and unified budgets",P1,Consult reuse without bypassing phase attempts.,PROPOSED NEW SURFACE OR SYMBOL,Preserve public imports/config/CLI/data through introduce → dual-support → migrate → verify → deprecate → remove where applicable.,Exact-key unit/property tests.; Omitted-key-component mutation tests.; Missing/corrupt output tests.
atlas diagnostics events,extend,T8.1.4,E8 Durable events and transactional outbox,P0,"Expose gaps, backlog, dead letters, and schema versions.",PROPOSED NEW SURFACE OR SYMBOL,Preserve public imports/config/CLI/data through introduce → dual-support → migrate → verify → deprecate → remove where applicable.,Sampling/coalescing property tests.; Required-event non-drop tests.; High-volume progress load tests.
atlas diagnostics transition errors,extend,T5.1.4,"E5 Explicit lifecycle state machines, attempts, and fencing",P0,Expose stable state/version/fencing context.,PROPOSED NEW SURFACE OR SYMBOL,Preserve public imports/config/CLI/data through introduce → dual-support → migrate → verify → deprecate → remove where applicable.,Property-based transition sequence tests.; Concurrency and compare-and-set tests.; Crash/restart fault injection.
atlas public CLI/Python API,reuse,T2.1.2,E2 Deterministic current-behavior characterization,P0,Characterize without changing production behavior.,PROPOSED NEW SURFACE OR SYMBOL,Preserve public imports/config/CLI/data through introduce → dual-support → migrate → verify → deprecate → remove where applicable.,Subprocess CLI integration tests.; Public Python API integration tests.; SQLite row and transition assertions.
atlas/__init__.py,extend,T19.1.3,E19 Long-running local runtime ownership,P1,Expose supported Python service interfaces and compatibility shims.,PROPOSED PATH UNDER EXISTING REPOSITORY AREA,Preserve public imports/config/CLI/data through introduce → dual-support → migrate → verify → deprecate → remove where applicable.,Command schema/unit tests.; CLI/Python equivalence tests.; Cross-process pause/resume/cancel tests.
atlas/api/contracts.py,create,T21.1.1,E21 Versioned external command and event adapters,P2,"Define v1 command, status, pagination, problem/error, and compatibility envelopes.",PROPOSED PATH UNDER EXISTING REPOSITORY AREA,Preserve public imports/config/CLI/data through introduce → dual-support → migrate → verify → deprecate → remove where applicable.,Contract serialization/golden tests.; Duplicate-key/malformed/size fuzz tests.; CLI/Python/external equivalence tests.
atlas/api/dependencies.py,create,T21.1.2,E21 Versioned external command and event adapters,P2,Inject command/status/evidence services and optional auth/rate-limit adapters.,PROPOSED PATH UNDER EXISTING REPOSITORY AREA,Preserve public imports/config/CLI/data through introduce → dual-support → migrate → verify → deprecate → remove where applicable.,OpenAPI/schema conformance tests.; End-to-end REST/CLI equivalence tests.; Proxy retry/client disconnect tests.
atlas/api/rest.py,"create, extend","T21.1.2, T27.1.3",E21 Versioned external command and event adapters; E27 Bounded MCP and operator interfaces,"P2, P3",Host REST v1 routes and adapter lifecycle.; Expose UI-required bounded status/evidence/review/publication endpoints only.,PROPOSED PATH UNDER EXISTING REPOSITORY AREA,Preserve public imports/config/CLI/data through introduce → dual-support → migrate → verify → deprecate → remove where applicable.,OpenAPI/schema conformance tests.; End-to-end REST/CLI equivalence tests.; Proxy retry/client disconnect tests.
atlas/artifacts/identity.py,extend,T12.1.2,E12 Optional immutable local content store,P1,Tee verified reads into the content store.,PROPOSED PATH UNDER EXISTING REPOSITORY AREA,Preserve public imports/config/CLI/data through introduce → dual-support → migrate → verify → deprecate → remove where applicable.,Known-hash put/open/verify tests.; Concurrent same/different content tests.; Crash-point fault injection.
atlas/artifacts/identity.py::ContentIdentityService,create,T7.1.2,E7 Persistent content identity and occurrence linkage,P0,Own hashing and identity persistence.,PROPOSED PATH UNDER EXISTING REPOSITORY AREA,Preserve public imports/config/CLI/data through introduce → dual-support → migrate → verify → deprecate → remove where applicable.,Known-hash golden tests.; Barrier-controlled mutation/replacement tests.; Large/sparse/short-read tests.
atlas/artifacts/identity.py::lookup_content,extend,T7.1.3,E7 Persistent content identity and occurrence linkage,P0,Query persistent identities and occurrence history.,PROPOSED PATH UNDER EXISTING REPOSITORY AREA,Preserve public imports/config/CLI/data through introduce → dual-support → migrate → verify → deprecate → remove where applicable.,Cross-run duplicate integration tests.; High-cardinality occurrence query benchmark.; Missing/corrupt blob eligibility tests.
atlas/artifacts/lineage.py,create,T13.1.4,E13 Structural and extraction lineage contracts,P1,Query SourceRoot through extraction outputs bidirectionally.,PROPOSED PATH UNDER EXISTING REPOSITORY AREA,Preserve public imports/config/CLI/data through introduce → dual-support → migrate → verify → deprecate → remove where applicable.,Reuse-key unit/property tests.; Deterministic/non-deterministic inspector tests.; Bidirectional lineage integration tests.
atlas/artifacts/local_store.py::LocalContentStore,create,T12.1.2,E12 Optional immutable local content store,P1,Implement local immutable blob storage.,PROPOSED PATH UNDER EXISTING REPOSITORY AREA,Preserve public imports/config/CLI/data through introduce → dual-support → migrate → verify → deprecate → remove where applicable.,Known-hash put/open/verify tests.; Concurrent same/different content tests.; Crash-point fault injection.
atlas/artifacts/materialization.py,extend,T13.1.2,E13 Structural and extraction lineage contracts,P1,Commit records during extraction.,PROPOSED PATH UNDER EXISTING REPOSITORY AREA,Preserve public imports/config/CLI/data through introduce → dual-support → migrate → verify → deprecate → remove where applicable.,Repository/model tests.; Zero/large-output tests.; Cancellation/crash boundary tests.
atlas/artifacts/materialization.py::MaterializationService,create,T11.1.3,"E11 Quarantine, recursive archive budgets, and controlled materialization",P0,Own controlled extraction and output writes.,PROPOSED PATH UNDER EXISTING REPOSITORY AREA,Preserve public imports/config/CLI/data through introduce → dual-support → migrate → verify → deprecate → remove where applicable.,Traversal/collision/link negative tests.; Report-binding mismatch tests.; Disk-full/fsync/short-write fault tests.
atlas/artifacts/models.py::ArtifactOccurrence,create,T6.1.1,E6 Registered sources and immutable intake generations,P0,Represent source-relative observed entries and decisions.,PROPOSED PATH UNDER EXISTING REPOSITORY AREA,Preserve public imports/config/CLI/data through introduce → dual-support → migrate → verify → deprecate → remove where applicable.,Schema and serialization unit tests.; Uniqueness/FK negative tests.; Case/Unicode collision fixtures.
atlas/artifacts/models.py::BlobRecord,create,T12.1.1,E12 Optional immutable local content store,P1,"Persist provider, status, size, integrity, retention, and provenance.",PROPOSED PATH UNDER EXISTING REPOSITORY AREA,Preserve public imports/config/CLI/data through introduce → dual-support → migrate → verify → deprecate → remove where applicable.,Protocol/model unit tests.; Retention-mode truth-table tests.; Provider conformance skeleton.
atlas/artifacts/models.py::ContentIdentity,create,T7.1.1,E7 Persistent content identity and occurrence linkage,P0,"Represent algorithm, digest, size, and verification metadata.",PROPOSED PATH UNDER EXISTING REPOSITORY AREA,Preserve public imports/config/CLI/data through introduce → dual-support → migrate → verify → deprecate → remove where applicable.,Model/schema unit tests.; Many-occurrence-one-content tests.; Cross-process/restart persistence tests.
atlas/artifacts/models.py::DerivationRecord,create,T11.1.4,"E11 Quarantine, recursive archive budgets, and controlled materialization",P0,Link parent identity/member/report/attempt to child identity.,PROPOSED PATH UNDER EXISTING REPOSITORY AREA,Preserve public imports/config/CLI/data through introduce → dual-support → migrate → verify → deprecate → remove where applicable.,Derivation repository unit tests.; Parent-to-child and child-to-parent query tests.; Transaction failure/orphan reconciliation tests.
atlas/artifacts/models.py::ExtractionRecord,create,T13.1.2,E13 Structural and extraction lineage contracts,P1,Own materialization attempt lineage.,PROPOSED PATH UNDER EXISTING REPOSITORY AREA,Preserve public imports/config/CLI/data through introduce → dual-support → migrate → verify → deprecate → remove where applicable.,Repository/model tests.; Zero/large-output tests.; Cancellation/crash boundary tests.
atlas/artifacts/models.py::IntakeGeneration,create,T6.1.1,E6 Registered sources and immutable intake generations,P0,Represent BUILDING/ACCEPTED/FAILED/BLOCKED observations.,PROPOSED PATH UNDER EXISTING REPOSITORY AREA,Preserve public imports/config/CLI/data through introduce → dual-support → migrate → verify → deprecate → remove where applicable.,Schema and serialization unit tests.; Uniqueness/FK negative tests.; Case/Unicode collision fixtures.
atlas/artifacts/models.py::OccurrenceContentLink,create,T7.1.1,E7 Persistent content identity and occurrence linkage,P0,Bind an occurrence read to exact content and read evidence.,PROPOSED PATH UNDER EXISTING REPOSITORY AREA,Preserve public imports/config/CLI/data through introduce → dual-support → migrate → verify → deprecate → remove where applicable.,Model/schema unit tests.; Many-occurrence-one-content tests.; Cross-process/restart persistence tests.
atlas/artifacts/models.py::SourceRoot,create,T6.1.1,E6 Registered sources and immutable intake generations,P0,Represent stable source identity and provider locator.,PROPOSED PATH UNDER EXISTING REPOSITORY AREA,Preserve public imports/config/CLI/data through introduce → dual-support → migrate → verify → deprecate → remove where applicable.,Schema and serialization unit tests.; Uniqueness/FK negative tests.; Case/Unicode collision fixtures.
atlas/artifacts/models.py::StructuralReport,create,T13.1.1,E13 Structural and extraction lineage contracts,P1,Own exact-byte structural evidence.,PROPOSED PATH UNDER EXISTING REPOSITORY AREA,Preserve public imports/config/CLI/data through introduce → dual-support → migrate → verify → deprecate → remove where applicable.,Model/repository unit tests.; Inspector attribution/version tests.; Partial/unknown state tests.
atlas/artifacts/reconcile.py::ContentStoreReconciler,create,T12.1.4,E12 Optional immutable local content store,P1,Scan and classify blob/store divergence.,PROPOSED PATH UNDER EXISTING REPOSITORY AREA,Preserve public imports/config/CLI/data through introduce → dual-support → migrate → verify → deprecate → remove where applicable.,Synthetic divergence matrix tests.; Concurrent capture/reconcile tests.; Large-store scan benchmark.
atlas/artifacts/reuse.py::DeterministicResultIndex,create,T16.1.3,"E16 Phase-internal work items, deterministic reuse, and unified budgets",P1,Index reusable operation results by exact key.,PROPOSED PATH UNDER EXISTING REPOSITORY AREA,Preserve public imports/config/CLI/data through introduce → dual-support → migrate → verify → deprecate → remove where applicable.,Exact-key unit/property tests.; Omitted-key-component mutation tests.; Missing/corrupt output tests.
atlas/artifacts/reuse.py::StructuralReusePolicy,create,T13.1.4,E13 Structural and extraction lineage contracts,P1,Evaluate exact-key report reuse.,PROPOSED PATH UNDER EXISTING REPOSITORY AREA,Preserve public imports/config/CLI/data through introduce → dual-support → migrate → verify → deprecate → remove where applicable.,Reuse-key unit/property tests.; Deterministic/non-deterministic inspector tests.; Bidirectional lineage integration tests.
atlas/artifacts/store.py::ContentCaptureService,create,T12.1.3,E12 Optional immutable local content store,P1,Coordinate identity read and retention result.,PROPOSED PATH UNDER EXISTING REPOSITORY AREA,Preserve public imports/config/CLI/data through introduce → dual-support → migrate → verify → deprecate → remove where applicable.,Repository/model tests.; One-pass hash/capture integration tests.; Quota race/reservation tests.
atlas/artifacts/store.py::ContentStore,create,T12.1.1,E12 Optional immutable local content store,P1,Define put/open/verify/stat/delete/reconcile capabilities.,PROPOSED PATH UNDER EXISTING REPOSITORY AREA,Preserve public imports/config/CLI/data through introduce → dual-support → migrate → verify → deprecate → remove where applicable.,Protocol/model unit tests.; Retention-mode truth-table tests.; Provider conformance skeleton.
atlas/artifacts/store_paths.py,create,T12.1.2,E12 Optional immutable local content store,P1,Derive safe digest paths and staging roots.,PROPOSED PATH UNDER EXISTING REPOSITORY AREA,Preserve public imports/config/CLI/data through introduce → dual-support → migrate → verify → deprecate → remove where applicable.,Known-hash put/open/verify tests.; Concurrent same/different content tests.; Crash-point fault injection.
atlas/artifacts/structural_inspection.py,create,T11.1.2,"E11 Quarantine, recursive archive budgets, and controlled materialization",P0,Normalize member metadata and nested relationships.,PROPOSED PATH UNDER EXISTING REPOSITORY AREA,Preserve public imports/config/CLI/data through introduce → dual-support → migrate → verify → deprecate → remove where applicable.,Adversarial archive corpus tests.; Depth/member/byte/ratio boundary property tests.; Malformed/truncated/fuzz tests.
atlas/artifacts/structural_validation.py,create,T13.1.3,E13 Structural and extraction lineage contracts,P1,Centralize report compatibility checks.,PROPOSED PATH UNDER EXISTING REPOSITORY AREA,Preserve public imports/config/CLI/data through introduce → dual-support → migrate → verify → deprecate → remove where applicable.,Report/content mismatch tests.; Config/policy/version mismatch tests.; Cross-job/report authorization tests.
atlas/artifacts/workspace.py::WorkspaceManager,create,T11.1.1,"E11 Quarantine, recursive archive budgets, and controlled materialization",P0,Own create/open/account/seal/cleanup workspace lifecycle.,PROPOSED PATH UNDER EXISTING REPOSITORY AREA,Preserve public imports/config/CLI/data through introduce → dual-support → migrate → verify → deprecate → remove where applicable.,Workspace lifecycle unit tests.; Overlap/symlink/reparse containment tests.; Disk-full/quota tests.
atlas/artifacts/workspace_paths.py,create,T10.1.3,E10 Canonical race-resistant source access,P0,Construct attempt-owned workspace paths.,PROPOSED PATH UNDER EXISTING REPOSITORY AREA,Preserve public imports/config/CLI/data through introduce → dual-support → migrate → verify → deprecate → remove where applicable.,Temporary-file security tests.; Symlink/collision/no-replace tests.; Disk-full and cross-filesystem tests.
atlas/cli.py,"extend, refactor","T17.1.4, T19.1.3, T20.1.3, T20.1.4, T23.1.3","E17 Durable findings, evidence, review, and publication; E19 Long-running local runtime ownership; E20 Canonical status, telemetry, health, and diagnostics; E23 Retention, compatibility, plugin SDK, and source-provider evolution","P1, P2","Expose submit/status/reconcile commands through canonical services without direct destination writes.; Become a client of command/status services while retaining documented verbs and output modes.; Render human and JSON status without inventing missing state.; Expose health, readiness, and diagnostic bundle commands.; Add `plugin inspect`, `plugin validate`, and `plugin test` through supported APIs.",EXISTING FROZEN PATH,Preserve public imports/config/CLI/data through introduce → dual-support → migrate → verify → deprecate → remove where applicable.,Approve/reject/hold end-to-end tests.; Idempotency and duplicate-request tests.; Partial/timeout/unknown-outcome fault injection.
atlas/cli.py::content verify/reconcile,extend,T12.1.4,E12 Optional immutable local content store,P1,Provide dry-run and controlled repair commands.,PROPOSED PATH UNDER EXISTING REPOSITORY AREA,Preserve public imports/config/CLI/data through introduce → dual-support → migrate → verify → deprecate → remove where applicable.,Synthetic divergence matrix tests.; Concurrent capture/reconcile tests.; Large-store scan benchmark.
atlas/cli.py::database commands,extend,T4.1.4,E4 StateStore and SQLite migration foundation,P0,"Expose inspect, backup, verify, migrate, and restore dry runs.",PROPOSED PATH UNDER EXISTING REPOSITORY AREA,Preserve public imports/config/CLI/data through introduce → dual-support → migrate → verify → deprecate → remove where applicable.,Integrity and FK check tests.; Backup hash and restore verification tests.; Corruption and truncated-backup negative tests.
atlas/cli.py::pause/resume/cancel,refactor,T9.1.3,"E9 Durable progress, controls, safe points, and checkpoints",P0,Submit commands instead of mutating process-local maps.,PROPOSED PATH UNDER EXISTING REPOSITORY AREA,Preserve public imports/config/CLI/data through introduce → dual-support → migrate → verify → deprecate → remove where applicable.,Control service unit tests.; Second-process integration tests.; Cancel-versus-success race tests.
atlas/cli.py::pipeline migrate,extend,T3.1.4,E3 Versioned pipeline semantics and configuration,P0,Provide dry-run conversion and diagnostics.,PROPOSED PATH UNDER EXISTING REPOSITORY AREA,Preserve public imports/config/CLI/data through introduce → dual-support → migrate → verify → deprecate → remove where applicable.,Golden migration fixtures for every legacy example.; Behavior-equivalence integration tests.; Contradictory-flag negative tests.
atlas/cli.py::pipeline preflight,extend,T3.1.2,E3 Versioned pipeline semantics and configuration,P0,Validate before job creation.,PROPOSED PATH UNDER EXISTING REPOSITORY AREA,Preserve public imports/config/CLI/data through introduce → dual-support → migrate → verify → deprecate → remove where applicable.,"Parser unit and fuzz tests.; Duplicate-key, alias-bomb, and unsafe-tag negative tests.; Merge-precedence table tests."
atlas/compat/catalog.py::CompatibilityCatalog,create,T23.1.2,"E23 Retention, compatibility, plugin SDK, and source-provider evolution",P2,"Declare supported producers/consumers, migration paths, read/write ranges, and deprecations.",PROPOSED PATH UNDER EXISTING REPOSITORY AREA,Preserve public imports/config/CLI/data through introduce → dual-support → migrate → verify → deprecate → remove where applicable.,Catalog completeness tests.; Translator golden/property tests.; Unknown/newer/downgrade negative tests.
atlas/compat/translators.py,create,T23.1.2,"E23 Retention, compatibility, plugin SDK, and source-provider evolution",P2,Host explicit deterministic one-version transformations with provenance.,PROPOSED PATH UNDER EXISTING REPOSITORY AREA,Preserve public imports/config/CLI/data through introduce → dual-support → migrate → verify → deprecate → remove where applicable.,Catalog completeness tests.; Translator golden/property tests.; Unknown/newer/downgrade negative tests.
atlas/config/legacy.py::LegacyPipelineLoader,create,T3.1.4,E3 Versioned pipeline semantics and configuration,P0,Normalize supported v0.1 inputs without guessing.,PROPOSED PATH UNDER EXISTING REPOSITORY AREA,Preserve public imports/config/CLI/data through introduce → dual-support → migrate → verify → deprecate → remove where applicable.,Golden migration fixtures for every legacy example.; Behavior-equivalence integration tests.; Contradictory-flag negative tests.
atlas/config/loader.py::ConfigurationResolver,create,T3.1.2,E3 Versioned pipeline semantics and configuration,P0,"Own parsing, merging, validation, and canonicalization.",PROPOSED PATH UNDER EXISTING REPOSITORY AREA,Preserve public imports/config/CLI/data through introduce → dual-support → migrate → verify → deprecate → remove where applicable.,"Parser unit and fuzz tests.; Duplicate-key, alias-bomb, and unsafe-tag negative tests.; Merge-precedence table tests."
atlas/config/models.py::PipelineDefinitionV1,create,T3.1.1,E3 Versioned pipeline semantics and configuration,P0,Own the versioned pipeline contract.,PROPOSED PATH UNDER EXISTING REPOSITORY AREA,Preserve public imports/config/CLI/data through introduce → dual-support → migrate → verify → deprecate → remove where applicable.,Model unit tests for every valid state.; Permutation/property tests rejecting reordering and duplicates.; Failure-policy truth-table tests.
atlas/config/persistence.py,extend,T25.1.3,E25 Measured optional PostgreSQL and object-storage adapters,P3,Select one backend with typed DSN secret reference and pool settings.,PROPOSED PATH UNDER EXISTING REPOSITORY AREA,Preserve public imports/config/CLI/data through introduce → dual-support → migrate → verify → deprecate → remove where applicable.,StateStore conformance suite.; Network/failover/deadlock fault tests.; Pool/contention/load tests.
atlas/config/phases.py,create,T3.1.3,E3 Versioned pipeline semantics and configuration,P0,Own Recon through Review typed configuration models.,PROPOSED PATH UNDER EXISTING REPOSITORY AREA,Preserve public imports/config/CLI/data through introduce → dual-support → migrate → verify → deprecate → remove where applicable.,Per-phase model unit tests.; Unknown/missing/wrong-type property tests.; Consumer coverage test proving every field is read or intentionally reserved.
atlas/config/phases.py::AnalysisConfig,extend,T14.1.3,"E14 Typed plugin contracts, registry, and trust policy",P1,Select plugins without granting privileges.,PROPOSED PATH UNDER EXISTING REPOSITORY AREA,Preserve public imports/config/CLI/data through introduce → dual-support → migrate → verify → deprecate → remove where applicable.,Policy truth-table tests.; Package provenance/version change tests.; Backend availability tests.
atlas/config/phases.py::ContentRetentionPolicy,create,T12.1.1,E12 Optional immutable local content store,P1,Own retention mode and quota behavior.,PROPOSED PATH UNDER EXISTING REPOSITORY AREA,Preserve public imports/config/CLI/data through introduce → dual-support → migrate → verify → deprecate → remove where applicable.,Protocol/model unit tests.; Retention-mode truth-table tests.; Provider conformance skeleton.
atlas/config/scale.py,create,T25.1.1,E25 Measured optional PostgreSQL and object-storage adapters,P3,Represent selected backend only after an approved compatibility decision.,PROPOSED PATH UNDER EXISTING REPOSITORY AREA,Preserve public imports/config/CLI/data through introduce → dual-support → migrate → verify → deprecate → remove where applicable.,Benchmark repeatability tests.; Bottleneck attribution experiments.; Semantic equivalence checks under local optimizations.
atlas/config/security.py,create,T27.1.4,E27 Bounded MCP and operator interfaces,P3,Represent deployment adapter selection and safe local defaults.,PROPOSED PATH UNDER EXISTING REPOSITORY AREA,Preserve public imports/config/CLI/data through introduce → dual-support → migrate → verify → deprecate → remove where applicable.,Threat-model and requirement review.; Local no-adapter behavior tests.; Selected auth/policy adapter conformance tests.
atlas/config/storage.py,extend,T25.1.4,E25 Measured optional PostgreSQL and object-storage adapters,P3,Select provider/bucket/prefix/credentials/consistency settings through typed config.,PROPOSED PATH UNDER EXISTING REPOSITORY AREA,Preserve public imports/config/CLI/data through introduce → dual-support → migrate → verify → deprecate → remove where applicable.,ContentStore conformance suite.; Timeout/unknown upload/reconciliation tests.; Consistency visibility tests.
atlas/core/checkpoint_service.py::CheckpointService,create,T9.1.4,"E9 Durable progress, controls, safe points, and checkpoints",P0,"Create, validate, supersede, and query checkpoints.",PROPOSED PATH UNDER EXISTING REPOSITORY AREA,Preserve public imports/config/CLI/data through introduce → dual-support → migrate → verify → deprecate → remove where applicable.,Checkpoint service unit tests.; Per-phase resume integration tests.; Version/config/input mismatch negative tests.
atlas/core/context.py,extend,T16.1.4,"E16 Phase-internal work items, deterministic reuse, and unified budgets",P1,Expose scoped budget handles.,PROPOSED PATH UNDER EXISTING REPOSITORY AREA,Preserve public imports/config/CLI/data through introduce → dual-support → migrate → verify → deprecate → remove where applicable.,Budget hierarchy unit/property tests.; Concurrent reservation tests.; Crash/orphan reservation reconciliation tests.
atlas/core/context.py::PhaseContext,create,T9.1.1,"E9 Durable progress, controls, safe points, and checkpoints",P0,Expose bounded phase services without StateStore authority.,PROPOSED PATH UNDER EXISTING REPOSITORY AREA,Preserve public imports/config/CLI/data through introduce → dual-support → migrate → verify → deprecate → remove where applicable.,Model/schema unit tests.; Progress monotonicity/property tests.; Control idempotency and scope tests.
atlas/core/control_service.py::ControlRequestService,create,T9.1.3,"E9 Durable progress, controls, safe points, and checkpoints",P0,Validate and persist control commands.,PROPOSED PATH UNDER EXISTING REPOSITORY AREA,Preserve public imports/config/CLI/data through introduce → dual-support → migrate → verify → deprecate → remove where applicable.,Control service unit tests.; Second-process integration tests.; Cancel-versus-success race tests.
atlas/core/coordinator.py,extend,"T18.1.2, T19.1.2","E18 Retry, timeout, idempotency, reconciliation, and crash recovery; E19 Long-running local runtime ownership",P1,Create successor attempts and enforce deadlines without mutating predecessor history.; Require valid claim/fencing token for attempt advancement and result commit.,PROPOSED PATH UNDER EXISTING REPOSITORY AREA,Preserve public imports/config/CLI/data through introduce → dual-support → migrate → verify → deprecate → remove where applicable.,Retry policy truth-table tests.; Backoff/jitter bounded property tests.; Concurrent idempotency reservation tests.
atlas/core/event_bus.py,refactor,T8.1.3,E8 Durable events and transactional outbox,P0,Retain observer/transport facade only.,EXISTING FROZEN PATH,Preserve public imports/config/CLI/data through introduce → dual-support → migrate → verify → deprecate → remove where applicable.,Dispatcher lease/fencing tests.; Lost-ack and duplicate-delivery tests.; Poison/dead-letter tests.
atlas/core/job_store.py,migrate,T4.1.2,E4 StateStore and SQLite migration foundation,P0,Route all writes through SQLiteStateStore.,EXISTING FROZEN PATH,Preserve public imports/config/CLI/data through introduce → dual-support → migrate → verify → deprecate → remove where applicable.,SQLite conformance tests.; Concurrent reader/writer contention tests.; Foreign-key and constraint negative tests.
atlas/core/job_store.py::JobStore,refactor,T4.1.1,E4 StateStore and SQLite migration foundation,P0,Retain as compatibility facade over the new repositories.,PROPOSED PATH UNDER EXISTING REPOSITORY AREA,Preserve public imports/config/CLI/data through introduce → dual-support → migrate → verify → deprecate → remove where applicable.,Protocol/type-check tests.; Transaction commit/rollback unit tests.; Nested-call and cancellation tests.
atlas/core/job_store.py::store_event,refactor,T8.1.2,E8 Durable events and transactional outbox,P0,Delegate to canonical event repository.,PROPOSED PATH UNDER EXISTING REPOSITORY AREA,Preserve public imports/config/CLI/data through introduce → dual-support → migrate → verify → deprecate → remove where applicable.,Transaction unit tests.; Kill/fault injection at state/event/outbox/commit boundaries.; Duplicate command/idempotency tests.
atlas/core/lifecycle.py,extend,"T8.1.2, T13.1.3",E13 Structural and extraction lineage contracts; E8 Durable events and transactional outbox,"P0, P1",Invoke recorder within transition commands.; Block Phase D on missing/incompatible report.,PROPOSED PATH UNDER EXISTING REPOSITORY AREA,Preserve public imports/config/CLI/data through introduce → dual-support → migrate → verify → deprecate → remove where applicable.,Transaction unit tests.; Kill/fault injection at state/event/outbox/commit boundaries.; Duplicate command/idempotency tests.
atlas/core/lifecycle.py::LifecycleCoordinator,create,T5.1.3,"E5 Explicit lifecycle state machines, attempts, and fencing",P0,Own authoritative transition commands.,PROPOSED PATH UNDER EXISTING REPOSITORY AREA,Preserve public imports/config/CLI/data through introduce → dual-support → migrate → verify → deprecate → remove where applicable.,Compare-and-set unit tests.; Concurrent process race tests.; Stale fencing-result tests.
atlas/core/lifecycle.py::TransitionPolicy,create,T5.1.1,"E5 Explicit lifecycle state machines, attempts, and fencing",P0,Represent legal transitions as data and guards.,PROPOSED PATH UNDER EXISTING REPOSITORY AREA,Preserve public imports/config/CLI/data through introduce → dual-support → migrate → verify → deprecate → remove where applicable.,Transition-table completeness tests.; State enum serialization/version tests.; Truth-table tests for failure propagation.
atlas/core/lifecycle.py::accept_work_result,create,T15.1.3,E15 ExecutionBackend contracts and trusted in-process execution,P1,Own result validation and authoritative commit.,PROPOSED PATH UNDER EXISTING REPOSITORY AREA,Preserve public imports/config/CLI/data through introduce → dual-support → migrate → verify → deprecate → remove where applicable.,Validation unit/property tests.; Duplicate/conflicting result tests.; Stale fencing/cancel tests.
atlas/core/orchestrator.py,refactor,T5.1.2,"E5 Explicit lifecycle state machines, attempts, and fencing",P0,Delegate attempt lifecycle to the coordinator.,EXISTING FROZEN PATH,Preserve public imports/config/CLI/data through introduce → dual-support → migrate → verify → deprecate → remove where applicable.,Repository unit tests.; Concurrent attempt-creation tests.; Foreign-key/uniqueness negative tests.
atlas/core/orchestrator.py::PipelineConfig,refactor,T3.1.1,E3 Versioned pipeline semantics and configuration,P0,Retain only as a compatibility facade.,PROPOSED PATH UNDER EXISTING REPOSITORY AREA,Preserve public imports/config/CLI/data through introduce → dual-support → migrate → verify → deprecate → remove where applicable.,Model unit tests for every valid state.; Permutation/property tests rejecting reordering and duplicates.; Failure-policy truth-table tests.
atlas/core/orchestrator.py::PipelineOrchestrator,refactor,T5.1.3,"E5 Explicit lifecycle state machines, attempts, and fencing",P0,Become a compatibility facade over the coordinator.,PROPOSED PATH UNDER EXISTING REPOSITORY AREA,Preserve public imports/config/CLI/data through introduce → dual-support → migrate → verify → deprecate → remove where applicable.,Compare-and-set unit tests.; Concurrent process race tests.; Stale fencing-result tests.
atlas/core/reuse_service.py,create,T16.1.3,"E16 Phase-internal work items, deterministic reuse, and unified budgets",P1,"Evaluate eligibility, verify outputs, and record reuse.",PROPOSED PATH UNDER EXISTING REPOSITORY AREA,Preserve public imports/config/CLI/data through introduce → dual-support → migrate → verify → deprecate → remove where applicable.,Exact-key unit/property tests.; Omitted-key-component mutation tests.; Missing/corrupt output tests.
atlas/core/runtime.py,"extend, refactor","T11.1.1, T14.1.2, T15.1.2, T18.1.3, T19.1.1, T20.1.1","E11 Quarantine, recursive archive budgets, and controlled materialization; E14 Typed plugin contracts, registry, and trust policy; E15 ExecutionBackend contracts and trusted in-process execution; E18 Retry, timeout, idempotency, reconciliation, and crash recovery; E19 Long-running local runtime ownership; E20 Canonical status, telemetry, health, and diagnostics","P0, P1",Inject one WorkspaceManager into phases/backends.; Construct and freeze registries during composition.; Register backend and approved handlers deterministically.; Invoke recovery before claiming new work and expose a recovery summary.; Separate composition from process lifetime and provide daemon/embedded construction modes.; Inject telemetry context without hidden global mutable state.,EXISTING FROZEN PATH,Preserve public imports/config/CLI/data through introduce → dual-support → migrate → verify → deprecate → remove where applicable.,Workspace lifecycle unit tests.; Overlap/symlink/reparse containment tests.; Disk-full/quota tests.
atlas/core/work_aggregator.py,create,T16.1.2,"E16 Phase-internal work items, deterministic reuse, and unified budgets",P1,Validate required outputs and phase aggregate.,PROPOSED PATH UNDER EXISTING REPOSITORY AREA,Preserve public imports/config/CLI/data through introduce → dual-support → migrate → verify → deprecate → remove where applicable.,Scheduler unit tests.; Concurrency/fairness tests.; Million-item planning/streaming benchmark.
atlas/core/work_planner.py,create,T16.1.1,"E16 Phase-internal work items, deterministic reuse, and unified budgets",P1,Expand validated phase inputs into deterministic work sets.,PROPOSED PATH UNDER EXISTING REPOSITORY AREA,Preserve public imports/config/CLI/data through introduce → dual-support → migrate → verify → deprecate → remove where applicable.,Model/schema tests.; Deterministic planning property tests.; Cycle/cross-phase negative tests.
atlas/core/work_scheduler.py,create,T16.1.2,"E16 Phase-internal work items, deterministic reuse, and unified budgets",P1,Select and submit ready phase-scoped work items.,PROPOSED PATH UNDER EXISTING REPOSITORY AREA,Preserve public imports/config/CLI/data through introduce → dual-support → migrate → verify → deprecate → remove where applicable.,Scheduler unit tests.; Concurrency/fairness tests.; Million-item planning/streaming benchmark.
atlas/diagnostics/bundle.py::DiagnosticBundleBuilder,create,T20.1.4,"E20 Canonical status, telemetry, health, and diagnostics",P1,Collect bounded status/config/schema/runtime/evidence summaries and manifest hashes.,PROPOSED PATH UNDER EXISTING REPOSITORY AREA,Preserve public imports/config/CLI/data through introduce → dual-support → migrate → verify → deprecate → remove where applicable.,Health truth-table tests.; Dependency outage tests.; Diagnostic reproducibility/hash tests.
atlas/errors.py::AtlasError,refactor,T18.1.1,"E18 Retry, timeout, idempotency, reconciliation, and crash recovery",P1,"Create stable categories, reason codes, retry hints, safe operator text, and causation fields.",PROPOSED PATH UNDER EXISTING REPOSITORY AREA,Preserve public imports/config/CLI/data through introduce → dual-support → migrate → verify → deprecate → remove where applicable.,Registry completeness tests.; Error serialization/golden tests.; Legacy exception mapping tests.
atlas/events intake events,extend,T6.1.3,E6 Registered sources and immutable intake generations,P0,Record accepted/failed/blocked/superseded outcomes.,PROPOSED PATH UNDER EXISTING REPOSITORY AREA,Preserve public imports/config/CLI/data through introduce → dual-support → migrate → verify → deprecate → remove where applicable.,Canonical manifest golden tests.; Acceptance-guard truth-table tests.; Crash-at-acceptance fault injection.
atlas/events/contracts.py,extend,T21.1.3,E21 Versioned external command and event adapters,P2,Define routing/version headers and consumer compatibility guidance.,PROPOSED PATH UNDER EXISTING REPOSITORY AREA,Preserve public imports/config/CLI/data through introduce → dual-support → migrate → verify → deprecate → remove where applicable.,Transport conformance tests with test broker.; Outage/confirm-loss/redelivery tests.; Backlog/capacity/backpressure tests.
atlas/events/dispatcher.py,extend,T21.1.3,E21 Versioned external command and event adapters,P2,"Add transport-specific retry, backoff, delivery status, and capacity policy.",PROPOSED PATH UNDER EXISTING REPOSITORY AREA,Preserve public imports/config/CLI/data through introduce → dual-support → migrate → verify → deprecate → remove where applicable.,Transport conformance tests with test broker.; Outage/confirm-loss/redelivery tests.; Backlog/capacity/backpressure tests.
atlas/events/dispatcher.py::OutboxDispatcher,create,T8.1.3,E8 Durable events and transactional outbox,P0,"Own leasing, delivery, retry, and acknowledgement.",PROPOSED PATH UNDER EXISTING REPOSITORY AREA,Preserve public imports/config/CLI/data through introduce → dual-support → migrate → verify → deprecate → remove where applicable.,Dispatcher lease/fencing tests.; Lost-ack and duplicate-delivery tests.; Poison/dead-letter tests.
atlas/events/models.py::DurableEvent,create,T8.1.1,E8 Durable events and transactional outbox,P0,Own event envelope and typed payload references.,PROPOSED PATH UNDER EXISTING REPOSITORY AREA,Preserve public imports/config/CLI/data through introduce → dual-support → migrate → verify → deprecate → remove where applicable.,Schema and serialization tests.; Sequence/ordering tests.; Unknown-version compatibility tests.
atlas/events/models.py::OutboxRecord,create,T8.1.1,E8 Durable events and transactional outbox,P0,Represent delivery intent and status.,PROPOSED PATH UNDER EXISTING REPOSITORY AREA,Preserve public imports/config/CLI/data through introduce → dual-support → migrate → verify → deprecate → remove where applicable.,Schema and serialization tests.; Sequence/ordering tests.; Unknown-version compatibility tests.
atlas/events/policy.py,create,T8.1.4,E8 Durable events and transactional outbox,P0,"Own event class durability, sampling, coalescing, and retention policy.",PROPOSED PATH UNDER EXISTING REPOSITORY AREA,Preserve public imports/config/CLI/data through introduce → dual-support → migrate → verify → deprecate → remove where applicable.,Sampling/coalescing property tests.; Required-event non-drop tests.; High-volume progress load tests.
atlas/events/queries.py,create,T8.1.4,E8 Durable events and transactional outbox,P0,Provide ordered history and replay/export queries.,PROPOSED PATH UNDER EXISTING REPOSITORY AREA,Preserve public imports/config/CLI/data through introduce → dual-support → migrate → verify → deprecate → remove where applicable.,Sampling/coalescing property tests.; Required-event non-drop tests.; High-volume progress load tests.
atlas/events/rabbitmq.py,refactor,T21.1.3,E21 Versioned external command and event adapters,P2,Publish versioned event envelopes from committed outbox rows with confirms.,PROPOSED PATH UNDER EXISTING REPOSITORY AREA,Preserve public imports/config/CLI/data through introduce → dual-support → migrate → verify → deprecate → remove where applicable.,Transport conformance tests with test broker.; Outage/confirm-loss/redelivery tests.; Backlog/capacity/backpressure tests.
atlas/events/recorder.py::DurableEventRecorder,create,T8.1.2,E8 Durable events and transactional outbox,P0,Build and append required events inside caller transactions.,PROPOSED PATH UNDER EXISTING REPOSITORY AREA,Preserve public imports/config/CLI/data through introduce → dual-support → migrate → verify → deprecate → remove where applicable.,Transaction unit tests.; Kill/fault injection at state/event/outbox/commit boundaries.; Duplicate command/idempotency tests.
atlas/events/transports/base.py,create,T8.1.3,E8 Durable events and transactional outbox,P0,Define delivery adapter contract.,PROPOSED PATH UNDER EXISTING REPOSITORY AREA,Preserve public imports/config/CLI/data through introduce → dual-support → migrate → verify → deprecate → remove where applicable.,Dispatcher lease/fencing tests.; Lost-ack and duplicate-delivery tests.; Poison/dead-letter tests.
atlas/events/webhooks.py::WebhookDispatcher,create,T21.1.4,E21 Versioned external command and event adapters,P2,Select subscriptions and perform durable delivery attempts.,PROPOSED PATH UNDER EXISTING REPOSITORY AREA,Preserve public imports/config/CLI/data through introduce → dual-support → migrate → verify → deprecate → remove where applicable.,Signature golden/rotation tests.; Duplicate/replay receiver tests.; SSRF/DNS-rebinding/redirect negative tests.
atlas/execution/artifact_access.py,extend,T22.1.1,E22 Subprocess plugin isolation and enforceable resource controls,P2,Issue mediated read-only content/derived-artifact handles or copies.,PROPOSED PATH UNDER EXISTING REPOSITORY AREA,Preserve public imports/config/CLI/data through introduce → dual-support → migrate → verify → deprecate → remove where applicable.,Protocol codec/golden tests.; Malformed/truncated/fuzz tests.; Environment/fd/secret leakage tests.
atlas/execution/base.py::ExecutionBackend,create,T15.1.1,E15 ExecutionBackend contracts and trusted in-process execution,P1,Define submit/cancel/health/conformance contract.,PROPOSED PATH UNDER EXISTING REPOSITORY AREA,Preserve public imports/config/CLI/data through introduce → dual-support → migrate → verify → deprecate → remove where applicable.,Schema/serialization tests.; Digest determinism tests.; Malformed result fuzz tests.
atlas/execution/base.py::WorkResult,create,T15.1.1,E15 ExecutionBackend contracts and trusted in-process execution,P1,Represent untrusted execution outcome for validation.,PROPOSED PATH UNDER EXISTING REPOSITORY AREA,Preserve public imports/config/CLI/data through introduce → dual-support → migrate → verify → deprecate → remove where applicable.,Schema/serialization tests.; Digest determinism tests.; Malformed result fuzz tests.
atlas/execution/base.py::WorkSpec,create,T15.1.1,E15 ExecutionBackend contracts and trusted in-process execution,P1,Represent immutable authorized work.,PROPOSED PATH UNDER EXISTING REPOSITORY AREA,Preserve public imports/config/CLI/data through introduce → dual-support → migrate → verify → deprecate → remove where applicable.,Schema/serialization tests.; Digest determinism tests.; Malformed result fuzz tests.
atlas/execution/capabilities.py::CapabilityGrant,extend,T22.1.3,E22 Subprocess plugin isolation and enforceable resource controls,P2,"Resolve filesystem, network, tool, and secret grants for one attempt.",PROPOSED PATH UNDER EXISTING REPOSITORY AREA,Preserve public imports/config/CLI/data through introduce → dual-support → migrate → verify → deprecate → remove where applicable.,CPU/memory/process/temp/output exhaustion tests.; Network deny/allow tests.; Tool replacement/argument injection tests.
atlas/execution/inprocess.py::InProcessBackend,create,T15.1.2,E15 ExecutionBackend contracts and trusted in-process execution,P1,Execute approved factories in the current process.,PROPOSED PATH UNDER EXISTING REPOSITORY AREA,Preserve public imports/config/CLI/data through introduce → dual-support → migrate → verify → deprecate → remove where applicable.,Backend unit tests.; Trusted analyzer integration tests.; Cancellation/deadline tests.
atlas/execution/limits.py,create,T22.1.3,E22 Subprocess plugin isolation and enforceable resource controls,P2,"Translate hierarchical budgets to platform CPU, memory, process, file, and time controls.",PROPOSED PATH UNDER EXISTING REPOSITORY AREA,Preserve public imports/config/CLI/data through introduce → dual-support → migrate → verify → deprecate → remove where applicable.,CPU/memory/process/temp/output exhaustion tests.; Network deny/allow tests.; Tool replacement/argument injection tests.
atlas/execution/process_supervisor.py,create,T22.1.2,E22 Subprocess plugin isolation and enforceable resource controls,P2,"Manage process group/job object, lifecycle, deadlines, output limits, and termination escalation.",PROPOSED PATH UNDER EXISTING REPOSITORY AREA,Preserve public imports/config/CLI/data through introduce → dual-support → migrate → verify → deprecate → remove where applicable.,Lifecycle state-machine tests.; Hang/fork/output-flood hostile tests.; Cancel/result race tests.
atlas/execution/protocol.py,create,T22.1.1,E22 Subprocess plugin isolation and enforceable resource controls,P2,"Define handshake, request, progress, result, error, and cancellation messages.",PROPOSED PATH UNDER EXISTING REPOSITORY AREA,Preserve public imports/config/CLI/data through introduce → dual-support → migrate → verify → deprecate → remove where applicable.,Protocol codec/golden tests.; Malformed/truncated/fuzz tests.; Environment/fd/secret leakage tests.
atlas/execution/remote.py,extend,T26.1.3,E26 Optional remote worker execution,P3,"Own assignment, lease, progress, cancel, result verification, and recovery mapping.",PROPOSED PATH UNDER EXISTING REPOSITORY AREA,Preserve public imports/config/CLI/data through introduce → dual-support → migrate → verify → deprecate → remove where applicable.,Scheduling determinism/compatibility tests.; Partition/duplicate/stale result tests.; Cancel-loss/successor race tests.
atlas/execution/remote.py::RemoteExecutionBackend,create,T26.1.1,E26 Optional remote worker execution,P3,Implement coordinator-side backend contract without scheduler authority.,PROPOSED PATH UNDER EXISTING REPOSITORY AREA,Preserve public imports/config/CLI/data through introduce → dual-support → migrate → verify → deprecate → remove where applicable.,Protocol codec/golden/fuzz tests.; Compatibility negotiation tests.; Identity/forgery/replay negative tests.
atlas/execution/remote_protocol.py,create,T26.1.1,E26 Optional remote worker execution,P3,"Define worker registration, capability, lease, WorkSpec, progress, result, cancel, and drain envelopes.",PROPOSED PATH UNDER EXISTING REPOSITORY AREA,Preserve public imports/config/CLI/data through introduce → dual-support → migrate → verify → deprecate → remove where applicable.,Protocol codec/golden/fuzz tests.; Compatibility negotiation tests.; Identity/forgery/replay negative tests.
atlas/execution/remote_scheduler.py,create,T26.1.3,E26 Optional remote worker execution,P3,Match WorkSpecs to compatible workers using bounded deterministic policy.,PROPOSED PATH UNDER EXISTING REPOSITORY AREA,Preserve public imports/config/CLI/data through introduce → dual-support → migrate → verify → deprecate → remove where applicable.,Scheduling determinism/compatibility tests.; Partition/duplicate/stale result tests.; Cancel-loss/successor race tests.
atlas/execution/subprocess.py,extend,T22.1.2,E22 Subprocess plugin isolation and enforceable resource controls,P2,"Integrate supervisor, checkpoints/progress, and backend result mapping.",PROPOSED PATH UNDER EXISTING REPOSITORY AREA,Preserve public imports/config/CLI/data through introduce → dual-support → migrate → verify → deprecate → remove where applicable.,Lifecycle state-machine tests.; Hang/fork/output-flood hostile tests.; Cancel/result race tests.
atlas/execution/subprocess.py::SubprocessBackend,create,T22.1.1,E22 Subprocess plugin isolation and enforceable resource controls,P2,Implement the backend contract and protocol lifecycle.,PROPOSED PATH UNDER EXISTING REPOSITORY AREA,Preserve public imports/config/CLI/data through introduce → dual-support → migrate → verify → deprecate → remove where applicable.,Protocol codec/golden tests.; Malformed/truncated/fuzz tests.; Environment/fd/secret leakage tests.
atlas/execution/testing.py,create,T15.1.4,E15 ExecutionBackend contracts and trusted in-process execution,P1,Expose test-only backend harness utilities.,PROPOSED PATH UNDER EXISTING REPOSITORY AREA,Preserve public imports/config/CLI/data through introduce → dual-support → migrate → verify → deprecate → remove where applicable.,Backend conformance matrix.; Deterministic cross-backend result comparison.; Crash/loss/cancel fault tests.
atlas/execution/validation.py,create,T15.1.3,E15 ExecutionBackend contracts and trusted in-process execution,P1,Validate spec/result/output/budget bindings.,PROPOSED PATH UNDER EXISTING REPOSITORY AREA,Preserve public imports/config/CLI/data through introduce → dual-support → migrate → verify → deprecate → remove where applicable.,Validation unit/property tests.; Duplicate/conflicting result tests.; Stale fencing/cancel tests.
atlas/intake/service.py::IntakeGenerationBuilder,create,T6.1.2,E6 Registered sources and immutable intake generations,P0,Own generation construction and traversal.,PROPOSED PATH UNDER EXISTING REPOSITORY AREA,Preserve public imports/config/CLI/data through introduce → dual-support → migrate → verify → deprecate → remove where applicable.,Small/empty/deep/wide tree integration tests.; Million-entry synthetic benchmark.; Mutation-during-traversal tests.
atlas/intake/service.py::accept_generation,create,T6.1.3,E6 Registered sources and immutable intake generations,P0,Own acceptance and manifest hashing.,PROPOSED PATH UNDER EXISTING REPOSITORY AREA,Preserve public imports/config/CLI/data through introduce → dual-support → migrate → verify → deprecate → remove where applicable.,Canonical manifest golden tests.; Acceptance-guard truth-table tests.; Crash-at-acceptance fault injection.
atlas/integrations/mcp.py,"create, extend","T27.1.1, T27.1.2",E27 Bounded MCP and operator interfaces,P3,Implement optional MCP server adapter over status/evidence/lineage/proposal services.; Add explicitly configured consequential command adapters.,PROPOSED PATH UNDER EXISTING REPOSITORY AREA,Preserve public imports/config/CLI/data through introduce → dual-support → migrate → verify → deprecate → remove where applicable.,Tool/resource schema tests.; Prompt-injection and confused-deputy negative tests.; Hallucinated/stale ID tests.
atlas/migration/backend.py,create,T25.1.2,E25 Measured optional PostgreSQL and object-storage adapters,P3,"Define copy, verify, freeze/cutover, authority marker, and rollback protocols.",PROPOSED PATH UNDER EXISTING REPOSITORY AREA,Preserve public imports/config/CLI/data through introduce → dual-support → migrate → verify → deprecate → remove where applicable.,Reference-backend conformance tests.; Authority-marker/split-brain negative tests.; Partial copy/write-race fault tests.
atlas/migration/content.py,create,T25.1.4,E25 Measured optional PostgreSQL and object-storage adapters,P3,"Copy, verify, resume, cut over, and reconcile local/object content.",PROPOSED PATH UNDER EXISTING REPOSITORY AREA,Preserve public imports/config/CLI/data through introduce → dual-support → migrate → verify → deprecate → remove where applicable.,ContentStore conformance suite.; Timeout/unknown upload/reconciliation tests.; Consistency visibility tests.
atlas/models/checkpoints.py,create,T9.1.1,"E9 Durable progress, controls, safe points, and checkpoints",P0,Define versioned checkpoint identity and compatibility fields.,PROPOSED PATH UNDER EXISTING REPOSITORY AREA,Preserve public imports/config/CLI/data through introduce → dual-support → migrate → verify → deprecate → remove where applicable.,Model/schema unit tests.; Progress monotonicity/property tests.; Control idempotency and scope tests.
atlas/models/claims.py::JobClaim,create,T19.1.2,E19 Long-running local runtime ownership,P1,"Represent owner, lease, heartbeat, fencing token, state version, and release reason.",PROPOSED PATH UNDER EXISTING REPOSITORY AREA,Preserve public imports/config/CLI/data through introduce → dual-support → migrate → verify → deprecate → remove where applicable.,Claim transaction/concurrency tests.; Lease expiry/renewal tests.; Stale/forged token negative tests.
atlas/models/controls.py,create,T9.1.1,"E9 Durable progress, controls, safe points, and checkpoints",P0,Define ControlRequest and acknowledgement states.,PROPOSED PATH UNDER EXISTING REPOSITORY AREA,Preserve public imports/config/CLI/data through introduce → dual-support → migrate → verify → deprecate → remove where applicable.,Model/schema unit tests.; Progress monotonicity/property tests.; Control idempotency and scope tests.
atlas/models/evidence.py::EvidenceRecord,create,T17.1.2,"E17 Durable findings, evidence, review, and publication",P1,"Define evidence types, cited subjects, source records, verifier, confidence, validity, and supersession.",PROPOSED PATH UNDER EXISTING REPOSITORY AREA,Preserve public imports/config/CLI/data through introduce → dual-support → migrate → verify → deprecate → remove where applicable.,Canonical digest golden tests.; Citation integrity and foreign-key tests.; Conflicting/superseded evidence tests.
atlas/models/findings.py::AnalysisFinding,create,T17.1.1,"E17 Durable findings, evidence, review, and publication",P1,"Define the durable finding identity, subject, predicate/type, value, confidence, provenance, and status contract.",PROPOSED PATH UNDER EXISTING REPOSITORY AREA,Preserve public imports/config/CLI/data through introduce → dual-support → migrate → verify → deprecate → remove where applicable.,Schema and repository unit tests.; Analyzer-contract integration tests.; Malformed/oversized output negative tests.
atlas/models/proposals.py::AnalysisProposal,create,T27.1.1,E27 Bounded MCP and operator interfaces,P3,Persist bounded non-authoritative model/agent proposals and provenance.,PROPOSED PATH UNDER EXISTING REPOSITORY AREA,Preserve public imports/config/CLI/data through introduce → dual-support → migrate → verify → deprecate → remove where applicable.,Tool/resource schema tests.; Prompt-injection and confused-deputy negative tests.; Hallucinated/stale ID tests.
atlas/models/publication.py,create,T17.1.4,"E17 Durable findings, evidence, review, and publication",P1,"Define `PublicationRequest`, `PublicationAttempt`, and `DestinationPublication` records.",PROPOSED PATH UNDER EXISTING REPOSITORY AREA,Preserve public imports/config/CLI/data through introduce → dual-support → migrate → verify → deprecate → remove where applicable.,Approve/reject/hold end-to-end tests.; Idempotency and duplicate-request tests.; Partial/timeout/unknown-outcome fault injection.
atlas/models/review.py::PromotionDecision,create,T17.1.3,"E17 Durable findings, evidence, review, and publication",P1,"Define decision state, subject, evidence-set digest, actor/policy identity, reason, validity, and supersession.",PROPOSED PATH UNDER EXISTING REPOSITORY AREA,Preserve public imports/config/CLI/data through introduce → dual-support → migrate → verify → deprecate → remove where applicable.,State/transition table tests.; Concurrent review and stale-version tests.; Policy adapter conformance tests.
atlas/models/states.py,create,T5.1.1,"E5 Explicit lifecycle state machines, attempts, and fencing",P0,"Own enums, terminal sets, and typed transition reasons.",PROPOSED PATH UNDER EXISTING REPOSITORY AREA,Preserve public imports/config/CLI/data through introduce → dual-support → migrate → verify → deprecate → remove where applicable.,Transition-table completeness tests.; State enum serialization/version tests.; Truth-table tests for failure propagation.
atlas/models/states.py::FailurePolicy,create,T3.1.1,E3 Versioned pipeline semantics and configuration,P0,Provide one authoritative error-policy enum.,PROPOSED PATH UNDER EXISTING REPOSITORY AREA,Preserve public imports/config/CLI/data through introduce → dual-support → migrate → verify → deprecate → remove where applicable.,Model unit tests for every valid state.; Permutation/property tests rejecting reordering and duplicates.; Failure-policy truth-table tests.
atlas/models/webhooks.py,create,T21.1.4,E21 Versioned external command and event adapters,P2,"Define subscription, secret reference, delivery attempt, response summary, and status.",PROPOSED PATH UNDER EXISTING REPOSITORY AREA,Preserve public imports/config/CLI/data through introduce → dual-support → migrate → verify → deprecate → remove where applicable.,Signature golden/rotation tests.; Duplicate/replay receiver tests.; SSRF/DNS-rebinding/redirect negative tests.
atlas/models/work_items.py::WorkItem,create,T16.1.1,"E16 Phase-internal work items, deterministic reuse, and unified budgets",P1,"Represent phase-scoped units, dependencies, state, attempt, and result.",PROPOSED PATH UNDER EXISTING REPOSITORY AREA,Preserve public imports/config/CLI/data through introduce → dual-support → migrate → verify → deprecate → remove where applicable.,Model/schema tests.; Deterministic planning property tests.; Cycle/cross-phase negative tests.
atlas/persistence/backup.py,create,T4.1.4,E4 StateStore and SQLite migration foundation,P0,"Own safe backup, hash, restore, and verification workflows.",PROPOSED PATH UNDER EXISTING REPOSITORY AREA,Preserve public imports/config/CLI/data through introduce → dual-support → migrate → verify → deprecate → remove where applicable.,Integrity and FK check tests.; Backup hash and restore verification tests.; Corruption and truncated-backup negative tests.
atlas/persistence/base.py::StateStore,create,T4.1.1,E4 StateStore and SQLite migration foundation,P0,"Define transaction, repository, and capability protocols.",PROPOSED PATH UNDER EXISTING REPOSITORY AREA,Preserve public imports/config/CLI/data through introduce → dual-support → migrate → verify → deprecate → remove where applicable.,Protocol/type-check tests.; Transaction commit/rollback unit tests.; Nested-call and cancellation tests.
atlas/persistence/conformance.py,extend,T25.1.2,E25 Measured optional PostgreSQL and object-storage adapters,P3,"Cover transactions, locks, migrations, events, claims, idempotency, recovery, and queries.",PROPOSED PATH UNDER EXISTING REPOSITORY AREA,Preserve public imports/config/CLI/data through introduce → dual-support → migrate → verify → deprecate → remove where applicable.,Reference-backend conformance tests.; Authority-marker/split-brain negative tests.; Partial copy/write-race fault tests.
atlas/persistence/errors.py,create,T4.1.1,E4 StateStore and SQLite migration foundation,P0,"Normalize contention, integrity, schema, and I/O failures.",PROPOSED PATH UNDER EXISTING REPOSITORY AREA,Preserve public imports/config/CLI/data through introduce → dual-support → migrate → verify → deprecate → remove where applicable.,Protocol/type-check tests.; Transaction commit/rollback unit tests.; Nested-call and cancellation tests.
atlas/persistence/migrations/,create,T4.1.3,E4 StateStore and SQLite migration foundation,P0,Store immutable numbered migration modules or SQL.,PROPOSED PATH UNDER EXISTING REPOSITORY AREA,Preserve public imports/config/CLI/data through introduce → dual-support → migrate → verify → deprecate → remove where applicable.,Fresh-install migration tests.; Every-version upgrade tests.; Schema fingerprint comparison.
atlas/persistence/postgres.py::PostgresStateStore,create,T25.1.3,E25 Measured optional PostgreSQL and object-storage adapters,P3,Implement StateStore with explicit transaction and connection ownership.,PROPOSED PATH UNDER EXISTING REPOSITORY AREA,Preserve public imports/config/CLI/data through introduce → dual-support → migrate → verify → deprecate → remove where applicable.,StateStore conformance suite.; Network/failover/deadlock fault tests.; Pool/contention/load tests.
atlas/persistence/repositories/attempts.py,create,T5.1.2,"E5 Explicit lifecycle state machines, attempts, and fencing",P0,Own attempt reads and writes.,PROPOSED PATH UNDER EXISTING REPOSITORY AREA,Preserve public imports/config/CLI/data through introduce → dual-support → migrate → verify → deprecate → remove where applicable.,Repository unit tests.; Concurrent attempt-creation tests.; Foreign-key/uniqueness negative tests.
atlas/persistence/repositories/blobs.py,create,T12.1.3,E12 Optional immutable local content store,P1,Persist blob/provider/reference/integrity records.,PROPOSED PATH UNDER EXISTING REPOSITORY AREA,Preserve public imports/config/CLI/data through introduce → dual-support → migrate → verify → deprecate → remove where applicable.,Repository/model tests.; One-pass hash/capture integration tests.; Quota race/reservation tests.
atlas/persistence/repositories/checkpoints.py,create,T9.1.4,"E9 Durable progress, controls, safe points, and checkpoints",P0,Persist versioned checkpoint records.,PROPOSED PATH UNDER EXISTING REPOSITORY AREA,Preserve public imports/config/CLI/data through introduce → dual-support → migrate → verify → deprecate → remove where applicable.,Checkpoint service unit tests.; Per-phase resume integration tests.; Version/config/input mismatch negative tests.
atlas/persistence/repositories/content.py,create,T7.1.3,E7 Persistent content identity and occurrence linkage,P0,Provide indexed identity and link queries.,PROPOSED PATH UNDER EXISTING REPOSITORY AREA,Preserve public imports/config/CLI/data through introduce → dual-support → migrate → verify → deprecate → remove where applicable.,Cross-run duplicate integration tests.; High-cardinality occurrence query benchmark.; Missing/corrupt blob eligibility tests.
atlas/persistence/repositories/derivations.py,create,T11.1.4,"E11 Quarantine, recursive archive budgets, and controlled materialization",P0,Persist derivation graph and cleanup outcome.,PROPOSED PATH UNDER EXISTING REPOSITORY AREA,Preserve public imports/config/CLI/data through introduce → dual-support → migrate → verify → deprecate → remove where applicable.,Derivation repository unit tests.; Parent-to-child and child-to-parent query tests.; Transaction failure/orphan reconciliation tests.
atlas/persistence/repositories/extractions.py,create,T13.1.2,E13 Structural and extraction lineage contracts,P1,Persist plan/outcome/output records.,PROPOSED PATH UNDER EXISTING REPOSITORY AREA,Preserve public imports/config/CLI/data through introduce → dual-support → migrate → verify → deprecate → remove where applicable.,Repository/model tests.; Zero/large-output tests.; Cancellation/crash boundary tests.
atlas/persistence/repositories/intake.py,create,T6.1.3,E6 Registered sources and immutable intake generations,P0,Persist generation state and occurrence sets.,PROPOSED PATH UNDER EXISTING REPOSITORY AREA,Preserve public imports/config/CLI/data through introduce → dual-support → migrate → verify → deprecate → remove where applicable.,Canonical manifest golden tests.; Acceptance-guard truth-table tests.; Crash-at-acceptance fault injection.
atlas/persistence/repositories/progress.py,create,T9.1.2,"E9 Durable progress, controls, safe points, and checkpoints",P0,Own current progress and update sequence.,PROPOSED PATH UNDER EXISTING REPOSITORY AREA,Preserve public imports/config/CLI/data through introduce → dual-support → migrate → verify → deprecate → remove where applicable.,Progress repository unit tests.; Aggregation property tests.; Second-process status integration tests.
atlas/persistence/repositories/structures.py,create,T13.1.1,E13 Structural and extraction lineage contracts,P1,Persist reports and member records.,PROPOSED PATH UNDER EXISTING REPOSITORY AREA,Preserve public imports/config/CLI/data through introduce → dual-support → migrate → verify → deprecate → remove where applicable.,Model/repository unit tests.; Inspector attribution/version tests.; Partial/unknown state tests.
atlas/persistence/repositories/transitions.py,create,T5.1.3,"E5 Explicit lifecycle state machines, attempts, and fencing",P0,Perform compare-and-set mutations.,PROPOSED PATH UNDER EXISTING REPOSITORY AREA,Preserve public imports/config/CLI/data through introduce → dual-support → migrate → verify → deprecate → remove where applicable.,Compare-and-set unit tests.; Concurrent process race tests.; Stale fencing-result tests.
atlas/persistence/repositories/work_items.py,create,T16.1.2,"E16 Phase-internal work items, deterministic reuse, and unified budgets",P1,Persist work-item states and claims.,PROPOSED PATH UNDER EXISTING REPOSITORY AREA,Preserve public imports/config/CLI/data through introduce → dual-support → migrate → verify → deprecate → remove where applicable.,Scheduler unit tests.; Concurrency/fairness tests.; Million-item planning/streaming benchmark.
atlas/persistence/repositories/work_results.py,create,T15.1.3,E15 ExecutionBackend contracts and trusted in-process execution,P1,Persist accepted/rejected result evidence.,PROPOSED PATH UNDER EXISTING REPOSITORY AREA,Preserve public imports/config/CLI/data through introduce → dual-support → migrate → verify → deprecate → remove where applicable.,Validation unit/property tests.; Duplicate/conflicting result tests.; Stale fencing/cancel tests.
atlas/persistence/sqlite.py::SQLiteStateStore,create,T4.1.2,E4 StateStore and SQLite migration foundation,P0,Own SQLite connections and transactions.,PROPOSED PATH UNDER EXISTING REPOSITORY AREA,Preserve public imports/config/CLI/data through introduce → dual-support → migrate → verify → deprecate → remove where applicable.,SQLite conformance tests.; Concurrent reader/writer contention tests.; Foreign-key and constraint negative tests.
atlas/persistence/sqlite_repositories.py,create,T4.1.2,E4 StateStore and SQLite migration foundation,P0,Implement repository contracts.,PROPOSED PATH UNDER EXISTING REPOSITORY AREA,Preserve public imports/config/CLI/data through introduce → dual-support → migrate → verify → deprecate → remove where applicable.,SQLite conformance tests.; Concurrent reader/writer contention tests.; Foreign-key and constraint negative tests.
atlas/phases/*,refactor,"T3.1.3, T10.1.4",E10 Canonical race-resistant source access; E3 Versioned pipeline semantics and configuration,P0,Consume typed settings instead of unstructured metadata.; Replace direct source open/stat/walk/write paths.,PROPOSED PATH UNDER EXISTING REPOSITORY AREA,Preserve public imports/config/CLI/data through introduce → dual-support → migrate → verify → deprecate → remove where applicable.,Per-phase model unit tests.; Unknown/missing/wrong-type property tests.; Consumer coverage test proving every field is read or intentionally reserved.
atlas/phases/* checkpoint adapters,extend,T9.1.4,"E9 Durable progress, controls, safe points, and checkpoints",P0,Implement phase-specific cursor and reconciliation logic.,PROPOSED PATH UNDER EXISTING REPOSITORY AREA,Preserve public imports/config/CLI/data through introduce → dual-support → migrate → verify → deprecate → remove where applicable.,Checkpoint service unit tests.; Per-phase resume integration tests.; Version/config/input mismatch negative tests.
atlas/phases/analysis.py::AnalyzerPlugin,refactor,T14.1.4,"E14 Typed plugin contracts, registry, and trust policy",P1,Retain compatibility protocol and adapter.,PROPOSED PATH UNDER EXISTING REPOSITORY AREA,Preserve public imports/config/CLI/data through introduce → dual-support → migrate → verify → deprecate → remove where applicable.,Legacy plugin golden tests.; Large-result/no-truncation tests.; Malformed/non-serializable output tests.
atlas/phases/analyze.py,refactor,T17.1.1,"E17 Durable findings, evidence, review, and publication",P1,Normalize analyzer results through the finding contract while preserving a compatibility projection.,PROPOSED PATH UNDER EXISTING REPOSITORY AREA,Preserve public imports/config/CLI/data through introduce → dual-support → migrate → verify → deprecate → remove where applicable.,Schema and repository unit tests.; Analyzer-contract integration tests.; Malformed/oversized output negative tests.
atlas/phases/base.py::PhaseContext,extend,T3.1.3,E3 Versioned pipeline semantics and configuration,P0,Expose validated phase configuration only.,PROPOSED PATH UNDER EXISTING REPOSITORY AREA,Preserve public imports/config/CLI/data through introduce → dual-support → migrate → verify → deprecate → remove where applicable.,Per-phase model unit tests.; Unknown/missing/wrong-type property tests.; Consumer coverage test proving every field is read or intentionally reserved.
atlas/phases/base.py::control_point,extend,T9.1.3,"E9 Durable progress, controls, safe points, and checkpoints",P0,Poll and acknowledge controls through PhaseContext.,PROPOSED PATH UNDER EXISTING REPOSITORY AREA,Preserve public imports/config/CLI/data through introduce → dual-support → migrate → verify → deprecate → remove where applicable.,Control service unit tests.; Second-process integration tests.; Cancel-versus-success race tests.
atlas/phases/base.py::report_progress,refactor,T9.1.2,"E9 Durable progress, controls, safe points, and checkpoints",P0,Delegate through PhaseContext.,PROPOSED PATH UNDER EXISTING REPOSITORY AREA,Preserve public imports/config/CLI/data through introduce → dual-support → migrate → verify → deprecate → remove where applicable.,Progress repository unit tests.; Aggregation property tests.; Second-process status integration tests.
atlas/phases/extraction.py,refactor,T11.1.3,"E11 Quarantine, recursive archive budgets, and controlled materialization",P0,Consume report IDs and materialization plans.,EXISTING FROZEN PATH,Preserve public imports/config/CLI/data through introduce → dual-support → migrate → verify → deprecate → remove where applicable.,Traversal/collision/link negative tests.; Report-binding mismatch tests.; Disk-full/fsync/short-write fault tests.
atlas/phases/extraction.py and analysis.py,refactor,T6.1.4,E6 Registered sources and immutable intake generations,P0,Reject arbitrary source paths after intake.,PROPOSED PATH UNDER EXISTING REPOSITORY AREA,Preserve public imports/config/CLI/data through introduce → dual-support → migrate → verify → deprecate → remove where applicable.,Phase input contract tests.; Static search/lint for direct traversal calls.; Source deletion/mutation integration tests.
atlas/phases/extraction.py::execute,refactor,T13.1.3,E13 Structural and extraction lineage contracts,P1,Validate bindings before invoking MaterializationService.,PROPOSED PATH UNDER EXISTING REPOSITORY AREA,Preserve public imports/config/CLI/data through introduce → dual-support → migrate → verify → deprecate → remove where applicable.,Report/content mismatch tests.; Config/policy/version mismatch tests.; Cross-job/report authorization tests.
atlas/phases/fingerprinting.py,refactor,"T6.1.4, T7.1.2",E6 Registered sources and immutable intake generations; E7 Persistent content identity and occurrence linkage,P0,Read accepted occurrences rather than traverse live source.; Use occurrence IDs and identity service.,EXISTING FROZEN PATH,Preserve public imports/config/CLI/data through introduce → dual-support → migrate → verify → deprecate → remove where applicable.,Phase input contract tests.; Static search/lint for direct traversal calls.; Source deletion/mutation integration tests.
atlas/phases/fingerprinting.py result contract,extend,T7.1.3,E7 Persistent content identity and occurrence linkage,P0,"Report new, known, stale, and capture status.",PROPOSED PATH UNDER EXISTING REPOSITORY AREA,Preserve public imports/config/CLI/data through introduce → dual-support → migrate → verify → deprecate → remove where applicable.,Cross-run duplicate integration tests.; High-cardinality occurrence query benchmark.; Missing/corrupt blob eligibility tests.
atlas/phases/reconnaissance.py,refactor,T6.1.2,E6 Registered sources and immutable intake generations,P0,Delegate to IntakeGenerationBuilder.,EXISTING FROZEN PATH,Preserve public imports/config/CLI/data through introduce → dual-support → migrate → verify → deprecate → remove where applicable.,Small/empty/deep/wide tree integration tests.; Million-entry synthetic benchmark.; Mutation-during-traversal tests.
atlas/phases/review.py,refactor,T17.1.3,"E17 Durable findings, evidence, review, and publication",P1,Replace transient promotion candidates with durable review requests and compatibility summaries.,EXISTING FROZEN PATH,Preserve public imports/config/CLI/data through introduce → dual-support → migrate → verify → deprecate → remove where applicable.,State/transition table tests.; Concurrent review and stale-version tests.; Policy adapter conformance tests.
atlas/phases/structural_discovery.py,refactor,"T6.1.4, T11.1.2, T13.1.1","E11 Quarantine, recursive archive budgets, and controlled materialization; E13 Structural and extraction lineage contracts; E6 Registered sources and immutable intake generations","P0, P1",Resolve content through occurrence/content records.; Inspect nested containers through bounded queue.; Write typed reports instead of metadata.,EXISTING FROZEN PATH,Preserve public imports/config/CLI/data through introduce → dual-support → migrate → verify → deprecate → remove where applicable.,Phase input contract tests.; Static search/lint for direct traversal calls.; Source deletion/mutation integration tests.
atlas/plugin_sdk/,create,T23.1.3,"E23 Retention, compatibility, plugin SDK, and source-provider evolution",P2,"Publish stable descriptors, request/result models, errors, fixtures, and test helpers.",PROPOSED PATH UNDER EXISTING REPOSITORY AREA,Preserve public imports/config/CLI/data through introduce → dual-support → migrate → verify → deprecate → remove where applicable.,SDK public-surface tests.; Example plugin end-to-end tests.; Descriptor/runtime mismatch tests.
atlas/plugins/contracts.py::AnalysisContext,create,T14.1.1,"E14 Typed plugin contracts, registry, and trust policy",P1,"Expose mediated reads, derived outputs, progress, and diagnostics.",PROPOSED PATH UNDER EXISTING REPOSITORY AREA,Preserve public imports/config/CLI/data through introduce → dual-support → migrate → verify → deprecate → remove where applicable.,Schema/model unit tests.; Malformed/oversized finding fuzz tests.; Context capability negative tests.
atlas/plugins/contracts.py::AnalysisFinding,create,T14.1.1,"E14 Typed plugin contracts, registry, and trust policy",P1,Normalize attributed analyzer output.,PROPOSED PATH UNDER EXISTING REPOSITORY AREA,Preserve public imports/config/CLI/data through introduce → dual-support → migrate → verify → deprecate → remove where applicable.,Schema/model unit tests.; Malformed/oversized finding fuzz tests.; Context capability negative tests.
atlas/plugins/contracts.py::PluginDescriptor,create,T14.1.1,"E14 Typed plugin contracts, registry, and trust policy",P1,"Declare identity, compatibility, inputs, outputs, capabilities, and resources.",PROPOSED PATH UNDER EXISTING REPOSITORY AREA,Preserve public imports/config/CLI/data through introduce → dual-support → migrate → verify → deprecate → remove where applicable.,Schema/model unit tests.; Malformed/oversized finding fuzz tests.; Context capability negative tests.
atlas/plugins/discovery.py,create,T14.1.2,"E14 Typed plugin contracts, registry, and trust policy",P1,Load approved built-ins/entry points deterministically.,PROPOSED PATH UNDER EXISTING REPOSITORY AREA,Preserve public imports/config/CLI/data through introduce → dual-support → migrate → verify → deprecate → remove where applicable.,Deterministic snapshot tests.; Duplicate/conflict negative tests.; Import timeout/side-effect isolation tests.
atlas/plugins/legacy.py::LegacyAnalyzerAdapter,create,T14.1.4,"E14 Typed plugin contracts, registry, and trust policy",P1,Translate supported descriptors/results safely.,PROPOSED PATH UNDER EXISTING REPOSITORY AREA,Preserve public imports/config/CLI/data through introduce → dual-support → migrate → verify → deprecate → remove where applicable.,Legacy plugin golden tests.; Large-result/no-truncation tests.; Malformed/non-serializable output tests.
atlas/plugins/policy.py::PluginTrustPolicy,create,T14.1.3,"E14 Typed plugin contracts, registry, and trust policy",P1,"Evaluate descriptor, provenance, capabilities, and backend.",PROPOSED PATH UNDER EXISTING REPOSITORY AREA,Preserve public imports/config/CLI/data through introduce → dual-support → migrate → verify → deprecate → remove where applicable.,Policy truth-table tests.; Package provenance/version change tests.; Backend availability tests.
atlas/plugins/registry.py,extend,"T14.1.3, T15.1.2","E14 Typed plugin contracts, registry, and trust policy; E15 ExecutionBackend contracts and trusted in-process execution",P1,Attach policy decision and effective capabilities.; Resolve factories by frozen descriptor snapshot.,PROPOSED PATH UNDER EXISTING REPOSITORY AREA,Preserve public imports/config/CLI/data through introduce → dual-support → migrate → verify → deprecate → remove where applicable.,Policy truth-table tests.; Package provenance/version change tests.; Backend availability tests.
atlas/plugins/registry.py::PluginRegistry,create,T14.1.2,"E14 Typed plugin contracts, registry, and trust policy",P1,"Own discovery, validation, enablement, and snapshot digest.",PROPOSED PATH UNDER EXISTING REPOSITORY AREA,Preserve public imports/config/CLI/data through introduce → dual-support → migrate → verify → deprecate → remove where applicable.,Deterministic snapshot tests.; Duplicate/conflict negative tests.; Import timeout/side-effect isolation tests.
atlas/recovery/idempotency.py::IdempotencyService,create,T18.1.2,"E18 Retry, timeout, idempotency, reconciliation, and crash recovery",P1,"Reserve, look up, and finalize operation-level idempotency records.",PROPOSED PATH UNDER EXISTING REPOSITORY AREA,Preserve public imports/config/CLI/data through introduce → dual-support → migrate → verify → deprecate → remove where applicable.,Retry policy truth-table tests.; Backoff/jitter bounded property tests.; Concurrent idempotency reservation tests.
atlas/recovery/policy.py::RetryPolicyResolver,create,T18.1.2,"E18 Retry, timeout, idempotency, reconciliation, and crash recovery",P1,Compute retry/block/fail/reconcile decisions and bounded schedules.,PROPOSED PATH UNDER EXISTING REPOSITORY AREA,Preserve public imports/config/CLI/data through introduce → dual-support → migrate → verify → deprecate → remove where applicable.,Retry policy truth-table tests.; Backoff/jitter bounded property tests.; Concurrent idempotency reservation tests.
atlas/recovery/reconcilers.py,"create, extend","T18.1.3, T22.1.2, T26.1.3","E18 Retry, timeout, idempotency, reconciliation, and crash recovery; E22 Subprocess plugin isolation and enforceable resource controls; E26 Optional remote worker execution","P1, P2, P3","Host operation-specific and external-effect reconciliation adapters.; Classify orphan/unknown subprocess state on restart.; Handle worker loss, transfer unknowns, stale result, and safe reassignment.",PROPOSED PATH UNDER EXISTING REPOSITORY AREA,Preserve public imports/config/CLI/data through introduce → dual-support → migrate → verify → deprecate → remove where applicable.,Recovery decision table tests.; Repeated-start idempotency tests.; Stale checkpoint/source/plugin tests.
atlas/recovery/registry.py::OperationSemanticsRegistry,create,T18.1.1,"E18 Retry, timeout, idempotency, reconciliation, and crash recovery",P1,Provide deterministic registration and compatibility validation.,PROPOSED PATH UNDER EXISTING REPOSITORY AREA,Preserve public imports/config/CLI/data through introduce → dual-support → migrate → verify → deprecate → remove where applicable.,Registry completeness tests.; Error serialization/golden tests.; Legacy exception mapping tests.
atlas/recovery/semantics.py::OperationSemantics,create,T18.1.1,"E18 Retry, timeout, idempotency, reconciliation, and crash recovery",P1,"Declare duplicate-effect, checkpoint, timeout, reconciliation, and compensation behavior.",PROPOSED PATH UNDER EXISTING REPOSITORY AREA,Preserve public imports/config/CLI/data through introduce → dual-support → migrate → verify → deprecate → remove where applicable.,Registry completeness tests.; Error serialization/golden tests.; Legacy exception mapping tests.
atlas/recovery/service.py::RecoveryService,create,T18.1.3,"E18 Retry, timeout, idempotency, reconciliation, and crash recovery",P1,Inspect durable state and emit resume/retry/reconcile/block/fail decisions.,PROPOSED PATH UNDER EXISTING REPOSITORY AREA,Preserve public imports/config/CLI/data through introduce → dual-support → migrate → verify → deprecate → remove where applicable.,Recovery decision table tests.; Repeated-start idempotency tests.; Stale checkpoint/source/plugin tests.
atlas/resources/budgets.py::ResourceBudgetManager,create,T16.1.4,"E16 Phase-internal work items, deterministic reuse, and unified budgets",P1,"Own hierarchical limits, reservations, accounting, and violations.",PROPOSED PATH UNDER EXISTING REPOSITORY AREA,Preserve public imports/config/CLI/data through introduce → dual-support → migrate → verify → deprecate → remove where applicable.,Budget hierarchy unit/property tests.; Concurrent reservation tests.; Crash/orphan reservation reconciliation tests.
atlas/retention/models.py,create,T23.1.1,"E23 Retention, compatibility, plugin SDK, and source-provider evolution",P2,"Define retention classes, holds, eligibility, plan, attempt, and result records.",PROPOSED PATH UNDER EXISTING REPOSITORY AREA,Preserve public imports/config/CLI/data through introduce → dual-support → migrate → verify → deprecate → remove where applicable.,Eligibility/reference graph tests.; Symlink/path escape negative tests.; Concurrent hold/reference race tests.
atlas/retention/service.py::RetentionManager,create,T23.1.1,"E23 Retention, compatibility, plugin SDK, and source-provider evolution",P2,"Plan, verify, execute, and reconcile safe deletions.",PROPOSED PATH UNDER EXISTING REPOSITORY AREA,Preserve public imports/config/CLI/data through introduce → dual-support → migrate → verify → deprecate → remove where applicable.,Eligibility/reference graph tests.; Symlink/path escape negative tests.; Concurrent hold/reference race tests.
atlas/review/adapters.py::PublicationAdapter,create,T17.1.4,"E17 Durable findings, evidence, review, and publication",P1,Define versioned destination capability and no-replace/expected-replace contracts.,PROPOSED PATH UNDER EXISTING REPOSITORY AREA,Preserve public imports/config/CLI/data through introduce → dual-support → migrate → verify → deprecate → remove where applicable.,Approve/reject/hold end-to-end tests.; Idempotency and duplicate-request tests.; Partial/timeout/unknown-outcome fault injection.
atlas/review/evidence.py::EvidenceService,create,T17.1.2,"E17 Durable findings, evidence, review, and publication",P1,"Validate, assemble, digest, and query exact evidence sets.",PROPOSED PATH UNDER EXISTING REPOSITORY AREA,Preserve public imports/config/CLI/data through introduce → dual-support → migrate → verify → deprecate → remove where applicable.,Canonical digest golden tests.; Citation integrity and foreign-key tests.; Conflicting/superseded evidence tests.
atlas/review/policy.py::ReviewPolicy,create,T17.1.3,"E17 Durable findings, evidence, review, and publication",P1,Separate deterministic framework mechanisms from deployment-specific approval policy.,PROPOSED PATH UNDER EXISTING REPOSITORY AREA,Preserve public imports/config/CLI/data through introduce → dual-support → migrate → verify → deprecate → remove where applicable.,State/transition table tests.; Concurrent review and stale-version tests.; Policy adapter conformance tests.
atlas/review/publication.py::PublicationCoordinator,create,T17.1.4,"E17 Durable findings, evidence, review, and publication",P1,"Own request validation, attempt state, adapter execution, verification, and reconciliation.",PROPOSED PATH UNDER EXISTING REPOSITORY AREA,Preserve public imports/config/CLI/data through introduce → dual-support → migrate → verify → deprecate → remove where applicable.,Approve/reject/hold end-to-end tests.; Idempotency and duplicate-request tests.; Partial/timeout/unknown-outcome fault injection.
atlas/review/repository.py::EvidenceRepository,create,T17.1.2,"E17 Durable findings, evidence, review, and publication",P1,Persist evidence and citations with immutable lineage.,PROPOSED PATH UNDER EXISTING REPOSITORY AREA,Preserve public imports/config/CLI/data through introduce → dual-support → migrate → verify → deprecate → remove where applicable.,Canonical digest golden tests.; Citation integrity and foreign-key tests.; Conflicting/superseded evidence tests.
atlas/review/repository.py::FindingRepository,create,T17.1.1,"E17 Durable findings, evidence, review, and publication",P1,Persist and query findings without granting them review or publication authority.,PROPOSED PATH UNDER EXISTING REPOSITORY AREA,Preserve public imports/config/CLI/data through introduce → dual-support → migrate → verify → deprecate → remove where applicable.,Schema and repository unit tests.; Analyzer-contract integration tests.; Malformed/oversized output negative tests.
atlas/review/service.py::ReviewService,create,T17.1.3,"E17 Durable findings, evidence, review, and publication",P1,"Evaluate policy, record review requests, and persist guarded decisions.",PROPOSED PATH UNDER EXISTING REPOSITORY AREA,Preserve public imports/config/CLI/data through introduce → dual-support → migrate → verify → deprecate → remove where applicable.,State/transition table tests.; Concurrent review and stale-version tests.; Policy adapter conformance tests.
atlas/safety/archive_safety.py,extend,T11.1.3,"E11 Quarantine, recursive archive budgets, and controlled materialization",P0,Provide safe member streaming rather than bulk extract.,EXISTING FROZEN PATH,Preserve public imports/config/CLI/data through introduce → dual-support → migrate → verify → deprecate → remove where applicable.,Traversal/collision/link negative tests.; Report-binding mismatch tests.; Disk-full/fsync/short-write fault tests.
atlas/safety/archive_safety.py::ArchiveBudgetController,create,T11.1.2,"E11 Quarantine, recursive archive budgets, and controlled materialization",P0,Own cumulative resource counters and decisions.,PROPOSED PATH UNDER EXISTING REPOSITORY AREA,Preserve public imports/config/CLI/data through introduce → dual-support → migrate → verify → deprecate → remove where applicable.,Adversarial archive corpus tests.; Depth/member/byte/ratio boundary property tests.; Malformed/truncated/fuzz tests.
atlas/safety/destination_access.py,create,T10.1.3,E10 Canonical race-resistant source access,P0,Validate configured publication destinations.,PROPOSED PATH UNDER EXISTING REPOSITORY AREA,Preserve public imports/config/CLI/data through introduce → dual-support → migrate → verify → deprecate → remove where applicable.,Temporary-file security tests.; Symlink/collision/no-replace tests.; Disk-full and cross-filesystem tests.
atlas/safety/filesystem_discovery.py,refactor,T6.1.2,E6 Registered sources and immutable intake generations,P0,Provide bounded observation primitives.,EXISTING FROZEN PATH,Preserve public imports/config/CLI/data through introduce → dual-support → migrate → verify → deprecate → remove where applicable.,Small/empty/deep/wide tree integration tests.; Million-entry synthetic benchmark.; Mutation-during-traversal tests.
atlas/safety/guardrails.py,create,T10.1.4,E10 Canonical race-resistant source access,P0,Detect unapproved filesystem calls in built-in modules.,PROPOSED PATH UNDER EXISTING REPOSITORY AREA,Preserve public imports/config/CLI/data through introduce → dual-support → migrate → verify → deprecate → remove where applicable.,Static architecture test.; End-to-end access-attribution tests.; Legacy bypass negative tests.
atlas/safety/path_safety.py,refactor,T10.1.1,E10 Canonical race-resistant source access,P0,"Provide shared normalization primitives, not a bypassable optional helper.",EXISTING FROZEN PATH,Preserve public imports/config/CLI/data through introduce → dual-support → migrate → verify → deprecate → remove where applicable.,Path normalization unit/property tests.; Platform capability probe tests.; Symlink/reparse/mount policy matrix tests.
atlas/safety/source_access.py::SourceAccessPolicy,create,T10.1.1,E10 Canonical race-resistant source access,P0,Own source read containment and capability requirements.,PROPOSED PATH UNDER EXISTING REPOSITORY AREA,Preserve public imports/config/CLI/data through introduce → dual-support → migrate → verify → deprecate → remove where applicable.,Path normalization unit/property tests.; Platform capability probe tests.; Symlink/reparse/mount policy matrix tests.
atlas/safety/source_access.py::SourceAccessService,create,T10.1.2,E10 Canonical race-resistant source access,P0,"Own root handles, open/stat, and validation.",PROPOSED PATH UNDER EXISTING REPOSITORY AREA,Preserve public imports/config/CLI/data through introduce → dual-support → migrate → verify → deprecate → remove where applicable.,Barrier-controlled symlink/reparse swap tests.; Mount/bind/junction tests on capable runners.; File-replacement and rename tests.
atlas/safety/source_access_posix.py,create,T10.1.2,E10 Canonical race-resistant source access,P0,Implement POSIX strong mode.,PROPOSED PATH UNDER EXISTING REPOSITORY AREA,Preserve public imports/config/CLI/data through introduce → dual-support → migrate → verify → deprecate → remove where applicable.,Barrier-controlled symlink/reparse swap tests.; Mount/bind/junction tests on capable runners.; File-replacement and rename tests.
atlas/safety/source_access_windows.py,create,T10.1.2,E10 Canonical race-resistant source access,P0,Implement Windows capability-specific mode.,PROPOSED PATH UNDER EXISTING REPOSITORY AREA,Preserve public imports/config/CLI/data through introduce → dual-support → migrate → verify → deprecate → remove where applicable.,Barrier-controlled symlink/reparse swap tests.; Mount/bind/junction tests on capable runners.; File-replacement and rename tests.
atlas/safety/tempfiles.py,create,T10.1.3,E10 Canonical race-resistant source access,P0,"Create restrictive, race-safe temporary files.",PROPOSED PATH UNDER EXISTING REPOSITORY AREA,Preserve public imports/config/CLI/data through introduce → dual-support → migrate → verify → deprecate → remove where applicable.,Temporary-file security tests.; Symlink/collision/no-replace tests.; Disk-full and cross-filesystem tests.
atlas/schema/__init__.py,refactor,T4.1.3,E4 StateStore and SQLite migration foundation,P0,Export schema version and migration APIs.,EXISTING FROZEN PATH,Preserve public imports/config/CLI/data through introduce → dual-support → migrate → verify → deprecate → remove where applicable.,Fresh-install migration tests.; Every-version upgrade tests.; Schema fingerprint comparison.
atlas/schema/migrations/*_analysis_findings.sql,create,T17.1.1,"E17 Durable findings, evidence, review, and publication",P1,"Create versioned tables, indexes, constraints, and legacy migration fields.",PROPOSED PATH UNDER EXISTING REPOSITORY AREA,Preserve public imports/config/CLI/data through introduce → dual-support → migrate → verify → deprecate → remove where applicable.,Schema and repository unit tests.; Analyzer-contract integration tests.; Malformed/oversized output negative tests.
atlas/schema/migrations/*_claims.sql,create,T19.1.2,E19 Long-running local runtime ownership,P1,"Persist claims, heartbeat history, and fencing generations.",PROPOSED PATH UNDER EXISTING REPOSITORY AREA,Preserve public imports/config/CLI/data through introduce → dual-support → migrate → verify → deprecate → remove where applicable.,Claim transaction/concurrency tests.; Lease expiry/renewal tests.; Stale/forged token negative tests.
atlas/schema/migrations/*_evidence.sql,create,T17.1.2,"E17 Durable findings, evidence, review, and publication",P1,"Add evidence, citation, digest, and supersession tables.",PROPOSED PATH UNDER EXISTING REPOSITORY AREA,Preserve public imports/config/CLI/data through introduce → dual-support → migrate → verify → deprecate → remove where applicable.,Canonical digest golden tests.; Citation integrity and foreign-key tests.; Conflicting/superseded evidence tests.
atlas/schema/migrations/*_promotion_decisions.sql,create,T17.1.3,"E17 Durable findings, evidence, review, and publication",P1,"Persist review requests, decisions, actors, policies, and supersession history.",PROPOSED PATH UNDER EXISTING REPOSITORY AREA,Preserve public imports/config/CLI/data through introduce → dual-support → migrate → verify → deprecate → remove where applicable.,State/transition table tests.; Concurrent review and stale-version tests.; Policy adapter conformance tests.
atlas/schema/migrations/*_publications.sql,create,T17.1.4,"E17 Durable findings, evidence, review, and publication",P1,"Persist publication requests, attempts, destination identities, verification, and lineage.",PROPOSED PATH UNDER EXISTING REPOSITORY AREA,Preserve public imports/config/CLI/data through introduce → dual-support → migrate → verify → deprecate → remove where applicable.,Approve/reject/hold end-to-end tests.; Idempotency and duplicate-request tests.; Partial/timeout/unknown-outcome fault injection.
atlas/schema/migrations/*_recovery_policy.sql,create,T18.1.2,"E18 Retry, timeout, idempotency, reconciliation, and crash recovery",P1,"Persist idempotency, retry schedule, deadline, and recovery reason.",PROPOSED PATH UNDER EXISTING REPOSITORY AREA,Preserve public imports/config/CLI/data through introduce → dual-support → migrate → verify → deprecate → remove where applicable.,Retry policy truth-table tests.; Backoff/jitter bounded property tests.; Concurrent idempotency reservation tests.
atlas/schema/migrations/*_retention.sql,create,T23.1.1,"E23 Retention, compatibility, plugin SDK, and source-provider evolution",P2,"Persist holds, cleanup plans/attempts, tombstones, and verification.",PROPOSED PATH UNDER EXISTING REPOSITORY AREA,Preserve public imports/config/CLI/data through introduce → dual-support → migrate → verify → deprecate → remove where applicable.,Eligibility/reference graph tests.; Symlink/path escape negative tests.; Concurrent hold/reference race tests.
atlas/schema/migrations/*_webhooks.sql,create,T21.1.4,E21 Versioned external command and event adapters,P2,"Persist subscriptions, attempts, retries, and disablement.",PROPOSED PATH UNDER EXISTING REPOSITORY AREA,Preserve public imports/config/CLI/data through introduce → dual-support → migrate → verify → deprecate → remove where applicable.,Signature golden/rotation tests.; Duplicate/replay receiver tests.; SSRF/DNS-rebinding/redirect negative tests.
atlas/schema/postgres/,create,T25.1.3,E25 Measured optional PostgreSQL and object-storage adapters,P3,Provide versioned PostgreSQL migrations with parity mapping.,PROPOSED PATH UNDER EXISTING REPOSITORY AREA,Preserve public imports/config/CLI/data through introduce → dual-support → migrate → verify → deprecate → remove where applicable.,StateStore conformance suite.; Network/failover/deadlock fault tests.; Pool/contention/load tests.
atlas/security/agent_policy.py,create,T27.1.2,E27 Bounded MCP and operator interfaces,P3,"Map tool, actor, environment, subject, and side-effect class to allowed request behavior.",PROPOSED PATH UNDER EXISTING REPOSITORY AREA,Preserve public imports/config/CLI/data through introduce → dual-support → migrate → verify → deprecate → remove where applicable.,Authority-path integration tests.; Stored/indirect prompt-injection tests.; Replay/stale/confirmation race tests.
atlas/security/interfaces.py,create,T27.1.4,E27 Bounded MCP and operator interfaces,P3,Define optional actor/authentication/authorization/policy adapter contracts only after decision.,PROPOSED PATH UNDER EXISTING REPOSITORY AREA,Preserve public imports/config/CLI/data through introduce → dual-support → migrate → verify → deprecate → remove where applicable.,Threat-model and requirement review.; Local no-adapter behavior tests.; Selected auth/policy adapter conformance tests.
atlas/security/plugin_policy.py,extend,T22.1.3,E22 Subprocess plugin isolation and enforceable resource controls,P2,Decide trusted/in-process versus subprocess eligibility and grant set.,PROPOSED PATH UNDER EXISTING REPOSITORY AREA,Preserve public imports/config/CLI/data through introduce → dual-support → migrate → verify → deprecate → remove where applicable.,CPU/memory/process/temp/output exhaustion tests.; Network deny/allow tests.; Tool replacement/argument injection tests.
atlas/service/claims.py::ClaimService,create,T19.1.2,E19 Long-running local runtime ownership,P1,"Acquire, renew, release, expire, and query claims transactionally.",PROPOSED PATH UNDER EXISTING REPOSITORY AREA,Preserve public imports/config/CLI/data through introduce → dual-support → migrate → verify → deprecate → remove where applicable.,Claim transaction/concurrency tests.; Lease expiry/renewal tests.; Stale/forged token negative tests.
atlas/service/commands.py,extend,"T21.1.1, T27.1.2",E21 Versioned external command and event adapters; E27 Bounded MCP and operator interfaces,"P2, P3",Map transport-neutral contracts to canonical command validation and results.; Accept agent actor type and confirmation/policy context without weakening guards.,PROPOSED PATH UNDER EXISTING REPOSITORY AREA,Preserve public imports/config/CLI/data through introduce → dual-support → migrate → verify → deprecate → remove where applicable.,Contract serialization/golden tests.; Duplicate-key/malformed/size fuzz tests.; CLI/Python/external equivalence tests.
atlas/service/commands.py::CommandService,create,T19.1.3,E19 Long-running local runtime ownership,P1,Validate and persist submit/pause/resume/cancel/retry/reconcile/review commands.,PROPOSED PATH UNDER EXISTING REPOSITORY AREA,Preserve public imports/config/CLI/data through introduce → dual-support → migrate → verify → deprecate → remove where applicable.,Command schema/unit tests.; CLI/Python equivalence tests.; Cross-process pause/resume/cancel tests.
atlas/service/config.py::DaemonConfig,create,T19.1.1,E19 Long-running local runtime ownership,P1,"Define typed local service, polling, lease, shutdown, and IPC configuration.",PROPOSED PATH UNDER EXISTING REPOSITORY AREA,Preserve public imports/config/CLI/data through introduce → dual-support → migrate → verify → deprecate → remove where applicable.,Daemon state-machine unit tests.; Competing-start integration tests.; Startup migration/recovery failure tests.
atlas/service/daemon.py,extend,T19.1.4,E19 Long-running local runtime ownership,P1,"Integrate signal handling, orphan detection, and restart summary.",PROPOSED PATH UNDER EXISTING REPOSITORY AREA,Preserve public imports/config/CLI/data through introduce → dual-support → migrate → verify → deprecate → remove where applicable.,Signal/drain unit tests.; Kill/restart integration tests.; Orphan identity negative tests.
atlas/service/daemon.py::AtlasDaemon,create,T19.1.1,E19 Long-running local runtime ownership,P1,"Own service lifecycle, claim loop, recovery startup, drain, and shutdown.",PROPOSED PATH UNDER EXISTING REPOSITORY AREA,Preserve public imports/config/CLI/data through introduce → dual-support → migrate → verify → deprecate → remove where applicable.,Daemon state-machine unit tests.; Competing-start integration tests.; Startup migration/recovery failure tests.
atlas/service/shutdown.py,create,T19.1.4,E19 Long-running local runtime ownership,P1,"Coordinate drain deadlines, safe-point requests, claim release, and forced termination.",PROPOSED PATH UNDER EXISTING REPOSITORY AREA,Preserve public imports/config/CLI/data through introduce → dual-support → migrate → verify → deprecate → remove where applicable.,Signal/drain unit tests.; Kill/restart integration tests.; Orphan identity negative tests.
atlas/sources/local.py,refactor,T23.1.4,"E23 Retention, compatibility, plugin SDK, and source-provider evolution",P2,Implement the contract for local directories/files through SourceAccessBroker.,PROPOSED PATH UNDER EXISTING REPOSITORY AREA,Preserve public imports/config/CLI/data through introduce → dual-support → migrate → verify → deprecate → remove where applicable.,Local provider conformance tests.; Mutation/pagination/duplicate occurrence property tests.; Credential/redirect/size negative tests with synthetic adapters.
atlas/sources/provider.py::SourceProvider,create,T23.1.4,"E23 Retention, compatibility, plugin SDK, and source-provider evolution",P2,"Define registration, observation, stable locator, content-open, mutation token, and capability contracts.",PROPOSED PATH UNDER EXISTING REPOSITORY AREA,Preserve public imports/config/CLI/data through introduce → dual-support → migrate → verify → deprecate → remove where applicable.,Local provider conformance tests.; Mutation/pagination/duplicate occurrence property tests.; Credential/redirect/size negative tests with synthetic adapters.
atlas/sources/registry.py::SourceProviderRegistry,create,T23.1.4,"E23 Retention, compatibility, plugin SDK, and source-provider evolution",P2,Provide deterministic provider registration and compatibility validation.,PROPOSED PATH UNDER EXISTING REPOSITORY AREA,Preserve public imports/config/CLI/data through introduce → dual-support → migrate → verify → deprecate → remove where applicable.,Local provider conformance tests.; Mutation/pagination/duplicate occurrence property tests.; Credential/redirect/size negative tests with synthetic adapters.
atlas/status/health.py,create,T20.1.4,"E20 Canonical status, telemetry, health, and diagnostics",P1,"Evaluate process, store, migration, recovery, claim, workspace, outbox, and optional dependency health.",PROPOSED PATH UNDER EXISTING REPOSITORY AREA,Preserve public imports/config/CLI/data through introduce → dual-support → migrate → verify → deprecate → remove where applicable.,Health truth-table tests.; Dependency outage tests.; Diagnostic reproducibility/hash tests.
atlas/status/models.py,extend,T21.1.1,E21 Versioned external command and event adapters,P2,Expose stable external projection schemas without transport coupling.,PROPOSED PATH UNDER EXISTING REPOSITORY AREA,Preserve public imports/config/CLI/data through introduce → dual-support → migrate → verify → deprecate → remove where applicable.,Contract serialization/golden tests.; Duplicate-key/malformed/size fuzz tests.; CLI/Python/external equivalence tests.
atlas/status/models.py::JobStatusV1,create,T20.1.3,"E20 Canonical status, telemetry, health, and diagnostics",P1,Define the stable status schema and completeness/degradation markers.,PROPOSED PATH UNDER EXISTING REPOSITORY AREA,Preserve public imports/config/CLI/data through introduce → dual-support → migrate → verify → deprecate → remove where applicable.,Projection golden tests.; Consistent-snapshot concurrency tests.; Legacy/degraded/corrupt record tests.
atlas/status/projection.py,"create, extend","T9.1.2, T12.1.3, T16.1.4, T18.1.3, T23.1.2, T26.1.3","E12 Optional immutable local content store; E16 Phase-internal work items, deterministic reuse, and unified budgets; E18 Retry, timeout, idempotency, reconciliation, and crash recovery; E23 Retention, compatibility, plugin SDK, and source-provider evolution; E26 Optional remote worker execution; E9 Durable progress, controls, safe points, and checkpoints","P0, P1, P2, P3","Aggregate phase/work-item progress deterministically.; Expose managed-byte and replayability status.; Report limits, use, reservations, and blockers.; Show recovery requirement, reason, evidence, and operator action.; Expose compatibility/deprecation/reduced-readability markers.; Show worker/lease/transfer/backend state without exposing secrets.",PROPOSED PATH UNDER EXISTING REPOSITORY AREA,Preserve public imports/config/CLI/data through introduce → dual-support → migrate → verify → deprecate → remove where applicable.,Progress repository unit tests.; Aggregation property tests.; Second-process status integration tests.
atlas/status/projection.py::StatusProjection,create,T20.1.3,"E20 Canonical status, telemetry, health, and diagnostics",P1,Read and combine authoritative state using a consistent snapshot.,PROPOSED PATH UNDER EXISTING REPOSITORY AREA,Preserve public imports/config/CLI/data through introduce → dual-support → migrate → verify → deprecate → remove where applicable.,Projection golden tests.; Consistent-snapshot concurrency tests.; Legacy/degraded/corrupt record tests.
atlas/status/service.py,extend,T20.1.3,"E20 Canonical status, telemetry, health, and diagnostics",P1,Expose job/list/watch/export queries with pagination and versioning.,PROPOSED PATH UNDER EXISTING REPOSITORY AREA,Preserve public imports/config/CLI/data through introduce → dual-support → migrate → verify → deprecate → remove where applicable.,Projection golden tests.; Consistent-snapshot concurrency tests.; Legacy/degraded/corrupt record tests.
atlas/status/service.py::StatusService,create,T19.1.3,E19 Long-running local runtime ownership,P1,Read authoritative projections without mutating runtime state.,PROPOSED PATH UNDER EXISTING REPOSITORY AREA,Preserve public imports/config/CLI/data through introduce → dual-support → migrate → verify → deprecate → remove where applicable.,Command schema/unit tests.; CLI/Python equivalence tests.; Cross-process pause/resume/cancel tests.
atlas/storage/__init__.py,extend,T7.1.4,E7 Persistent content identity and occurrence linkage,P0,Preserve supported public imports and deprecations.,PROPOSED PATH UNDER EXISTING REPOSITORY AREA,Preserve public imports/config/CLI/data through introduce → dual-support → migrate → verify → deprecate → remove where applicable.,Public import/API compatibility tests.; Restart and multi-runtime tests.; Cache invalidation tests.
atlas/storage/conformance.py,extend,T25.1.2,E25 Measured optional PostgreSQL and object-storage adapters,P3,"Cover immutable writes, hash verification, references, reconciliation, and retention.",PROPOSED PATH UNDER EXISTING REPOSITORY AREA,Preserve public imports/config/CLI/data through introduce → dual-support → migrate → verify → deprecate → remove where applicable.,Reference-backend conformance tests.; Authority-marker/split-brain negative tests.; Partial copy/write-race fault tests.
atlas/storage/hash_store.py::HashStore,refactor,"T7.1.2, T7.1.4",E7 Persistent content identity and occurrence linkage,P0,Delegate hashing while preserving facade behavior.; Delegate to ContentIdentityService and StateStore.,PROPOSED PATH UNDER EXISTING REPOSITORY AREA,Preserve public imports/config/CLI/data through introduce → dual-support → migrate → verify → deprecate → remove where applicable.,Known-hash golden tests.; Barrier-controlled mutation/replacement tests.; Large/sparse/short-read tests.
atlas/storage/object_store.py::ObjectContentStore,create,T25.1.4,E25 Measured optional PostgreSQL and object-storage adapters,P3,Implement content operations with provider-neutral object client.,PROPOSED PATH UNDER EXISTING REPOSITORY AREA,Preserve public imports/config/CLI/data through introduce → dual-support → migrate → verify → deprecate → remove where applicable.,ContentStore conformance suite.; Timeout/unknown upload/reconciliation tests.; Consistency visibility tests.
atlas/telemetry/errors.py::ErrorCatalog,create,T20.1.1,"E20 Canonical status, telemetry, health, and diagnostics",P1,"Map stable error codes to safe messages, severity, and operator guidance.",PROPOSED PATH UNDER EXISTING REPOSITORY AREA,Preserve public imports/config/CLI/data through introduce → dual-support → migrate → verify → deprecate → remove where applicable.,Envelope/schema golden tests.; Async/subprocess context propagation tests.; Injection/redaction/secret fixture tests.
atlas/telemetry/logging.py,create,T20.1.1,"E20 Canonical status, telemetry, health, and diagnostics",P1,"Configure structured records, context propagation, sinks, and failure isolation.",PROPOSED PATH UNDER EXISTING REPOSITORY AREA,Preserve public imports/config/CLI/data through introduce → dual-support → migrate → verify → deprecate → remove where applicable.,Envelope/schema golden tests.; Async/subprocess context propagation tests.; Injection/redaction/secret fixture tests.
atlas/telemetry/metrics.py::MetricsAdapter,create,T20.1.2,"E20 Canonical status, telemetry, health, and diagnostics",P1,"Define counters, gauges, histograms, labels, and no-op/default adapter.",PROPOSED PATH UNDER EXISTING REPOSITORY AREA,Preserve public imports/config/CLI/data through introduce → dual-support → migrate → verify → deprecate → remove where applicable.,Metric catalog/schema tests.; No-op/exporter conformance tests.; Exporter outage/slow sink tests.
atlas/telemetry/redaction.py,create,T20.1.1,"E20 Canonical status, telemetry, health, and diagnostics",P1,"Centralize secret, content, path, and metadata redaction/bounding.",PROPOSED PATH UNDER EXISTING REPOSITORY AREA,Preserve public imports/config/CLI/data through introduce → dual-support → migrate → verify → deprecate → remove where applicable.,Envelope/schema golden tests.; Async/subprocess context propagation tests.; Injection/redaction/secret fixture tests.
atlas/telemetry/tracing.py::TraceAdapter,create,T20.1.2,"E20 Canonical status, telemetry, health, and diagnostics",P1,Provide optional spans and context propagation around canonical operations.,PROPOSED PATH UNDER EXISTING REPOSITORY AREA,Preserve public imports/config/CLI/data through introduce → dual-support → migrate → verify → deprecate → remove where applicable.,Metric catalog/schema tests.; No-op/exporter conformance tests.; Exporter outage/slow sink tests.
atlas/testing/fault_hooks.py,create,T28.1.6,E28 Hermetic test laboratory and platform emulation,P1,"Provide test-only no-op seams at selected boundaries, disabled in production.",PROPOSED PATH UNDER EXISTING REPOSITORY AREA,Preserve public imports/config/CLI/data through introduce → dual-support → migrate → verify → deprecate → remove where applicable.,"Hook enable/disable and production-inaccessibility tests.; Scenario parser, barrier, seed, and repeatability tests.; Clock/deadline/lease tests."
atlas/worker/artifacts.py,create,T26.1.2,E26 Optional remote worker execution,P3,Fetch/verify scoped immutable inputs and upload/verify outputs.,PROPOSED PATH UNDER EXISTING REPOSITORY AREA,Preserve public imports/config/CLI/data through introduce → dual-support → migrate → verify → deprecate → remove where applicable.,Worker service lifecycle tests.; Scoped artifact token/expiry tests.; Transfer corruption/interruption tests.
atlas/worker/config.py,create,T26.1.2,E26 Optional remote worker execution,P3,"Define service identity, capabilities, concurrency, cache, resource, and endpoint settings.",PROPOSED PATH UNDER EXISTING REPOSITORY AREA,Preserve public imports/config/CLI/data through introduce → dual-support → migrate → verify → deprecate → remove where applicable.,Worker service lifecycle tests.; Scoped artifact token/expiry tests.; Transfer corruption/interruption tests.
atlas/worker/contracts.py,create,T26.1.1,E26 Optional remote worker execution,P3,Expose worker-side typed protocol and compatibility catalog integration.,PROPOSED PATH UNDER EXISTING REPOSITORY AREA,Preserve public imports/config/CLI/data through introduce → dual-support → migrate → verify → deprecate → remove where applicable.,Protocol codec/golden/fuzz tests.; Compatibility negotiation tests.; Identity/forgery/replay negative tests.
atlas/worker/service.py::AtlasWorker,create,T26.1.2,E26 Optional remote worker execution,P3,"Own registration, assignment lifecycle, backend execution, heartbeat, result, and drain.",PROPOSED PATH UNDER EXISTING REPOSITORY AREA,Preserve public imports/config/CLI/data through introduce → dual-support → migrate → verify → deprecate → remove where applicable.,Worker service lifecycle tests.; Scoped artifact token/expiry tests.; Transfer corruption/interruption tests.
benchmarks/,create,T24.1.4,"E24 Continuous quality, packaging, benchmarks, and release evidence",P1,"Provide versioned workload generators, runners, schemas, and baselines.",PROPOSED NEW SURFACE OR SYMBOL,Preserve public imports/config/CLI/data through introduce → dual-support → migrate → verify → deprecate → remove where applicable.,Benchmark determinism/schema tests.; Representative workload smoke/regression tests.; Soak/leak/backlog tests.
benchmarks/remote_workers/,create,T26.1.4,E26 Optional remote worker execution,P3,"Measure transfer, queue, execution, recovery, throughput, and operational cost.",PROPOSED NEW SURFACE OR SYMBOL,Preserve public imports/config/CLI/data through introduce → dual-support → migrate → verify → deprecate → remove where applicable.,Network chaos/fault tests.; Malicious worker security tests.; Mixed-version/upgrade tests.
benchmarks/reuse/,create,T30.1.4,E30 Advanced invariant proofs and production qualification,P2,"Measure deduplication, reuse, contention, storage, and invalidation.",PROPOSED NEW SURFACE OR SYMBOL,Preserve public imports/config/CLI/data through introduce → dual-support → migrate → verify → deprecate → remove where applicable.,Concurrent staged/no-replace write tests.; Partial/corrupt/pre-existing object and collision-path tests.; Reuse-key hit/miss/invalidation property tests.
benchmarks/scale_triggers/,create,T25.1.1,E25 Measured optional PostgreSQL and object-storage adapters,P3,Retain repeatable local-backend workloads and raw results.,PROPOSED NEW SURFACE OR SYMBOL,Preserve public imports/config/CLI/data through introduce → dual-support → migrate → verify → deprecate → remove where applicable.,Benchmark repeatability tests.; Bottleneck attribution experiments.; Semantic equivalence checks under local optimizations.
benchmarks/source_access/,create,T30.1.2,E30 Advanced invariant proofs and production qualification,P1,Measure safe handle access versus path reopen under representative workloads.,PROPOSED NEW SURFACE OR SYMBOL,Preserve public imports/config/CLI/data through introduce → dual-support → migrate → verify → deprecate → remove where applicable.,Barrier and source-mutator determinism tests.; Content/path/link/root/mount/inode mutation tests.; Cross-platform handle/object-identity tests.
content_identities and occurrence_content_links migrations,create,T7.1.1,E7 Persistent content identity and occurrence linkage,P0,Persist cross-run identity.,PROPOSED NEW SURFACE OR SYMBOL,Preserve public imports/config/CLI/data through introduce → dual-support → migrate → verify → deprecate → remove where applicable.,Model/schema unit tests.; Many-occurrence-one-content tests.; Cross-process/restart persistence tests.
docs/api/contracts-v1.md,create,T21.1.1,E21 Versioned external command and event adapters,P2,"Document fields, semantics, idempotency, versioning, and lifecycle restrictions.",PROPOSED NEW SURFACE OR SYMBOL,Preserve public imports/config/CLI/data through introduce → dual-support → migrate → verify → deprecate → remove where applicable.,Contract serialization/golden tests.; Duplicate-key/malformed/size fuzz tests.; CLI/Python/external equivalence tests.
docs/architecture/backend-conformance.md,create,T25.1.2,E25 Measured optional PostgreSQL and object-storage adapters,P3,Document consistency model and no-dual-writer invariant.,PROPOSED NEW SURFACE OR SYMBOL,Preserve public imports/config/CLI/data through introduce → dual-support → migrate → verify → deprecate → remove where applicable.,Reference-backend conformance tests.; Authority-marker/split-brain negative tests.; Partial copy/write-race fault tests.
docs/architecture/component-responsibility-matrix.md,create,T1.1.4,"E1 Evidence, baseline, and authority reconciliation",P0,"Record final component classifications, state ownership, and prohibited authority crossings.",PROPOSED NEW SURFACE OR SYMBOL,Preserve public imports/config/CLI/data through introduce → dual-support → migrate → verify → deprecate → remove where applicable.,Responsibility-overlap lint over the matrix.; Architecture dependency-cycle review.; Trust-boundary walkthrough from source registration to publication.
docs/architecture/formal-invariants.md,create,T30.1.1,E30 Advanced invariant proofs and production qualification,P2,"Document modeled invariants, abstractions, limits, and maintenance.",PROPOSED NEW SURFACE OR SYMBOL,Preserve public imports/config/CLI/data through introduce → dual-support → migrate → verify → deprecate → remove where applicable.,Model syntax/type and invariant self-tests.; Deliberately broken model tests that must produce counterexamples.; State-space bound and timeout tests.
docs/architecture/remote-worker-protocol.md,create,T26.1.1,E26 Optional remote worker execution,P3,"Document trust, identity, failure, ordering, and non-authority invariants.",PROPOSED NEW SURFACE OR SYMBOL,Preserve public imports/config/CLI/data through introduce → dual-support → migrate → verify → deprecate → remove where applicable.,Protocol codec/golden/fuzz tests.; Compatibility negotiation tests.; Identity/forgery/replay negative tests.
docs/architecture/source-providers.md,create,T23.1.4,"E23 Retention, compatibility, plugin SDK, and source-provider evolution",P2,Document required semantics and explicit deferred providers.,PROPOSED NEW SURFACE OR SYMBOL,Preserve public imports/config/CLI/data through introduce → dual-support → migrate → verify → deprecate → remove where applicable.,Local provider conformance tests.; Mutation/pagination/duplicate occurrence property tests.; Credential/redirect/size negative tests with synthetic adapters.
docs/architecture/state-machines.md,create,T5.1.1,"E5 Explicit lifecycle state machines, attempts, and fencing",P0,Publish transition tables and invariants.,PROPOSED NEW SURFACE OR SYMBOL,Preserve public imports/config/CLI/data through introduce → dual-support → migrate → verify → deprecate → remove where applicable.,Transition-table completeness tests.; State enum serialization/version tests.; Truth-table tests for failure propagation.
docs/architecture/work-items.md,create,T16.1.1,"E16 Phase-internal work items, deterministic reuse, and unified budgets",P1,"Define barrier, ordering, and non-DAG constraints.",PROPOSED NEW SURFACE OR SYMBOL,Preserve public imports/config/CLI/data through introduce → dual-support → migrate → verify → deprecate → remove where applicable.,Model/schema tests.; Deterministic planning property tests.; Cycle/cross-phase negative tests.
docs/compatibility.md,"create, extend","T23.1.2, T24.1.1","E23 Retention, compatibility, plugin SDK, and source-provider evolution; E24 Continuous quality, packaging, benchmarks, and release evidence","P1, P2",Publish matrices and support/deprecation policy.; Publish supported and reduced-assurance platform matrix.,PROPOSED NEW SURFACE OR SYMBOL,Preserve public imports/config/CLI/data through introduce → dual-support → migrate → verify → deprecate → remove where applicable.,Catalog completeness tests.; Translator golden/property tests.; Unknown/newer/downgrade negative tests.
docs/decisions/deployment-identity-and-tenancy.md,create,T27.1.4,E27 Bounded MCP and operator interfaces,P3,"Record users, tenants, trust zones, consequential actions, alternatives, and decision.",PROPOSED NEW SURFACE OR SYMBOL,Preserve public imports/config/CLI/data through introduce → dual-support → migrate → verify → deprecate → remove where applicable.,Threat-model and requirement review.; Local no-adapter behavior tests.; Selected auth/policy adapter conformance tests.
docs/decisions/scale-adapter-trigger.md,create,T25.1.1,E25 Measured optional PostgreSQL and object-storage adapters,P3,"Record workload, environment, measurements, alternatives, cost, risks, and decision.",PROPOSED NEW SURFACE OR SYMBOL,Preserve public imports/config/CLI/data through introduce → dual-support → migrate → verify → deprecate → remove where applicable.,Benchmark repeatability tests.; Bottleneck attribution experiments.; Semantic equivalence checks under local optimizations.
docs/development/quality-gates.md,create,T24.1.1,"E24 Continuous quality, packaging, benchmarks, and release evidence",P1,"Define mandatory/optional jobs, skips, ownership, and evidence retention.",PROPOSED NEW SURFACE OR SYMBOL,Preserve public imports/config/CLI/data through introduce → dual-support → migrate → verify → deprecate → remove where applicable.,Workflow syntax/policy tests.; Matrix expansion tests.; Skip-expiry/approval tests.
docs/integrations/mcp.md,create,T27.1.1,E27 Bounded MCP and operator interfaces,P3,"Document tool semantics, trust boundaries, configuration, and disabled-by-default behavior.",PROPOSED NEW SURFACE OR SYMBOL,Preserve public imports/config/CLI/data through introduce → dual-support → migrate → verify → deprecate → remove where applicable.,Tool/resource schema tests.; Prompt-injection and confused-deputy negative tests.; Hallucinated/stale ID tests.
docs/integrations/webhooks.md,create,T21.1.4,E21 Versioned external command and event adapters,P2,"Document signature verification, idempotency, retries, and security.",PROPOSED NEW SURFACE OR SYMBOL,Preserve public imports/config/CLI/data through introduce → dual-support → migrate → verify → deprecate → remove where applicable.,Signature golden/rotation tests.; Duplicate/replay receiver tests.; SSRF/DNS-rebinding/redirect negative tests.
docs/migrations/pipeline-v1.md,create,T3.1.4,E3 Versioned pipeline semantics and configuration,P0,"Document compatibility window, rollback, and deprecation.",PROPOSED NEW SURFACE OR SYMBOL,Preserve public imports/config/CLI/data through introduce → dual-support → migrate → verify → deprecate → remove where applicable.,Golden migration fixtures for every legacy example.; Behavior-equivalence integration tests.; Contradictory-flag negative tests.
docs/operations/content-store-recovery.md,create,T12.1.4,E12 Optional immutable local content store,P1,Document integrity incident and rollback handling.,PROPOSED NEW SURFACE OR SYMBOL,Preserve public imports/config/CLI/data through introduce → dual-support → migrate → verify → deprecate → remove where applicable.,Synthetic divergence matrix tests.; Concurrent capture/reconcile tests.; Large-store scan benchmark.
docs/operations/daemon-runbook.md,create,T19.1.4,E19 Long-running local runtime ownership,P1,Provide install/start/stop/recover/diagnose/rollback procedures.,PROPOSED NEW SURFACE OR SYMBOL,Preserve public imports/config/CLI/data through introduce → dual-support → migrate → verify → deprecate → remove where applicable.,Signal/drain unit tests.; Kill/restart integration tests.; Orphan identity negative tests.
docs/operations/daemon.md,create,T19.1.1,E19 Long-running local runtime ownership,P1,"Document ownership, service modes, installation, and failure behavior.",PROPOSED NEW SURFACE OR SYMBOL,Preserve public imports/config/CLI/data through introduce → dual-support → migrate → verify → deprecate → remove where applicable.,Daemon state-machine unit tests.; Competing-start integration tests.; Startup migration/recovery failure tests.
docs/operations/database-recovery.md,create,T4.1.4,E4 StateStore and SQLite migration foundation,P0,Document failure and rollback procedures.,PROPOSED NEW SURFACE OR SYMBOL,Preserve public imports/config/CLI/data through introduce → dual-support → migrate → verify → deprecate → remove where applicable.,Integrity and FK check tests.; Backup hash and restore verification tests.; Corruption and truncated-backup negative tests.
docs/operations/diagnostics.md,create,T20.1.4,"E20 Canonical status, telemetry, health, and diagnostics",P1,"Document collection, redaction, interpretation, and secure handling.",PROPOSED NEW SURFACE OR SYMBOL,Preserve public imports/config/CLI/data through introduce → dual-support → migrate → verify → deprecate → remove where applicable.,Health truth-table tests.; Dependency outage tests.; Diagnostic reproducibility/hash tests.
docs/operations/disaster-recovery.md,create,T30.1.6,E30 Advanced invariant proofs and production qualification,P1,"Define backup, restore, corruption, failback, and evidence procedures.",PROPOSED NEW SURFACE OR SYMBOL,Preserve public imports/config/CLI/data through introduce → dual-support → migrate → verify → deprecate → remove where applicable.,Clean package install and entry-point smoke tests.; Predecessor upgrade/migration/mixed-version/rollback tests.; Backup/restore/corruption/failback disaster drills.
docs/operations/metrics-catalog.md,create,T20.1.2,"E20 Canonical status, telemetry, health, and diagnostics",P1,"Define names, units, labels, bounds, interpretation, and alert suggestions.",PROPOSED NEW SURFACE OR SYMBOL,Preserve public imports/config/CLI/data through introduce → dual-support → migrate → verify → deprecate → remove where applicable.,Metric catalog/schema tests.; No-op/exporter conformance tests.; Exporter outage/slow sink tests.
docs/operations/operation-semantics.md,create,T18.1.1,"E18 Retry, timeout, idempotency, reconciliation, and crash recovery",P1,Document classifications for every built-in phase and consequential helper.,PROPOSED NEW SURFACE OR SYMBOL,Preserve public imports/config/CLI/data through introduce → dual-support → migrate → verify → deprecate → remove where applicable.,Registry completeness tests.; Error serialization/golden tests.; Legacy exception mapping tests.
docs/operations/operator-ui.md,create,T27.1.3,E27 Bounded MCP and operator interfaces,P3,"Document deployment, roles, workflows, status semantics, and incidents.",PROPOSED NEW SURFACE OR SYMBOL,Preserve public imports/config/CLI/data through introduce → dual-support → migrate → verify → deprecate → remove where applicable.,Authority-label golden tests.; XSS/URL/content rendering tests.; Stale/replay command E2E tests.
docs/operations/production-qualification.md,create,T30.1.6,E30 Advanced invariant proofs and production qualification,P1,"Define entry/exit gates, workload profiles, evidence, and approval.",PROPOSED NEW SURFACE OR SYMBOL,Preserve public imports/config/CLI/data through introduce → dual-support → migrate → verify → deprecate → remove where applicable.,Clean package install and entry-point smoke tests.; Predecessor upgrade/migration/mixed-version/rollback tests.; Backup/restore/corruption/failback disaster drills.
docs/operations/recovery-matrix.md,create,T18.1.4,"E18 Retry, timeout, idempotency, reconciliation, and crash recovery",P1,"Document supported outcomes, gaps, and manual recovery.",PROPOSED NEW SURFACE OR SYMBOL,Preserve public imports/config/CLI/data through introduce → dual-support → migrate → verify → deprecate → remove where applicable.,Fault-injection unit tests.; Multi-process crash/restart integration tests.; Replay/idempotency property tests.
docs/operations/release-and-rollback.md,create,T24.1.4,"E24 Continuous quality, packaging, benchmarks, and release evidence",P1,"Define progressive rollout, schema backup, compatibility, rollback, and evidence.",PROPOSED NEW SURFACE OR SYMBOL,Preserve public imports/config/CLI/data through introduce → dual-support → migrate → verify → deprecate → remove where applicable.,Benchmark determinism/schema tests.; Representative workload smoke/regression tests.; Soak/leak/backlog tests.
docs/operations/remote-workers-runbook.md,create,T26.1.4,E26 Optional remote worker execution,P3,"Define rollout, drain, incident, revocation, recovery, and rollback.",PROPOSED NEW SURFACE OR SYMBOL,Preserve public imports/config/CLI/data through introduce → dual-support → migrate → verify → deprecate → remove where applicable.,Network chaos/fault tests.; Malicious worker security tests.; Mixed-version/upgrade tests.
docs/operations/retention.md,create,T23.1.1,"E23 Retention, compatibility, plugin SDK, and source-provider evolution",P2,"Document policy, dry-run, legal/incident holds, recovery, and limitations.",PROPOSED NEW SURFACE OR SYMBOL,Preserve public imports/config/CLI/data through introduce → dual-support → migrate → verify → deprecate → remove where applicable.,Eligibility/reference graph tests.; Symlink/path escape negative tests.; Concurrent hold/reference race tests.
docs/operations/worker.md,create,T26.1.2,E26 Optional remote worker execution,P3,"Document deployment, trust, upgrades, drain, diagnostics, and incidents.",PROPOSED NEW SURFACE OR SYMBOL,Preserve public imports/config/CLI/data through introduce → dual-support → migrate → verify → deprecate → remove where applicable.,Worker service lifecycle tests.; Scoped artifact token/expiry tests.; Transfer corruption/interruption tests.
docs/plugins/sdk.md,create,T23.1.3,"E23 Retention, compatibility, plugin SDK, and source-provider evolution",P2,"Document lifecycle boundaries, capabilities, compatibility, testing, packaging, and release.",PROPOSED NEW SURFACE OR SYMBOL,Preserve public imports/config/CLI/data through introduce → dual-support → migrate → verify → deprecate → remove where applicable.,SDK public-surface tests.; Example plugin end-to-end tests.; Descriptor/runtime mismatch tests.
docs/plugins/subprocess-protocol.md,create,T22.1.1,E22 Subprocess plugin isolation and enforceable resource controls,P2,"Document compatibility, limits, capability model, and trust assumptions.",PROPOSED NEW SURFACE OR SYMBOL,Preserve public imports/config/CLI/data through introduce → dual-support → migrate → verify → deprecate → remove where applicable.,Protocol codec/golden tests.; Malformed/truncated/fuzz tests.; Environment/fd/secret leakage tests.
docs/security/execution-isolation-assurance.md,create,T28.1.4,E28 Hermetic test laboratory and platform emulation,P1,"State enforced, detected, advisory, and unsupported controls.",PROPOSED NEW SURFACE OR SYMBOL,Preserve public imports/config/CLI/data through introduce → dual-support → migrate → verify → deprecate → remove where applicable.,Capability-probe and policy-decision tests.; Benign backend semantic conformance tests.; Filesystem/network/environment/secret negative tests.
docs/security/source-access.md,create,T10.1.1,E10 Canonical race-resistant source access,P0,Document guarantees and platform limitations.,PROPOSED NEW SURFACE OR SYMBOL,Preserve public imports/config/CLI/data through introduce → dual-support → migrate → verify → deprecate → remove where applicable.,Path normalization unit/property tests.; Platform capability probe tests.; Symlink/reparse/mount policy matrix tests.
docs/security/subprocess-enforcement-matrix.md,create,T22.1.3,E22 Subprocess plugin isolation and enforceable resource controls,P2,"Record per-platform controls, gaps, and release claims.",PROPOSED NEW SURFACE OR SYMBOL,Preserve public imports/config/CLI/data through introduce → dual-support → migrate → verify → deprecate → remove where applicable.,CPU/memory/process/temp/output exhaustion tests.; Network deny/allow tests.; Tool replacement/argument injection tests.
docs/testing/archive-corpus.md,create,T29.1.2,E29 Governed adversarial corpora and differential verification,P1,"Document safe generation, limits, oracles, and unsupported formats.",PROPOSED NEW SURFACE OR SYMBOL,Preserve public imports/config/CLI/data through introduce → dual-support → migrate → verify → deprecate → remove where applicable.,Fixture-schema and generator-bound tests.; ZIP/TAR traversal and absolute-path tests.; Link/device/FIFO/special-member tests.
docs/testing/contract-matrix.md,create,T29.1.5,E29 Governed adversarial corpora and differential verification,P1,"Publish mandatory contracts, normalization, exceptions, and supported implementations.",PROPOSED NEW SURFACE OR SYMBOL,Preserve public imports/config/CLI/data through introduce → dual-support → migrate → verify → deprecate → remove where applicable.,Contract-suite self-tests and negative reference implementations.; Normalization schema and forbidden-field-drop tests.; Reference/candidate normal-operation differentials.
docs/testing/cross-platform-assurance.md,create,T28.1.3,E28 Hermetic test laboratory and platform emulation,P1,"Publish equivalence, reduced assurance, and gaps.",PROPOSED NEW SURFACE OR SYMBOL,Preserve public imports/config/CLI/data through introduce → dual-support → migrate → verify → deprecate → remove where applicable.,Canonical path-vector unit/property tests.; Native junction/reparse/symlink/root-swap tests.; Case-folding and Unicode-normalization collision tests.
docs/testing/fault-injection.md,create,T28.1.6,E28 Hermetic test laboratory and platform emulation,P1,"Document fault fidelity, safety, and oracles.",PROPOSED NEW SURFACE OR SYMBOL,Preserve public imports/config/CLI/data through introduce → dual-support → migrate → verify → deprecate → remove where applicable.,"Hook enable/disable and production-inaccessibility tests.; Scenario parser, barrier, seed, and repeatability tests.; Clock/deadline/lease tests."
docs/testing/filesystem-corpus.md,create,T29.1.1,E29 Governed adversarial corpora and differential verification,P1,"Document corpus governance, native requirements, and expected outcomes.",PROPOSED NEW SURFACE OR SYMBOL,Preserve public imports/config/CLI/data through introduce → dual-support → migrate → verify → deprecate → remove where applicable.,Fixture-schema and provenance validation tests.; Generator determinism and bound-enforcement tests.; Symlink/hard-link/junction/mount/special-file adversarial tests.
docs/testing/fuzzing-and-triage.md,create,T29.1.6,E29 Governed adversarial corpora and differential verification,P1,"Document seeds, limits, corpora, oracles, and promotion to regressions.",PROPOSED NEW SURFACE OR SYMBOL,Preserve public imports/config/CLI/data through introduce → dual-support → migrate → verify → deprecate → remove where applicable.,Property-oracle and deliberate-mutant tests.; Fuzz harness smoke and seed-replay tests.; Limit/timeout/OOM/output containment tests.
docs/testing/hostile-plugin-corpus.md,create,T29.1.3,E29 Governed adversarial corpora and differential verification,P1,"Document fixture safety, capabilities, limits, and oracles.",PROPOSED NEW SURFACE OR SYMBOL,Preserve public imports/config/CLI/data through introduce → dual-support → migrate → verify → deprecate → remove where applicable.,Descriptor/schema/version compatibility tests.; Capability request/grant/denial tests.; Crash/hang/cancel/timeout/descendant tests.
docs/testing/linux-assurance.md,create,T28.1.2,E28 Hermetic test laboratory and platform emulation,P1,Publish exact native/emulated control coverage and gaps.,PROPOSED NEW SURFACE OR SYMBOL,Preserve public imports/config/CLI/data through introduce → dual-support → migrate → verify → deprecate → remove where applicable.,"Capability-probe unit tests.; Symlink, hard-link, bind-mount, root-replacement, inode-reuse, and special-file tests.; Atomic rename/no-replace/fsync crash tests."
docs/testing/service-emulation.md,create,T28.1.5,E28 Hermetic test laboratory and platform emulation,P1,"Document fidelity, native gates, and limitations.",PROPOSED NEW SURFACE OR SYMBOL,Preserve public imports/config/CLI/data through introduce → dual-support → migrate → verify → deprecate → remove where applicable.,"Scenario parser and deterministic sequencing tests.; Double/native differential tests.; Outage, delay, reset, restart, duplicate, reorder, poison, and DLQ tests."
docs/testing/state-event-scenario-corpus.md,create,T29.1.4,E29 Governed adversarial corpora and differential verification,P1,"Document scenario semantics, scheduling, and oracles.",PROPOSED NEW SURFACE OR SYMBOL,Preserve public imports/config/CLI/data through introduce → dual-support → migrate → verify → deprecate → remove where applicable.,Scenario-schema and schedule-determinism tests.; Transition/control race and idempotency tests.; Lease/fence/stale-result tests.
docs/testing/test-laboratory.md,create,T28.1.1,E28 Hermetic test laboratory and platform emulation,P1,"Document assurance levels, prerequisites, cleanup, and evidence.",PROPOSED NEW SURFACE OR SYMBOL,Preserve public imports/config/CLI/data through introduce → dual-support → migrate → verify → deprecate → remove where applicable.,"Environment-schema validation and compatibility tests.; Dry-run determinism and lane-selection property tests.; Path containment, symlink, mount, and concurrent-lock negative tests."
docs/verification/content-reuse-proof.md,create,T30.1.4,E30 Advanced invariant proofs and production qualification,P2,"Document guarantees, invalidation keys, benchmarks, and limits.",PROPOSED NEW SURFACE OR SYMBOL,Preserve public imports/config/CLI/data through introduce → dual-support → migrate → verify → deprecate → remove where applicable.,Concurrent staged/no-replace write tests.; Partial/corrupt/pre-existing object and collision-path tests.; Reuse-key hit/miss/invalidation property tests.
docs/verification/publication-proof.md,create,T30.1.5,E30 Advanced invariant proofs and production qualification,P2,"Document guarantees, destination classes, recovery, and limits.",PROPOSED NEW SURFACE OR SYMBOL,Preserve public imports/config/CLI/data through introduce → dual-support → migrate → verify → deprecate → remove where applicable.,Decision/evidence/content binding tests.; Duplicate command/idempotency reservation tests.; Timeout-after-mutation and unknown-outcome reconciliation tests.
docs/verification/source-snapshot-proof.md,create,T30.1.2,E30 Advanced invariant proofs and production qualification,P1,"Document invariants, platform evidence, failures, and limits.",PROPOSED NEW SURFACE OR SYMBOL,Preserve public imports/config/CLI/data through introduce → dual-support → migrate → verify → deprecate → remove where applicable.,Barrier and source-mutator determinism tests.; Content/path/link/root/mount/inode mutation tests.; Cross-platform handle/object-identity tests.
docs/verification/state-event-atomicity.md,create,T30.1.3,E30 Advanced invariant proofs and production qualification,P1,"Document transaction boundaries, guarantees, and evidence.",PROPOSED NEW SURFACE OR SYMBOL,Preserve public imports/config/CLI/data through introduce → dual-support → migrate → verify → deprecate → remove where applicable.,Transactional rollback/commit boundary tests.; External SIGKILL crash matrix.; Outbox lease/fence and stale-dispatcher tests.
events and outbox migrations,create,T8.1.1,E8 Durable events and transactional outbox,P0,Persist immutable history and dispatch state.,PROPOSED NEW SURFACE OR SYMBOL,Preserve public imports/config/CLI/data through introduce → dual-support → migrate → verify → deprecate → remove where applicable.,Schema and serialization tests.; Sequence/ordering tests.; Unknown-version compatibility tests.
examples/*.yaml,migrate,T3.1.2,E3 Versioned pipeline semantics and configuration,P0,Add schema version and typed phase sections.,PROPOSED PATH UNDER EXISTING REPOSITORY AREA,Preserve public imports/config/CLI/data through introduce → dual-support → migrate → verify → deprecate → remove where applicable.,"Parser unit and fuzz tests.; Duplicate-key, alias-bomb, and unsafe-tag negative tests.; Merge-precedence table tests."
examples/plugins/,create,T23.1.3,"E23 Retention, compatibility, plugin SDK, and source-provider evolution",P2,Provide minimal trusted and subprocess-safe analyzers/handlers with no secrets.,PROPOSED PATH UNDER EXISTING REPOSITORY AREA,Preserve public imports/config/CLI/data through introduce → dual-support → migrate → verify → deprecate → remove where applicable.,SDK public-surface tests.; Example plugin end-to-end tests.; Descriptor/runtime mismatch tests.
openapi/atlas-v1.yaml,create,T21.1.2,E21 Versioned external command and event adapters,P2,Generate and retain the versioned public contract.,PROPOSED NEW SURFACE OR SYMBOL,Preserve public imports/config/CLI/data through introduce → dual-support → migrate → verify → deprecate → remove where applicable.,OpenAPI/schema conformance tests.; End-to-end REST/CLI equivalence tests.; Proxy retry/client disconnect tests.
phase_runs and attempts migrations,create,T5.1.2,"E5 Explicit lifecycle state machines, attempts, and fencing",P0,Persist phase/attempt identity and relationships.,PROPOSED NEW SURFACE OR SYMBOL,Preserve public imports/config/CLI/data through introduce → dual-support → migrate → verify → deprecate → remove where applicable.,Repository unit tests.; Concurrent attempt-creation tests.; Foreign-key/uniqueness negative tests.
planning/ATLAS PDF evidence index,create,T1.1.2,"E1 Evidence, baseline, and authority reconciliation",P0,Retain page text/visual references and requirement-to-task mappings.,PROPOSED NEW SURFACE OR SYMBOL,Preserve public imports/config/CLI/data through introduce → dual-support → migrate → verify → deprecate → remove where applicable.,"Page-by-page extraction completeness check.; Rendered visual review for pages 21, 29, and 31.; Requirement-page keyword and semantic cross-check."
planning/ATLAS production evidence map,create,T1.1.1,"E1 Evidence, baseline, and authority reconciliation",P0,Persist the reconciled baseline and command matrix for all later tasks.,PROPOSED NEW SURFACE OR SYMBOL,Preserve public imports/config/CLI/data through introduce → dual-support → migrate → verify → deprecate → remove where applicable.,Inventory determinism test over two clean runs.; Path/symbol existence check against every ATLAS citation in the ZIP evidence ledger.; Repository command discovery cross-check against CI and package manifests.
planning/characterization-baseline.json,create,T2.1.4,E2 Deterministic current-behavior characterization,P0,Record baseline hashes and correction ownership.,PROPOSED NEW SURFACE OR SYMBOL,Preserve public imports/config/CLI/data through introduce → dual-support → migrate → verify → deprecate → remove where applicable.,CI workflow syntax and least-privilege tests.; Artifact-retention integration test.; Skip-policy negative tests.
planning/donor-provenance.json,create,T1.1.3,"E1 Evidence, baseline, and authority reconciliation",P0,"Record source hashes, license headers, dependencies, and tests to port.",PROPOSED NEW SURFACE OR SYMBOL,Preserve public imports/config/CLI/data through introduce → dual-support → migrate → verify → deprecate → remove where applicable.,Tree-hash and archive-integrity verification.; Dependency graph and import-boundary analysis.; License/header scan across candidate donor files.
pyproject.toml,extend,"T24.1.1, T24.1.3","E24 Continuous quality, packaging, benchmarks, and release evidence",P1,"Pin tool configuration, supported Python metadata, extras, and test markers.; Finalize package metadata, dependencies/extras, build backend, included data, and entry points.",EXISTING FROZEN PATH,Preserve public imports/config/CLI/data through introduce → dual-support → migrate → verify → deprecate → remove where applicable.,Workflow syntax/policy tests.; Matrix expansion tests.; Skip-expiry/approval tests.
repository root / Git metadata,reuse,T1.1.1,"E1 Evidence, baseline, and authority reconciliation",P0,Use the current checkout as the highest implementation authority.,EVIDENCE / AUTHORITY SURFACE,Preserve public imports/config/CLI/data through introduce → dual-support → migrate → verify → deprecate → remove where applicable.,Inventory determinism test over two clean runs.; Path/symbol existence check against every ATLAS citation in the ZIP evidence ledger.; Repository command discovery cross-check against CI and package manifests.
schema_migrations table,create,T4.1.3,E4 StateStore and SQLite migration foundation,P0,"Record version, checksum, tool version, and application result.",PROPOSED NEW SURFACE OR SYMBOL,Preserve public imports/config/CLI/data through introduce → dual-support → migrate → verify → deprecate → remove where applicable.,Fresh-install migration tests.; Every-version upgrade tests.; Schema fingerprint comparison.
scripts/build_release.py,create,T24.1.3,"E24 Continuous quality, packaging, benchmarks, and release evidence",P1,"Build clean artifacts, normalize/compare, hash, and assemble evidence.",PROPOSED NEW SURFACE OR SYMBOL,Preserve public imports/config/CLI/data through introduce → dual-support → migrate → verify → deprecate → remove where applicable.,Build twice/hash comparison tests.; Clean install/entry-point smoke tests.; Package-content allowlist tests.
scripts/check_lifecycle_model.py,create,T30.1.1,E30 Advanced invariant proofs and production qualification,P2,Run bounded checks and emit machine-readable traces.,PROPOSED NEW SURFACE OR SYMBOL,Preserve public imports/config/CLI/data through introduce → dual-support → migrate → verify → deprecate → remove where applicable.,Model syntax/type and invariant self-tests.; Deliberately broken model tests that must produce counterexamples.; State-space bound and timeout tests.
scripts/release_evidence.py,create,T24.1.4,"E24 Continuous quality, packaging, benchmarks, and release evidence",P1,Assemble test/benchmark/migration/security/rollback reports and hashes.,PROPOSED NEW SURFACE OR SYMBOL,Preserve public imports/config/CLI/data through introduce → dual-support → migrate → verify → deprecate → remove where applicable.,Benchmark determinism/schema tests.; Representative workload smoke/regression tests.; Soak/leak/backlog tests.
scripts/run_atomicity_proof.py,create,T30.1.3,E30 Advanced invariant proofs and production qualification,P1,Run repeated external-kill fault points and summarize invariants.,PROPOSED NEW SURFACE OR SYMBOL,Preserve public imports/config/CLI/data through introduce → dual-support → migrate → verify → deprecate → remove where applicable.,Transactional rollback/commit boundary tests.; External SIGKILL crash matrix.; Outbox lease/fence and stale-dispatcher tests.
scripts/run_contract_matrix.py,create,T29.1.5,E29 Governed adversarial corpora and differential verification,P1,Execute contracts across selected lanes and emit compatibility evidence.,PROPOSED NEW SURFACE OR SYMBOL,Preserve public imports/config/CLI/data through introduce → dual-support → migrate → verify → deprecate → remove where applicable.,Contract-suite self-tests and negative reference implementations.; Normalization schema and forbidden-field-drop tests.; Reference/candidate normal-operation differentials.
scripts/run_fault_matrix.py,create,T28.1.6,E28 Hermetic test laboratory and platform emulation,P1,Execute repeated scenarios and emit machine-readable recovery results.,PROPOSED NEW SURFACE OR SYMBOL,Preserve public imports/config/CLI/data through introduce → dual-support → migrate → verify → deprecate → remove where applicable.,"Hook enable/disable and production-inaccessibility tests.; Scenario parser, barrier, seed, and repeatability tests.; Clock/deadline/lease tests."
scripts/run_isolation_matrix.py,create,T28.1.4,E28 Hermetic test laboratory and platform emulation,P1,Execute one hostile WorkSpec corpus across backends.,PROPOSED NEW SURFACE OR SYMBOL,Preserve public imports/config/CLI/data through introduce → dual-support → migrate → verify → deprecate → remove where applicable.,Capability-probe and policy-decision tests.; Benign backend semantic conformance tests.; Filesystem/network/environment/secret negative tests.
scripts/run_plugin_isolation_matrix.py,create,T22.1.4,E22 Subprocess plugin isolation and enforceable resource controls,P2,Produce machine-readable platform/control/test evidence.,PROPOSED NEW SURFACE OR SYMBOL,Preserve public imports/config/CLI/data through introduce → dual-support → migrate → verify → deprecate → remove where applicable.,Backend conformance suite.; Hostile corpus integration tests.; Runner resource/cleanup assertions.
scripts/run_production_qualification.py,create,T30.1.6,E30 Advanced invariant proofs and production qualification,P1,Orchestrate approved qualification lanes and assemble evidence.,PROPOSED NEW SURFACE OR SYMBOL,Preserve public imports/config/CLI/data through introduce → dual-support → migrate → verify → deprecate → remove where applicable.,Clean package install and entry-point smoke tests.; Predecessor upgrade/migration/mixed-version/rollback tests.; Backup/restore/corruption/failback disaster drills.
scripts/run_publication_reconciliation.py,create,T30.1.5,E30 Advanced invariant proofs and production qualification,P2,Execute commit/timeout/retry/reconcile matrices.,PROPOSED NEW SURFACE OR SYMBOL,Preserve public imports/config/CLI/data through introduce → dual-support → migrate → verify → deprecate → remove where applicable.,Decision/evidence/content binding tests.; Duplicate command/idempotency reservation tests.; Timeout-after-mutation and unknown-outcome reconciliation tests.
scripts/run_recovery_matrix.py,create,T18.1.4,"E18 Retry, timeout, idempotency, reconciliation, and crash recovery",P1,Execute and summarize the matrix in CI/operator environments.,PROPOSED NEW SURFACE OR SYMBOL,Preserve public imports/config/CLI/data through introduce → dual-support → migrate → verify → deprecate → remove where applicable.,Fault-injection unit tests.; Multi-process crash/restart integration tests.; Replay/idempotency property tests.
scripts/run_remote_chaos_matrix.py,create,T26.1.4,E26 Optional remote worker execution,P3,Produce machine-readable partition/loss/replay/upgrade evidence.,PROPOSED NEW SURFACE OR SYMBOL,Preserve public imports/config/CLI/data through introduce → dual-support → migrate → verify → deprecate → remove where applicable.,Network chaos/fault tests.; Malicious worker security tests.; Mixed-version/upgrade tests.
scripts/run_test_lab.py,create,T28.1.1,E28 Hermetic test laboratory and platform emulation,P1,Expose one dry-run/list/run/collect interface after repository command discovery.,PROPOSED NEW SURFACE OR SYMBOL,Preserve public imports/config/CLI/data through introduce → dual-support → migrate → verify → deprecate → remove where applicable.,"Environment-schema validation and compatibility tests.; Dry-run determinism and lane-selection property tests.; Path containment, symlink, mount, and concurrent-lock negative tests."
scripts/triage_test_failure.py,create,T29.1.6,E29 Governed adversarial corpora and differential verification,P1,"Minimize, sanitize, classify, and retain reproducible failures.",PROPOSED NEW SURFACE OR SYMBOL,Preserve public imports/config/CLI/data through introduce → dual-support → migrate → verify → deprecate → remove where applicable.,Property-oracle and deliberate-mutant tests.; Fuzz harness smoke and seed-replay tests.; Limit/timeout/OOM/output containment tests.
specs/atlas-lifecycle/,create,T30.1.1,E30 Advanced invariant proofs and production qualification,P2,Store a bounded formal or executable model selected by evidence.,PROPOSED NEW SURFACE OR SYMBOL,Preserve public imports/config/CLI/data through introduce → dual-support → migrate → verify → deprecate → remove where applicable.,Model syntax/type and invariant self-tests.; Deliberately broken model tests that must produce counterexamples.; State-space bound and timeout tests.
tests/api/,create,T21.1.2,E21 Versioned external command and event adapters,P2,"Validate schema, equivalence, security, and failure behavior.",PROPOSED PATH UNDER EXISTING REPOSITORY AREA,Preserve public imports/config/CLI/data through introduce → dual-support → migrate → verify → deprecate → remove where applicable.,OpenAPI/schema conformance tests.; End-to-end REST/CLI equivalence tests.; Proxy retry/client disconnect tests.
tests/archive/test_adversarial_corpus.py,create,T29.1.2,E29 Governed adversarial corpora and differential verification,P1,"Assert structural inspection, budgets, report binding, and materialization outcomes.",PROPOSED PATH UNDER EXISTING REPOSITORY AREA,Preserve public imports/config/CLI/data through introduce → dual-support → migrate → verify → deprecate → remove where applicable.,Fixture-schema and generator-bound tests.; ZIP/TAR traversal and absolute-path tests.; Link/device/FIFO/special-member tests.
tests/characterization/README.md,create,T2.1.4,E2 Deterministic current-behavior characterization,P0,Document fixture lifecycle and correction workflow.,PROPOSED PATH UNDER EXISTING REPOSITORY AREA,Preserve public imports/config/CLI/data through introduce → dual-support → migrate → verify → deprecate → remove where applicable.,CI workflow syntax and least-privilege tests.; Artifact-retention integration test.; Skip-policy negative tests.
tests/characterization/conftest.py,create,T2.1.1,E2 Deterministic current-behavior characterization,P0,"Provide bounded setup, normalization, and cleanup helpers.",PROPOSED PATH UNDER EXISTING REPOSITORY AREA,Preserve public imports/config/CLI/data through introduce → dual-support → migrate → verify → deprecate → remove where applicable.,JSON schema validation tests.; Property tests for normalization idempotency.; Negative tests for path escape and unsafe cleanup declarations.
tests/characterization/evidence_capture.py,create,T2.1.2,E2 Deterministic current-behavior characterization,P0,"Capture normalized database, event, and filesystem evidence.",PROPOSED PATH UNDER EXISTING REPOSITORY AREA,Preserve public imports/config/CLI/data through introduce → dual-support → migrate → verify → deprecate → remove where applicable.,Subprocess CLI integration tests.; Public Python API integration tests.; SQLite row and transition assertions.
tests/characterization/faults.py,create,T2.1.3,E2 Deterministic current-behavior characterization,P0,"Inject persistence, event, and process interruption faults.",PROPOSED PATH UNDER EXISTING REPOSITORY AREA,Preserve public imports/config/CLI/data through introduce → dual-support → migrate → verify → deprecate → remove where applicable.,Barrier-controlled TOCTOU tests.; Adversarial archive corpus tests.; Malformed analyzer-output tests.
tests/characterization/manifest.schema.json,create,T2.1.1,E2 Deterministic current-behavior characterization,P0,Define deterministic fixture records and evidence fields.,PROPOSED PATH UNDER EXISTING REPOSITORY AREA,Preserve public imports/config/CLI/data through introduce → dual-support → migrate → verify → deprecate → remove where applicable.,JSON schema validation tests.; Property tests for normalization idempotency.; Negative tests for path escape and unsafe cleanup declarations.
tests/characterization/test_adversarial_baseline.py,create,T2.1.3,E2 Deterministic current-behavior characterization,P0,Exercise hostile and faulted inputs deterministically.,PROPOSED PATH UNDER EXISTING REPOSITORY AREA,Preserve public imports/config/CLI/data through introduce → dual-support → migrate → verify → deprecate → remove where applicable.,Barrier-controlled TOCTOU tests.; Adversarial archive corpus tests.; Malformed analyzer-output tests.
tests/characterization/test_cli_api_state.py,create,T2.1.2,E2 Deterministic current-behavior characterization,P0,Exercise public invocation surfaces and persisted outcomes.,PROPOSED PATH UNDER EXISTING REPOSITORY AREA,Preserve public imports/config/CLI/data through introduce → dual-support → migrate → verify → deprecate → remove where applicable.,Subprocess CLI integration tests.; Public Python API integration tests.; SQLite row and transition assertions.
tests/compatibility/analyzers_v0_1/,create,T14.1.4,"E14 Typed plugin contracts, registry, and trust policy",P1,Pin supported legacy behavior.,PROPOSED PATH UNDER EXISTING REPOSITORY AREA,Preserve public imports/config/CLI/data through introduce → dual-support → migrate → verify → deprecate → remove where applicable.,Legacy plugin golden tests.; Large-result/no-truncation tests.; Malformed/non-serializable output tests.
tests/compatibility/test_hash_store_v0_1.py,create,T7.1.4,E7 Persistent content identity and occurrence linkage,P0,Pin legacy behavior and migration.,PROPOSED PATH UNDER EXISTING REPOSITORY AREA,Preserve public imports/config/CLI/data through introduce → dual-support → migrate → verify → deprecate → remove where applicable.,Public import/API compatibility tests.; Restart and multi-runtime tests.; Cache invalidation tests.
tests/contracts/,create,T29.1.5,E29 Governed adversarial corpora and differential verification,P1,"Host reusable conformance suites for state, storage, source, execution, plugins, events, and configuration.",PROPOSED PATH UNDER EXISTING REPOSITORY AREA,Preserve public imports/config/CLI/data through introduce → dual-support → migrate → verify → deprecate → remove where applicable.,Contract-suite self-tests and negative reference implementations.; Normalization schema and forbidden-field-drop tests.; Reference/candidate normal-operation differentials.
tests/differential/,create,T29.1.5,E29 Governed adversarial corpora and differential verification,P1,Normalize and compare platform/backend/version outcomes.,PROPOSED PATH UNDER EXISTING REPOSITORY AREA,Preserve public imports/config/CLI/data through introduce → dual-support → migrate → verify → deprecate → remove where applicable.,Contract-suite self-tests and negative reference implementations.; Normalization schema and forbidden-field-drop tests.; Reference/candidate normal-operation differentials.
tests/distributed/,create,T26.1.4,E26 Optional remote worker execution,P3,"Host network, worker, protocol, security, and semantic conformance scenarios.",PROPOSED PATH UNDER EXISTING REPOSITORY AREA,Preserve public imports/config/CLI/data through introduce → dual-support → migrate → verify → deprecate → remove where applicable.,Network chaos/fault tests.; Malicious worker security tests.; Mixed-version/upgrade tests.
tests/doubles/,create,T28.1.5,E28 Hermetic test laboratory and platform emulation,P1,Provide deterministic service doubles with scripted faults and bounded logs.,PROPOSED PATH UNDER EXISTING REPOSITORY AREA,Preserve public imports/config/CLI/data through introduce → dual-support → migrate → verify → deprecate → remove where applicable.,"Scenario parser and deterministic sequencing tests.; Double/native differential tests.; Outage, delay, reset, restart, duplicate, reorder, poison, and DLQ tests."
tests/doubles/publication_destinations.py,create,T30.1.5,E30 Advanced invariant proofs and production qualification,P2,"Model queryable, non-queryable, slow, duplicate, conflicting, and ambiguous destinations.",PROPOSED PATH UNDER EXISTING REPOSITORY AREA,Preserve public imports/config/CLI/data through introduce → dual-support → migrate → verify → deprecate → remove where applicable.,Decision/evidence/content binding tests.; Duplicate command/idempotency reservation tests.; Timeout-after-mutation and unknown-outcome reconciliation tests.
tests/events/test_rabbitmq_transport.py,create,T21.1.3,E21 Versioned external command and event adapters,P2,"Exercise outage, redelivery, confirm, DLQ, and event-injection cases.",PROPOSED PATH UNDER EXISTING REPOSITORY AREA,Preserve public imports/config/CLI/data through introduce → dual-support → migrate → verify → deprecate → remove where applicable.,Transport conformance tests with test broker.; Outage/confirm-loss/redelivery tests.; Backlog/capacity/backpressure tests.
tests/execution/conformance.py,create,T15.1.4,E15 ExecutionBackend contracts and trusted in-process execution,P1,Host backend-neutral behavior and failure tests.,PROPOSED PATH UNDER EXISTING REPOSITORY AREA,Preserve public imports/config/CLI/data through introduce → dual-support → migrate → verify → deprecate → remove where applicable.,Backend conformance matrix.; Deterministic cross-backend result comparison.; Crash/loss/cancel fault tests.
tests/execution/fixtures/,create,T15.1.4,E15 ExecutionBackend contracts and trusted in-process execution,P1,Provide deterministic plugins/specs/results/faults.,PROPOSED PATH UNDER EXISTING REPOSITORY AREA,Preserve public imports/config/CLI/data through introduce → dual-support → migrate → verify → deprecate → remove where applicable.,Backend conformance matrix.; Deterministic cross-backend result comparison.; Crash/loss/cancel fault tests.
tests/execution/hostile_plugins/,"create, extend","T22.1.2, T22.1.4, T29.1.3",E22 Subprocess plugin isolation and enforceable resource controls; E29 Governed adversarial corpora and differential verification,"P1, P2","Provide synthetic crash, hang, fork, flood, and signal fixtures.; Cover traversal, source access, network, spawn, flood, timeout, memory/temp exhaustion, protocol forgery, and secret discovery.; Implement bounded crash, hang, capability, protocol, and resource behaviors.",PROPOSED PATH UNDER EXISTING REPOSITORY AREA,Preserve public imports/config/CLI/data through introduce → dual-support → migrate → verify → deprecate → remove where applicable.,Lifecycle state-machine tests.; Hang/fork/output-flood hostile tests.; Cancel/result race tests.
tests/execution/isolation_conformance/,create,T28.1.4,E28 Hermetic test laboratory and platform emulation,P1,"Prove filesystem, network, process, environment, secret, and resource boundaries.",PROPOSED PATH UNDER EXISTING REPOSITORY AREA,Preserve public imports/config/CLI/data through introduce → dual-support → migrate → verify → deprecate → remove where applicable.,Capability-probe and policy-decision tests.; Benign backend semantic conformance tests.; Filesystem/network/environment/secret negative tests.
tests/execution/test_backend_conformance.py,extend,T22.1.4,E22 Subprocess plugin isolation and enforceable resource controls,P2,Run common WorkSpec/result/state/recovery expectations for all backends.,PROPOSED PATH UNDER EXISTING REPOSITORY AREA,Preserve public imports/config/CLI/data through introduce → dual-support → migrate → verify → deprecate → remove where applicable.,Backend conformance suite.; Hostile corpus integration tests.; Runner resource/cleanup assertions.
tests/execution/test_hostile_plugin_matrix.py,create,T29.1.3,E29 Governed adversarial corpora and differential verification,P1,Run the common corpus against every approved backend/trust tier.,PROPOSED PATH UNDER EXISTING REPOSITORY AREA,Preserve public imports/config/CLI/data through introduce → dual-support → migrate → verify → deprecate → remove where applicable.,Descriptor/schema/version compatibility tests.; Capability request/grant/denial tests.; Crash/hang/cancel/timeout/descendant tests.
tests/faults/crash_matrix/,create,T18.1.4,"E18 Retry, timeout, idempotency, reconciliation, and crash recovery",P1,"Store deterministic fault points, fixtures, expected recovery decisions, and evidence.",PROPOSED PATH UNDER EXISTING REPOSITORY AREA,Preserve public imports/config/CLI/data through introduce → dual-support → migrate → verify → deprecate → remove where applicable.,Fault-injection unit tests.; Multi-process crash/restart integration tests.; Replay/idempotency property tests.
tests/faults/injector.py,create,T28.1.6,E28 Hermetic test laboratory and platform emulation,P1,Expose named deterministic fault points and typed injected failures.,PROPOSED PATH UNDER EXISTING REPOSITORY AREA,Preserve public imports/config/CLI/data through introduce → dual-support → migrate → verify → deprecate → remove where applicable.,"Hook enable/disable and production-inaccessibility tests.; Scenario parser, barrier, seed, and repeatability tests.; Clock/deadline/lease tests."
tests/faults/scenarios/,create,T28.1.6,E28 Hermetic test laboratory and platform emulation,P1,"Version crash, clock, disk, memory, network, lock, and process scenarios.",PROPOSED PATH UNDER EXISTING REPOSITORY AREA,Preserve public imports/config/CLI/data through introduce → dual-support → migrate → verify → deprecate → remove where applicable.,"Hook enable/disable and production-inaccessibility tests.; Scenario parser, barrier, seed, and repeatability tests.; Clock/deadline/lease tests."
tests/fixtures/adversarial/,create,T24.1.2,"E24 Continuous quality, packaging, benchmarks, and release evidence",P1,Version synthetic malformed and resource-exhaustion fixtures with provenance.,PROPOSED PATH UNDER EXISTING REPOSITORY AREA,Preserve public imports/config/CLI/data through introduce → dual-support → migrate → verify → deprecate → remove where applicable.,CI self-tests and marker selection tests.; Fault/crash/replay suite integration.; Fuzz harness smoke and corpus regression tests.
tests/fixtures/archives/,create,T29.1.2,E29 Governed adversarial corpora and differential verification,P1,Store tiny static malformed and edge-case archive fixtures plus manifests.,PROPOSED PATH UNDER EXISTING REPOSITORY AREA,Preserve public imports/config/CLI/data through introduce → dual-support → migrate → verify → deprecate → remove where applicable.,Fixture-schema and generator-bound tests.; ZIP/TAR traversal and absolute-path tests.; Link/device/FIFO/special-member tests.
tests/fixtures/archives/adversarial/,create,T11.1.4,"E11 Quarantine, recursive archive budgets, and controlled materialization",P0,Maintain inert bounded attack corpus.,PROPOSED PATH UNDER EXISTING REPOSITORY AREA,Preserve public imports/config/CLI/data through introduce → dual-support → migrate → verify → deprecate → remove where applicable.,Derivation repository unit tests.; Parent-to-child and child-to-parent query tests.; Transaction failure/orphan reconciliation tests.
tests/fixtures/filesystems/,create,T29.1.1,E29 Governed adversarial corpora and differential verification,P1,Store tiny static filesystem fixtures and metadata manifests.,PROPOSED PATH UNDER EXISTING REPOSITORY AREA,Preserve public imports/config/CLI/data through introduce → dual-support → migrate → verify → deprecate → remove where applicable.,Fixture-schema and provenance validation tests.; Generator determinism and bound-enforcement tests.; Symlink/hard-link/junction/mount/special-file adversarial tests.
tests/fixtures/fixture.schema.json,create,T29.1.1,E29 Governed adversarial corpora and differential verification,P1,"Version provenance, bounds, oracle, sensitivity, and cleanup fields.",PROPOSED PATH UNDER EXISTING REPOSITORY AREA,Preserve public imports/config/CLI/data through introduce → dual-support → migrate → verify → deprecate → remove where applicable.,Fixture-schema and provenance validation tests.; Generator determinism and bound-enforcement tests.; Symlink/hard-link/junction/mount/special-file adversarial tests.
tests/fixtures/plugins/,create,T29.1.3,E29 Governed adversarial corpora and differential verification,P1,Store benign and inert hostile plugin packages with descriptors and expected outcomes.,PROPOSED PATH UNDER EXISTING REPOSITORY AREA,Preserve public imports/config/CLI/data through introduce → dual-support → migrate → verify → deprecate → remove where applicable.,Descriptor/schema/version compatibility tests.; Capability request/grant/denial tests.; Crash/hang/cancel/timeout/descendant tests.
tests/fixtures/scenarios/,create,T29.1.4,E29 Governed adversarial corpora and differential verification,P1,"Store declarative state, event, control, lease, checkpoint, and concurrency scenarios.",PROPOSED PATH UNDER EXISTING REPOSITORY AREA,Preserve public imports/config/CLI/data through introduce → dual-support → migrate → verify → deprecate → remove where applicable.,Scenario-schema and schedule-determinism tests.; Transition/control race and idempotency tests.; Lease/fence/stale-result tests.
tests/fixtures/source_mutation/,create,T29.1.1,E29 Governed adversarial corpora and differential verification,P1,Define barrier-driven source mutation scenarios.,PROPOSED PATH UNDER EXISTING REPOSITORY AREA,Preserve public imports/config/CLI/data through introduce → dual-support → migrate → verify → deprecate → remove where applicable.,Fixture-schema and provenance validation tests.; Generator determinism and bound-enforcement tests.; Symlink/hard-link/junction/mount/special-file adversarial tests.
tests/fixtures/state_sequences/,create,T5.1.4,"E5 Explicit lifecycle state machines, attempts, and fencing",P0,Store minimized regression sequences.,PROPOSED PATH UNDER EXISTING REPOSITORY AREA,Preserve public imports/config/CLI/data through introduce → dual-support → migrate → verify → deprecate → remove where applicable.,Property-based transition sequence tests.; Concurrency and compare-and-set tests.; Crash/restart fault injection.
tests/fixtures/v0_1/,create,T2.1.1,E2 Deterministic current-behavior characterization,P0,Store sanitized baseline inputs by version.,PROPOSED PATH UNDER EXISTING REPOSITORY AREA,Preserve public imports/config/CLI/data through introduce → dual-support → migrate → verify → deprecate → remove where applicable.,JSON schema validation tests.; Property tests for normalization idempotency.; Negative tests for path escape and unsafe cleanup declarations.
tests/fixtures/v0_1/adversarial/,create,T2.1.3,E2 Deterministic current-behavior characterization,P0,"Store bounded path, archive, mutation, and analyzer fixtures.",PROPOSED PATH UNDER EXISTING REPOSITORY AREA,Preserve public imports/config/CLI/data through introduce → dual-support → migrate → verify → deprecate → remove where applicable.,Barrier-controlled TOCTOU tests.; Adversarial archive corpus tests.; Malformed analyzer-output tests.
tests/fuzz/,create,"T24.1.2, T29.1.6","E24 Continuous quality, packaging, benchmarks, and release evidence; E29 Governed adversarial corpora and differential verification",P1,"Host parsers/protocol/archive/config/event/API fuzz harnesses.; Host bounded fuzz harnesses for parsers, protocols, config, events, archives, and APIs.",PROPOSED PATH UNDER EXISTING REPOSITORY AREA,Preserve public imports/config/CLI/data through introduce → dual-support → migrate → verify → deprecate → remove where applicable.,CI self-tests and marker selection tests.; Fault/crash/replay suite integration.; Fuzz harness smoke and corpus regression tests.
tests/generators/archive_cases.py,create,T29.1.2,E29 Governed adversarial corpora and differential verification,P1,"Generate bounded nested, high-ratio, member-flood, and sparse cases.",PROPOSED PATH UNDER EXISTING REPOSITORY AREA,Preserve public imports/config/CLI/data through introduce → dual-support → migrate → verify → deprecate → remove where applicable.,Fixture-schema and generator-bound tests.; ZIP/TAR traversal and absolute-path tests.; Link/device/FIFO/special-member tests.
tests/generators/filesystem_cases.py,create,T29.1.1,E29 Governed adversarial corpora and differential verification,P1,Generate large/bounded trees and platform-specific cases deterministically.,PROPOSED PATH UNDER EXISTING REPOSITORY AREA,Preserve public imports/config/CLI/data through introduce → dual-support → migrate → verify → deprecate → remove where applicable.,Fixture-schema and provenance validation tests.; Generator determinism and bound-enforcement tests.; Symlink/hard-link/junction/mount/special-file adversarial tests.
tests/helpers/source_mutator.py,create,T30.1.2,E30 Advanced invariant proofs and production qualification,P1,Apply bounded path/content/link/root/mount mutations at named barriers.,PROPOSED PATH UNDER EXISTING REPOSITORY AREA,Preserve public imports/config/CLI/data through introduce → dual-support → migrate → verify → deprecate → remove where applicable.,Barrier and source-mutator determinism tests.; Content/path/link/root/mount/inode mutation tests.; Cross-platform handle/object-identity tests.
tests/integration/test_concurrency_scenarios.py,create,T29.1.4,E29 Governed adversarial corpora and differential verification,P1,Execute multi-process scenarios against StateStore and runtime services.,PROPOSED PATH UNDER EXISTING REPOSITORY AREA,Preserve public imports/config/CLI/data through introduce → dual-support → migrate → verify → deprecate → remove where applicable.,Scenario-schema and schedule-determinism tests.; Transition/control race and idempotency tests.; Lease/fence/stale-result tests.
tests/integration/test_daemon_recovery.py,create,T19.1.4,E19 Long-running local runtime ownership,P1,"Exercise multi-process control, kill, restart, and ownership scenarios.",PROPOSED PATH UNDER EXISTING REPOSITORY AREA,Preserve public imports/config/CLI/data through introduce → dual-support → migrate → verify → deprecate → remove where applicable.,Signal/drain unit tests.; Kill/restart integration tests.; Orphan identity negative tests.
tests/integration/test_recovery_matrix.py,create,T18.1.4,"E18 Retry, timeout, idempotency, reconciliation, and crash recovery",P1,Run multi-process kill/restart and replay scenarios.,PROPOSED PATH UNDER EXISTING REPOSITORY AREA,Preserve public imports/config/CLI/data through introduce → dual-support → migrate → verify → deprecate → remove where applicable.,Fault-injection unit tests.; Multi-process crash/restart integration tests.; Replay/idempotency property tests.
tests/integration/test_service_failure_matrix.py,create,T28.1.5,E28 Hermetic test laboratory and platform emulation,P1,"Verify outage, delay, duplicate, reorder, corruption, and recovery.",PROPOSED PATH UNDER EXISTING REPOSITORY AREA,Preserve public imports/config/CLI/data through introduce → dual-support → migrate → verify → deprecate → remove where applicable.,"Scenario parser and deterministic sequencing tests.; Double/native differential tests.; Outage, delay, reset, restart, duplicate, reorder, poison, and DLQ tests."
tests/integrations/test_mcp_commands.py,create,T27.1.2,E27 Bounded MCP and operator interfaces,P3,"Exercise replay, stale state, prompt injection, confirmation, and authority assertions.",PROPOSED PATH UNDER EXISTING REPOSITORY AREA,Preserve public imports/config/CLI/data through introduce → dual-support → migrate → verify → deprecate → remove where applicable.,Authority-path integration tests.; Stored/indirect prompt-injection tests.; Replay/stale/confirmation race tests.
tests/integrations/test_mcp_read_tools.py,create,T27.1.1,E27 Bounded MCP and operator interfaces,P3,"Validate schemas, authority, hostile content, and compatibility.",PROPOSED PATH UNDER EXISTING REPOSITORY AREA,Preserve public imports/config/CLI/data through introduce → dual-support → migrate → verify → deprecate → remove where applicable.,Tool/resource schema tests.; Prompt-injection and confused-deputy negative tests.; Hallucinated/stale ID tests.
tests/lab/controller.py,create,T28.1.1,E28 Hermetic test laboratory and platform emulation,P1,"Own deterministic lane planning, provisioning, teardown, and evidence collection.",PROPOSED PATH UNDER EXISTING REPOSITORY AREA,Preserve public imports/config/CLI/data through introduce → dual-support → migrate → verify → deprecate → remove where applicable.,"Environment-schema validation and compatibility tests.; Dry-run determinism and lane-selection property tests.; Path containment, symlink, mount, and concurrent-lock negative tests."
tests/lab/environment.schema.json,create,T28.1.1,E28 Hermetic test laboratory and platform emulation,P1,"Version OS, runtime, filesystem, service, isolation, and assurance facts.",PROPOSED PATH UNDER EXISTING REPOSITORY AREA,Preserve public imports/config/CLI/data through introduce → dual-support → migrate → verify → deprecate → remove where applicable.,"Environment-schema validation and compatibility tests.; Dry-run determinism and lane-selection property tests.; Path containment, symlink, mount, and concurrent-lock negative tests."
tests/lab/environments/,create,T28.1.1,E28 Hermetic test laboratory and platform emulation,P1,Store declarative native and emulated lane definitions.,PROPOSED PATH UNDER EXISTING REPOSITORY AREA,Preserve public imports/config/CLI/data through introduce → dual-support → migrate → verify → deprecate → remove where applicable.,"Environment-schema validation and compatibility tests.; Dry-run determinism and lane-selection property tests.; Path containment, symlink, mount, and concurrent-lock negative tests."
tests/lab/environments/isolation/,create,T28.1.4,E28 Hermetic test laboratory and platform emulation,P1,"Declare rootless container, namespace/cgroup, Job Object, and reduced-assurance lanes.",PROPOSED PATH UNDER EXISTING REPOSITORY AREA,Preserve public imports/config/CLI/data through introduce → dual-support → migrate → verify → deprecate → remove where applicable.,Capability-probe and policy-decision tests.; Benign backend semantic conformance tests.; Filesystem/network/environment/secret negative tests.
tests/lab/environments/linux/,create,T28.1.2,E28 Hermetic test laboratory and platform emulation,P1,Define native and emulated Linux filesystem/kernel lanes.,PROPOSED PATH UNDER EXISTING REPOSITORY AREA,Preserve public imports/config/CLI/data through introduce → dual-support → migrate → verify → deprecate → remove where applicable.,"Capability-probe unit tests.; Symlink, hard-link, bind-mount, root-replacement, inode-reuse, and special-file tests.; Atomic rename/no-replace/fsync crash tests."
tests/lab/environments/macos/,create,T28.1.3,E28 Hermetic test laboratory and platform emulation,P1,Define native APFS and process-control lanes.,PROPOSED PATH UNDER EXISTING REPOSITORY AREA,Preserve public imports/config/CLI/data through introduce → dual-support → migrate → verify → deprecate → remove where applicable.,Canonical path-vector unit/property tests.; Native junction/reparse/symlink/root-swap tests.; Case-folding and Unicode-normalization collision tests.
tests/lab/environments/windows/,create,T28.1.3,E28 Hermetic test laboratory and platform emulation,P1,Define native Windows filesystem and Job Object lanes.,PROPOSED PATH UNDER EXISTING REPOSITORY AREA,Preserve public imports/config/CLI/data through introduce → dual-support → migrate → verify → deprecate → remove where applicable.,Canonical path-vector unit/property tests.; Native junction/reparse/symlink/root-swap tests.; Case-folding and Unicode-normalization collision tests.
tests/lab/services/,create,T28.1.5,E28 Hermetic test laboratory and platform emulation,P1,"Define pinned SQLite, RabbitMQ, fake HTTP/webhook, and optional adapter lanes.",PROPOSED PATH UNDER EXISTING REPOSITORY AREA,Preserve public imports/config/CLI/data through introduce → dual-support → migrate → verify → deprecate → remove where applicable.,"Scenario parser and deterministic sequencing tests.; Double/native differential tests.; Outage, delay, reset, restart, duplicate, reorder, poison, and DLQ tests."
tests/lineage/,create,T13.1.4,E13 Structural and extraction lineage contracts,P1,Enforce graph invariants and PDF model completeness.,PROPOSED PATH UNDER EXISTING REPOSITORY AREA,Preserve public imports/config/CLI/data through introduce → dual-support → migrate → verify → deprecate → remove where applicable.,Reuse-key unit/property tests.; Deterministic/non-deterministic inspector tests.; Bidirectional lineage integration tests.
tests/metamorphic/,create,T29.1.6,E29 Governed adversarial corpora and differential verification,P1,Assert transformations that must preserve or predictably change results.,PROPOSED PATH UNDER EXISTING REPOSITORY AREA,Preserve public imports/config/CLI/data through introduce → dual-support → migrate → verify → deprecate → remove where applicable.,Property-oracle and deliberate-mutant tests.; Fuzz harness smoke and seed-replay tests.; Limit/timeout/OOM/output containment tests.
tests/model/scenario.schema.json,create,T29.1.4,E29 Governed adversarial corpora and differential verification,P1,"Version initial state, actors, barriers, commands, faults, and expected durable outcomes.",PROPOSED PATH UNDER EXISTING REPOSITORY AREA,Preserve public imports/config/CLI/data through introduce → dual-support → migrate → verify → deprecate → remove where applicable.,Scenario-schema and schedule-determinism tests.; Transition/control race and idempotency tests.; Lease/fence/stale-result tests.
tests/model/test_model_trace_replay.py,create,T30.1.1,E30 Advanced invariant proofs and production qualification,P2,Replay counterexamples against the executable state-machine implementation.,PROPOSED PATH UNDER EXISTING REPOSITORY AREA,Preserve public imports/config/CLI/data through introduce → dual-support → migrate → verify → deprecate → remove where applicable.,Model syntax/type and invariant self-tests.; Deliberately broken model tests that must produce counterexamples.; State-space bound and timeout tests.
tests/persistence/test_postgres_conformance.py,create,T25.1.3,E25 Measured optional PostgreSQL and object-storage adapters,P3,"Run full conformance, fault, migration, and load suites.",PROPOSED PATH UNDER EXISTING REPOSITORY AREA,Preserve public imports/config/CLI/data through introduce → dual-support → migrate → verify → deprecate → remove where applicable.,StateStore conformance suite.; Network/failover/deadlock fault tests.; Pool/contention/load tests.
tests/platform/linux/,create,T28.1.2,E28 Hermetic test laboratory and platform emulation,P1,"Host link, mount, atomicity, durability, special-file, and resource-control tests.",PROPOSED PATH UNDER EXISTING REPOSITORY AREA,Preserve public imports/config/CLI/data through introduce → dual-support → migrate → verify → deprecate → remove where applicable.,"Capability-probe unit tests.; Symlink, hard-link, bind-mount, root-replacement, inode-reuse, and special-file tests.; Atomic rename/no-replace/fsync crash tests."
tests/platform/macos/,create,T28.1.3,E28 Hermetic test laboratory and platform emulation,P1,"Test Unicode, APFS case modes, links, locks, and process cleanup.",PROPOSED PATH UNDER EXISTING REPOSITORY AREA,Preserve public imports/config/CLI/data through introduce → dual-support → migrate → verify → deprecate → remove where applicable.,Canonical path-vector unit/property tests.; Native junction/reparse/symlink/root-swap tests.; Case-folding and Unicode-normalization collision tests.
tests/platform/windows/,create,T28.1.3,E28 Hermetic test laboratory and platform emulation,P1,"Test path, reparse, case, lock, rename, and process semantics.",PROPOSED PATH UNDER EXISTING REPOSITORY AREA,Preserve public imports/config/CLI/data through introduce → dual-support → migrate → verify → deprecate → remove where applicable.,Canonical path-vector unit/property tests.; Native junction/reparse/symlink/root-swap tests.; Case-folding and Unicode-normalization collision tests.
tests/proofs/test_content_store_reuse.py,create,T30.1.4,E30 Advanced invariant proofs and production qualification,P2,Verify staged no-replace content commits and exact-key result reuse.,PROPOSED PATH UNDER EXISTING REPOSITORY AREA,Preserve public imports/config/CLI/data through introduce → dual-support → migrate → verify → deprecate → remove where applicable.,Concurrent staged/no-replace write tests.; Partial/corrupt/pre-existing object and collision-path tests.; Reuse-key hit/miss/invalidation property tests.
tests/proofs/test_derivation_contention.py,create,T30.1.4,E30 Advanced invariant proofs and production qualification,P2,"Exercise concurrent writers, derivations, references, and cleanup.",PROPOSED PATH UNDER EXISTING REPOSITORY AREA,Preserve public imports/config/CLI/data through introduce → dual-support → migrate → verify → deprecate → remove where applicable.,Concurrent staged/no-replace write tests.; Partial/corrupt/pre-existing object and collision-path tests.; Reuse-key hit/miss/invalidation property tests.
tests/proofs/test_intake_source_races.py,create,T30.1.2,E30 Advanced invariant proofs and production qualification,P1,Execute deterministic source mutation barriers and assert exact outcomes.,PROPOSED PATH UNDER EXISTING REPOSITORY AREA,Preserve public imports/config/CLI/data through introduce → dual-support → migrate → verify → deprecate → remove where applicable.,Barrier and source-mutator determinism tests.; Content/path/link/root/mount/inode mutation tests.; Cross-platform handle/object-identity tests.
tests/proofs/test_outbox_crash_matrix.py,create,T30.1.3,E30 Advanced invariant proofs and production qualification,P1,"Exercise dispatch leases, duplicate delivery, ack ambiguity, and recovery.",PROPOSED PATH UNDER EXISTING REPOSITORY AREA,Preserve public imports/config/CLI/data through introduce → dual-support → migrate → verify → deprecate → remove where applicable.,Transactional rollback/commit boundary tests.; External SIGKILL crash matrix.; Outbox lease/fence and stale-dispatcher tests.
tests/proofs/test_publication_exactly_once_visible.py,create,T30.1.5,E30 Advanced invariant proofs and production qualification,P2,Verify idempotent observable publication effects and decision binding.,PROPOSED PATH UNDER EXISTING REPOSITORY AREA,Preserve public imports/config/CLI/data through introduce → dual-support → migrate → verify → deprecate → remove where applicable.,Decision/evidence/content binding tests.; Duplicate command/idempotency reservation tests.; Timeout-after-mutation and unknown-outcome reconciliation tests.
tests/proofs/test_state_event_atomicity.py,create,T30.1.3,E30 Advanced invariant proofs and production qualification,P1,Assert state transition and durable event commit together.,PROPOSED PATH UNDER EXISTING REPOSITORY AREA,Preserve public imports/config/CLI/data through introduce → dual-support → migrate → verify → deprecate → remove where applicable.,Transactional rollback/commit boundary tests.; External SIGKILL crash matrix.; Outbox lease/fence and stale-dispatcher tests.
tests/property/,create,"T24.1.2, T29.1.6","E24 Continuous quality, packaging, benchmarks, and release evidence; E29 Governed adversarial corpora and differential verification",P1,"Host state, identity, archive, event, and idempotency property tests.; Host state, identity, budget, replay, and configuration property tests.",PROPOSED PATH UNDER EXISTING REPOSITORY AREA,Preserve public imports/config/CLI/data through introduce → dual-support → migrate → verify → deprecate → remove where applicable.,CI self-tests and marker selection tests.; Fault/crash/replay suite integration.; Fuzz harness smoke and corpus regression tests.
tests/qualification/,create,T30.1.6,E30 Advanced invariant proofs and production qualification,P1,"Host release-candidate install, migration, failure, soak, and rollback scenarios.",PROPOSED PATH UNDER EXISTING REPOSITORY AREA,Preserve public imports/config/CLI/data through introduce → dual-support → migrate → verify → deprecate → remove where applicable.,Clean package install and entry-point smoke tests.; Predecessor upgrade/migration/mixed-version/rollback tests.; Backup/restore/corruption/failback disaster drills.
tests/security/test_deployment_identity_adapters.py,create,T27.1.4,E27 Bounded MCP and operator interfaces,P3,Validate selected policy and no-adapter local behavior.,PROPOSED PATH UNDER EXISTING REPOSITORY AREA,Preserve public imports/config/CLI/data through introduce → dual-support → migrate → verify → deprecate → remove where applicable.,Threat-model and requirement review.; Local no-adapter behavior tests.; Selected auth/policy adapter conformance tests.
tests/security/test_filesystem_authority.py,create,T10.1.4,E10 Canonical race-resistant source access,P0,Prove attribution and containment.,PROPOSED PATH UNDER EXISTING REPOSITORY AREA,Preserve public imports/config/CLI/data through introduce → dual-support → migrate → verify → deprecate → remove where applicable.,Static architecture test.; End-to-end access-attribution tests.; Legacy bypass negative tests.
tests/soak/,create,T24.1.4,"E24 Continuous quality, packaging, benchmarks, and release evidence",P1,"Exercise long-running concurrent jobs, retries, events, storage, and cleanup.",PROPOSED PATH UNDER EXISTING REPOSITORY AREA,Preserve public imports/config/CLI/data through introduce → dual-support → migrate → verify → deprecate → remove where applicable.,Benchmark determinism/schema tests.; Representative workload smoke/regression tests.; Soak/leak/backlog tests.
tests/state_machine/,create,T5.1.4,"E5 Explicit lifecycle state machines, attempts, and fencing",P0,Host model-based and property tests.,PROPOSED PATH UNDER EXISTING REPOSITORY AREA,Preserve public imports/config/CLI/data through introduce → dual-support → migrate → verify → deprecate → remove where applicable.,Property-based transition sequence tests.; Concurrency and compare-and-set tests.; Crash/restart fault injection.
tests/storage/test_object_store_conformance.py,create,T25.1.4,E25 Measured optional PostgreSQL and object-storage adapters,P3,Run conformance with deterministic fake and approved integration provider.,PROPOSED PATH UNDER EXISTING REPOSITORY AREA,Preserve public imports/config/CLI/data through introduce → dual-support → migrate → verify → deprecate → remove where applicable.,ContentStore conformance suite.; Timeout/unknown upload/reconciliation tests.; Consistency visibility tests.
tests/telemetry/,create,T20.1.2,"E20 Canonical status, telemetry, health, and diagnostics",P1,"Validate adapters, outage behavior, and cardinality policy.",PROPOSED PATH UNDER EXISTING REPOSITORY AREA,Preserve public imports/config/CLI/data through introduce → dual-support → migrate → verify → deprecate → remove where applicable.,Metric catalog/schema tests.; No-op/exporter conformance tests.; Exporter outage/slow sink tests.
tests/ui/,create,T27.1.3,E27 Bounded MCP and operator interfaces,P3,"Validate authority labels, stale state, accessibility, encoding, and command paths.",PROPOSED PATH UNDER EXISTING REPOSITORY AREA,Preserve public imports/config/CLI/data through introduce → dual-support → migrate → verify → deprecate → remove where applicable.,Authority-label golden tests.; XSS/URL/content rendering tests.; Stale/replay command E2E tests.
ui/,create,T27.1.3,E27 Bounded MCP and operator interfaces,P3,Host the optional operator client with generated API types and secure rendering.,PROPOSED NEW SURFACE OR SYMBOL,Preserve public imports/config/CLI/data through introduce → dual-support → migrate → verify → deprecate → remove where applicable.,Authority-label golden tests.; XSS/URL/content rendering tests.; Stale/replay command E2E tests.
workspaces migration,create,T11.1.1,"E11 Quarantine, recursive archive budgets, and controlled materialization",P0,"Persist workspace identity, root, quota, status, and ownership.",PROPOSED NEW SURFACE OR SYMBOL,Preserve public imports/config/CLI/data through introduce → dual-support → migrate → verify → deprecate → remove where applicable.,Workspace lifecycle unit tests.; Overlap/symlink/reparse containment tests.; Disk-full/quota tests.
